Log file created at 2026-10-03 19:20:42
2026-10-03T19:20:46 set_speed: low
2026-10-03T19:47:25 set_joint_position: [-2.9465643142146845, -0.509049988491347, 0.051645546455529115, -2.3164902629264654, 0.236135325713488, 0.8967340405418789, 1.3916984520745934]
2026-10-03T19:47:26 set_joint_position: [-2.9402303189015484, -0.5299099430659481, 0.05335206419907358, -2.294545232294749, 0.24971657520966542, 0.8884588343771113, 1.3950511951558164]
2026-10-03T19:47:26 set_joint_position: [-2.9341775173359776, -0.5504397934063185, 0.054816742076619525, -2.272077734439694, 0.26283626128179777, 0.8793404966096544, 1.3983830621668247]
2026-10-03T19:47:27 set_joint_position: [-2.9283795609991308, -0.5706617426541859, 0.0560457542400938, -2.2491081328593006, 0.27555474198171226, 0.8694259957647109, 1.401657244313474]
2026-10-03T19:47:28 set_joint_position: [-2.922813232817729, -0.5906067675255596, 0.057044155238172814, -2.225652096986822, 0.2879299259026821, 0.8587537413078108, 1.4048498830664355]
2026-10-03T19:47:29 set_joint_position: [-2.9174543179635517, -0.6103021851471349, 0.05781418954261707, -2.2017171107844833, 0.3000142416206321, 0.8473618533585242, 1.4079390018154687]
2026-10-03T19:47:29 set_joint_position: [-2.9122770035174965, -0.6297729418124948, 0.05835847183769196, -2.1773191431774803, 0.3118562012697476, 0.8352845304212517, 1.410908290863624]
2026-10-03T19:47:30 set_joint_position: [-2.907258561487633, -0.6490421569825784, 0.058671093808487305, -2.152466173541402, 0.3235065145021043, 0.8225506148439025, 1.4137408316483673]
2026-10-03T19:47:31 set_joint_position: [-2.9023755256481123, -0.6681355184725775, 0.058748346875329566, -2.127161767977321, 0.3350054511679565, 0.8091881352601155, 1.4164244575302325]
2026-10-03T19:47:32 set_joint_position: [-2.897600939303319, -0.6870727187307741, 0.05858078720671484, -2.10141272339731, 0.34640360134726705, 0.7952176654734239, 1.4189466785915867]
2026-10-03T19:47:32 set_joint_position: [-2.892914776700022, -0.7058793233763861, 0.05816024069060969, -2.0752232608145698, 0.3577350906252519, 0.7806659559241348, 1.4213025580585597]
2026-10-03T19:47:33 set_joint_position: [-2.888290949954162, -0.7245701415853335, 0.05746933711314245, -2.0485931602490135, 0.36905029108912873, 0.7655425184121488, 1.423480882599959]
2026-10-03T19:47:34 set_joint_position: [-2.8837106821911327, -0.7431715162216672, 0.056494282721385444, -2.0215196380868674, 0.3803807721055444, 0.7498676791771959, 1.4254805751846766]
2026-10-03T19:47:35 set_joint_position: [-2.879142718323358, -0.7616983793692774, 0.05521466024654215, -1.9940031663669155, 0.3917744530301208, 0.7336471044207626, 1.4272927254485792]
2026-10-03T19:47:35 set_joint_position: [-2.8745663556301806, -0.7801744097777344, 0.05360776024728149, -1.9660419345002065, 0.40327114464691866, 0.716891017362272, 1.42891868354325]
2026-10-03T19:47:36 set_joint_position: [-2.869954934590836, -0.7986158515601535, 0.05164437889444035, -1.9376238710611355, 0.41491545138677355, 0.699601183112163, 1.4303527871621797]
2026-10-03T19:47:37 set_joint_position: [-2.865283006491554, -0.8170420240530156, 0.04929610557199311, -1.908747218576615, 0.42674709638681646, 0.681780061584554, 1.4315979241084167]
2026-10-03T19:47:38 set_joint_position: [-2.8605254004296894, -0.8354726201568466, 0.04652496263168936, -1.8794035793541912, 0.43881351674678637, 0.6634229622686614, 1.432655758256246]
2026-10-03T19:47:39 set_joint_position: [-2.8556488489120664, -0.8539279819742541, 0.043290629580350834, -1.849572110991912, 0.4511620169017777, 0.6445231751471814, 1.4335262415122407]
2026-10-03T19:47:39 set_joint_position: [-2.8506268316910264, -0.8724255929202612, 0.03954485706442477, -1.8192509099536425, 0.4638440144690773, 0.6250706315920334, 1.434217984269452]
2026-10-03T19:47:47 set_joint_position: [-2.853212162443005, -0.8789721551713057, 0.03401609590553235, -1.7904428571521394, 0.4657786624005442, 0.6021355340012813, 1.426918183817211]
2026-10-03T19:47:48 set_joint_position: [-2.8554986897717063, -0.885410230012094, 0.028238812980522582, -1.7613435506637953, 0.4679891098289041, 0.5791784494502823, 1.419808147097189]
2026-10-03T19:47:49 set_joint_position: [-2.8574113042383336, -0.8922544564604403, 0.02208738012480022, -1.7318738626052348, 0.4706362617467947, 0.5561572018440604, 1.4128588542389235]
2026-10-03T19:47:49 set_joint_position: [-2.8589418959330115, -0.8995149157351188, 0.015508386654873625, -1.7020053601746659, 0.4737286554116227, 0.5330318825683314, 1.4060776799240828]
2026-10-03T19:47:50 set_joint_position: [-2.8600841982921863, -0.9071916357556873, 0.008452171274125795, -1.6717209056201099, 0.47727417643470665, 0.5097784497006138, 1.399488694364377]
2026-10-03T19:47:51 set_joint_position: [-2.8608301995928054, -0.9152925572349759, 0.000864264639561375, -1.6409955980825754, 0.481276729703052, 0.48636230181489176, 1.3931177461244428]
2026-10-03T19:47:51 set_joint_position: [-2.8611704494444075, -0.9238251395918622, -0.007320144699034946, -1.6098074359271464, 0.4857419414084376, 0.4627491275055227, 1.3869937839209978]
2026-10-03T19:47:59 set_joint_position: [-2.8630488412264015, -0.9401304884271238, -0.015030659159066786, -1.5728263463958543, 0.48838642889261924, 0.44006046749641053, 1.3823549964077781]
2026-10-03T19:47:59 set_joint_position: [-2.8644988140521406, -0.9571203877889626, -0.02353521674314294, -1.5349698416729156, 0.491723663790231, 0.4168091030688172, 1.377952436481894]
2026-10-03T19:48:00 set_joint_position: [-2.8647399237107662, -0.9625386412591541, -0.02617600698586779, -1.523520134431, 0.4928531746402568, 0.40962434118177227, 1.3766994350787314]
2026-10-03T19:48:01 set_joint_position: [-2.8634520016674228, -0.9462378828853267, -0.017351825624429607, -1.5617388928468365, 0.489243551718042, 0.4327777844319789, 1.3810616435361545]
2026-10-03T19:48:02 set_joint_position: [-2.8617898495095213, -0.930136903839215, -0.009351717294120297, -1.599250298958229, 0.48631280044559133, 0.4555927728407879, 1.38568501563601]
2026-10-03T19:48:03 set_joint_position: [-2.8611499696668328, -0.9254501200697999, -0.0070076262783815456, -1.610453169825373, 0.4855316965788276, 0.4623232113777344, 1.3871433011064143]
2026-10-03T19:50:42 set_speed: medium
2026-10-03T20:09:32 set_cartesian_trajectory (1 waypoints): [0.7539301096972397, -0.12968963364451006, 0.1502370890821311] [0.5137770856581858, 0.6241315799800474, 0.4158803317974959, 0.4165770357907356]
2026-10-03T20:09:33 set_cartesian_trajectory (4 waypoints): [0.7563443061347865, -0.12946155528242886, 0.1497212989738868] [0.5138471928265117, 0.6241775687907865, 0.4158219479696754, 0.4164799306442524]; [0.7588090055457877, -0.12924691756597162, 0.14936187239712206] [0.5138471928265117, 0.6241775687907865, 0.4158219479696754, 0.4164799306442524]; [0.7612737049567887, -0.12903227984951435, 0.1490024458203573] [0.5138471928265117, 0.6241775687907865, 0.4158219479696754, 0.4164799306442524]; [0.7637384043677898, -0.1288176421330571, 0.14864301924359255] [0.5138471928265117, 0.6241775687907865, 0.4158219479696754, 0.4164799306442524]
2026-10-03T20:09:35 set_cartesian_trajectory (1 waypoints): [0.7538796067237854, -0.1296761929988861, 0.15008072555065155] [0.5139367168613408, 0.6242319451234533, 0.4157652614151174, 0.41634454139521876]
2026-10-03T20:09:36 set_cartesian_trajectory (1 waypoints): [0.7526096105575562, -0.12927460670471191, 0.1449902355670929] [0.5149600669992611, 0.6248503458213176, 0.414391397879222, 0.4155212919776803]
2026-10-03T20:10:01 set_cartesian_trajectory (1 waypoints): [0.7539027657421227, -0.12967323481881574, 0.15001164518924978] [0.513453003048444, 0.6243255155054475, 0.41612650907554516, 0.41644014311061817]
2026-10-03T20:10:02 set_cartesian_trajectory (5 waypoints): [0.7568129252768043, -0.12943310817488018, 0.1494300985567077] [0.513529700471155, 0.6243605492724164, 0.4160641779456675, 0.41635531829994443]; [0.7597703837109574, -0.12917287211434017, 0.14899935309734022] [0.513529700471155, 0.6243605492724164, 0.4160641779456675, 0.41635531829994443]; [0.7627278421451104, -0.12891263605380013, 0.14856860763797278] [0.513529700471155, 0.6243605492724164, 0.4160641779456675, 0.41635531829994443]; [0.7656853005792634, -0.1286523999932601, 0.1481378621786053] [0.513529700471155, 0.6243605492724164, 0.4160641779456675, 0.41635531829994443]; [0.7686427590134164, -0.12839216393272007, 0.14770711671923786] [0.513529700471155, 0.6243605492724164, 0.4160641779456675, 0.41635531829994443]
2026-10-03T20:10:03 set_cartesian_trajectory (1 waypoints): [0.7538553476333618, -0.1296936720609665, 0.14986084401607513] [0.5136666796972602, 0.6244242746310894, 0.41594125940033433, 0.416213570356246]
2026-10-03T20:10:05 set_cartesian_trajectory (1 waypoints): [0.7525570392608643, -0.12925878167152405, 0.14478343725204468] [0.5150454589416172, 0.6248954460482073, 0.41433648472570633, 0.415402376205259]
2026-10-03T20:11:47 set_cartesian_trajectory (6 waypoints): [0.7581473970146947, -0.13176995668551994, 0.13923646884554622] [0.5151501920033178, 0.6249480504883991, 0.41424639749275255, 0.41528319979740397]; [0.7606066035691843, -0.13155262477679397, 0.13884267960774893] [0.5151501920033178, 0.6249480504883991, 0.41424639749275255, 0.41528319979740397]; [0.7630658101236738, -0.131335292868068, 0.13844889036995167] [0.5151501920033178, 0.6249480504883991, 0.41424639749275255, 0.41528319979740397]; [0.7655250166781634, -0.13111796095934206, 0.13805510113215438] [0.5151501920033178, 0.6249480504883991, 0.41424639749275255, 0.41528319979740397]; [0.767984223232653, -0.13090062905061609, 0.1376613118943571] [0.5151501920033178, 0.6249480504883991, 0.41424639749275255, 0.41528319979740397]; [0.7704434297871426, -0.13068329714189011, 0.1372675226565598] [0.5151501920033178, 0.6249480504883991, 0.41424639749275255, 0.41528319979740397]
2026-10-03T20:11:48 set_cartesian_trajectory (1 waypoints): [0.7556881904602051, -0.1319872885942459, 0.1396302580833435] [0.5152873920330756, 0.6250429923545683, 0.4141179609332845, 0.4150981519504235]
2026-10-03T20:12:18 set_cartesian_trajectory (5 waypoints): [0.7585802332285688, -0.13172843883219149, 0.1389906705718665] [0.5153632926504419, 0.6250906283321048, 0.4140525009336598, 0.4149974812338637]; [0.7615331919438929, -0.13146590848332218, 0.13853141691315746] [0.5153632926504419, 0.6250906283321048, 0.4140525009336598, 0.4149974812338637]; [0.7644861506592171, -0.13120337813445285, 0.1380721632544484] [0.5153632926504419, 0.6250906283321048, 0.4140525009336598, 0.4149974812338637]; [0.7674391093745412, -0.13094084778558354, 0.13761290959573935] [0.5153632926504419, 0.6250906283321048, 0.4140525009336598, 0.4149974812338637]; [0.7703920680898654, -0.13067831743671424, 0.1371536559370303] [0.5153632926504419, 0.6250906283321048, 0.4140525009336598, 0.4149974812338637]
2026-10-03T20:12:20 set_cartesian_trajectory (1 waypoints): [0.7556271553039551, -0.13199152052402496, 0.13944992423057556] [0.5155127750261943, 0.6251902274510525, 0.4139168225785874, 0.4147970856586867]
2026-10-03T20:13:17 set_cartesian_trajectory (5 waypoints): [0.7585244765813992, -0.13173117477974464, 0.1388185375037808] [0.5155825321161182, 0.6252408874503979, 0.4138501431389933, 0.41470054769774]; [0.761477587806353, -0.13146708884400463, 0.13836094301998988] [0.5155825321161182, 0.6252408874503979, 0.4138501431389933, 0.41470054769774]; [0.7644306990313069, -0.13120300290826464, 0.13790334853619896] [0.5155825321161182, 0.6252408874503979, 0.4138501431389933, 0.41470054769774]; [0.7673838102562607, -0.13093891697252463, 0.13744575405240805] [0.5155825321161182, 0.6252408874503979, 0.4138501431389933, 0.41470054769774]; [0.7703369214812146, -0.13067483103678465, 0.13698815956861712] [0.5155825321161182, 0.6252408874503979, 0.4138501431389933, 0.41470054769774]
2026-10-03T20:13:19 set_cartesian_trajectory (1 waypoints): [0.7555713653564453, -0.13199526071548462, 0.13927613198757172] [0.5156973007290176, 0.6253079525579304, 0.41374265876016586, 0.41456395261851114]
2026-10-03T20:13:48 set_cartesian_trajectory (5 waypoints): [0.7578849194247299, -0.13188108551849875, 0.1387409314599887] [0.5157610867314689, 0.62535555462935, 0.4136785714212299, 0.4144767439250154]; [0.7602527733244049, -0.13176014519433088, 0.13836858572309324] [0.5157610867314689, 0.62535555462935, 0.4136785714212299, 0.4144767439250154]; [0.7626206272240799, -0.13163920487016298, 0.13799623998619778] [0.5157610867314689, 0.62535555462935, 0.4136785714212299, 0.4144767439250154]; [0.7649884811237548, -0.1315182645459951, 0.13762389424930233] [0.5157610867314689, 0.62535555462935, 0.4136785714212299, 0.4144767439250154]; [0.7673563350234298, -0.13139732422182723, 0.13725154851240687] [0.5157610867314689, 0.62535555462935, 0.4136785714212299, 0.4144767439250154]
2026-10-03T20:13:49 set_cartesian_trajectory (1 waypoints): [0.7555170655250549, -0.13200202584266663, 0.13911327719688416] [0.5158969049113974, 0.6254144547960984, 0.4135707714273677, 0.41432639338559135]
2026-10-03T20:14:58 set_cartesian_trajectory (23 waypoints): [0.5006730348518919, -0.06618360576870698, 0.23970493192110565] [0.5151908481054133, 0.6249166984400513, 0.4139169075235786, 0.41560835374824734]; [0.5087708414895197, -0.06943529392962969, 0.23576075364419036] [0.5154625095778036, 0.6248483877854488, 0.4136865972717328, 0.41560352830481767]; [0.5168686481271476, -0.07268698209055238, 0.23181657536727507] [0.515734103250174, 0.6247799949430393, 0.4134562326066966, 0.41559864819605935]; [0.5249664547647754, -0.07593867025147509, 0.22787239709035978] [0.5160056290868009, 0.6247115199218186, 0.41322581355877086, 0.4155937134226143]; [0.5330642614024034, -0.0791903584123978, 0.2239282188134445] [0.5162770870519701, 0.6246429627307938, 0.4129953401582628, 0.41558872398513125]; [0.5411620680400312, -0.08244204657332051, 0.2199840405365292] [0.5165484771099759, 0.6245743233789818, 0.4127648124354871, 0.415583679884267]; [0.5492598746776591, -0.08569373473424322, 0.21603986225961389] [0.5168197992251217, 0.6245056018754115, 0.41253423042076587, 0.41557858112068446]; [0.557357681315287, -0.08894542289516591, 0.2120956839826986] [0.51709105336172, 0.6244367982291217, 0.412303594144428, 0.4155734276950546]; [0.5654554879529149, -0.09219711105608862, 0.2081515057057833] [0.5173622394840919, 0.6243679124491623, 0.41207290363680976, 0.41556821960805523]; [0.5735532945905427, -0.09544879921701133, 0.20420732742886802] [0.5176333575565678, 0.6242989445445941, 0.4118421589282542, 0.4155629568603714]; [0.5816511012281707, -0.09870048737793402, 0.20026314915195273] [0.5179044075434868, 0.6242298945244885, 0.41161136004911175, 0.4155576394526951]; [0.5897489078657985, -0.10195217553885674, 0.19631897087503744] [0.5181753894091972, 0.6241607623979281, 0.4113805070297402, 0.4155522673857262]; [0.5978467145034264, -0.10520386369977944, 0.19237479259812215] [0.5184463031180558, 0.6240915481740056, 0.4111495999005038, 0.4155468406601709]; [0.6059445211410542, -0.10845555186070215, 0.18843061432120686] [0.518717148634429, 0.6240222518618251, 0.41091863869177464, 0.415541359276743]; [0.6140423277786822, -0.11170724002162485, 0.18448643604429157] [0.5189879259226916, 0.6239528734705015, 0.41068762343393167, 0.41553582323616367]; [0.62214013441631, -0.11495892818254755, 0.18054225776737626] [0.5192586349472278, 0.62388341300916, 0.4104565541573604, 0.41553023253916105]; [0.6302379410539379, -0.11821061634347026, 0.17659807949046097] [0.5195292756724303, 0.6238138704869373, 0.41022543089245433, 0.4155245871864704]; [0.6383357476915659, -0.12146230450439296, 0.17265390121354568] [0.5197998480627015, 0.6237442459129798, 0.4099942536696136, 0.4155188871788344]; [0.6464335543291937, -0.12471399266531567, 0.1687097229366304] [0.5200703520824521, 0.6236745392964462, 0.40976302251924557, 0.4155131325170026]; [0.6545313609668215, -0.12796568082623838, 0.1647655446597151] [0.520340787696102, 0.6236047506465047, 0.4095317374717644, 0.41550732320173217]; [0.6626291676044495, -0.13121736898716108, 0.1608213663827998] [0.5206111548680803, 0.6235348799723348, 0.40930039855759176, 0.41550145923378695]; [0.6707269742420774, -0.13446905714808377, 0.15687718810588452] [0.520881453562825, 0.6234649272831267, 0.4090690058071561, 0.41549554061393834]; [0.6788247808797052, -0.1377207453090065, 0.15293300982896924] [0.5211516837447828, 0.6233948925880817, 0.4088375592508931, 0.41548956734296505]
2026-10-03T20:15:05 set_cartesian_trajectory (9 waypoints): [0.6877379105359529, -0.13678065127010297, 0.15150010862447907] [0.5211892165588051, 0.6229261755777146, 0.40903053987260113, 0.4159552833832861]; [0.6967001529276798, -0.13584947955360316, 0.1502441521187244] [0.5211420001640781, 0.6224143779206095, 0.4092808042709987, 0.41653400950939073]; [0.7056623953194067, -0.13491830783710335, 0.14898819561296972] [0.5210944389180012, 0.6219021683979512, 0.4095307978391088, 0.41711246000559926]; [0.7146246377111335, -0.13398713612060353, 0.14773223910721503] [0.5210465328520474, 0.6213895473486799, 0.4097805204115052, 0.4176906344891382]; [0.7235868801028604, -0.13305596440410375, 0.14647628260146037] [0.5209982819979165, 0.6208765151120091, 0.4100299718229406, 0.4182685325774163]; [0.7325491224945873, -0.13212479268760394, 0.14522032609570568] [0.5209496863875378, 0.6203630720274229, 0.4102791519083476, 0.4188461538880256]; [0.7415113648863141, -0.13119362097110412, 0.14396436958995099] [0.5209007460530677, 0.6198492184346787, 0.410528060502838, 0.41942349803874085]; [0.750473607278041, -0.1302624492546043, 0.14270841308419632] [0.5208514610268913, 0.6193349546738047, 0.41077669744170364, 0.4200005646475207]; [0.7594358496697678, -0.1293312775381045, 0.14145245657844163] [0.5208018313416213, 0.6188202810851008, 0.4110250625604157, 0.4205773533325074]
2026-10-03T20:15:08 set_cartesian_trajectory (4 waypoints): [0.7623601651531962, -0.12908850793614288, 0.14076486202827188] [0.520880713305765, 0.6188873680624445, 0.4109680421848854, 0.42043664976015127]; [0.7653223467553669, -0.1288947201683978, 0.1403313571761269] [0.520880713305765, 0.6188873680624445, 0.4109680421848854, 0.42043664976015127]; [0.7682845283575378, -0.12870093240065272, 0.13989785232398194] [0.520880713305765, 0.6188873680624445, 0.4109680421848854, 0.42043664976015127]; [0.7712467099597086, -0.12850714463290766, 0.13946434747183695] [0.520880713305765, 0.6188873680624445, 0.4109680421848854, 0.42043664976015127]
2026-10-03T20:15:10 set_cartesian_trajectory (1 waypoints): [0.7593979835510254, -0.12928229570388794, 0.14119836688041687] [0.520984577585489, 0.6189731449039637, 0.41087403123826227, 0.42027353742507473]
2026-10-03T20:15:11 set_cartesian_trajectory (30 waypoints): [0.7504391292730967, -0.12711264863610267, 0.14448270003000896] [0.5208502449491615, 0.6192151460025866, 0.41089715678534044, 0.42006089063743735]; [0.7415472706158955, -0.12489951997995377, 0.1479022314151128] [0.520646576776727, 0.6194151258250623, 0.41100990373189894, 0.4199082078551135]; [0.7326554119586944, -0.12268639132380485, 0.15132176280021667] [0.5204428474301108, 0.6196150328683916, 0.41112260238620774, 0.4197554757350197]; [0.7237635533014933, -0.12047326266765594, 0.15474129418532054] [0.5202390569332503, 0.6198148671090861, 0.4112352527350251, 0.4196026942951016]; [0.7148716946442922, -0.11826013401150703, 0.1581608255704244] [0.5200352053100905, 0.6200146285236658, 0.4113478547651149, 0.4194498635533104]; [0.705979835987091, -0.11604700535535813, 0.16158035695552825] [0.5198312925845832, 0.6202143170886597, 0.4114604084632469, 0.41929698352760314]; [0.6970879773298899, -0.11383387669920922, 0.16499988834063212] [0.5196273187806869, 0.6204139327806052, 0.41157291381619626, 0.4191440542359427]; [0.6881961186726888, -0.1116207480430603, 0.16841941972573599] [0.5194232839223685, 0.6206134755760476, 0.41168537081074424, 0.418991075696298]; [0.6793042600154877, -0.10940761938691139, 0.17183895111083985] [0.5192191880336011, 0.6208129454515418, 0.4117977794336774, 0.41883804792664314]; [0.6704124013582865, -0.10719449073076248, 0.1752584824959437] [0.5190150311383654, 0.6210123423836507, 0.41191013967178824, 0.41868497094495866]; [0.6615205427010854, -0.10498136207461357, 0.17867801388104756] [0.518810813260649, 0.6212116663489456, 0.4120224515118746, 0.4185318447692305]; [0.6526286840438843, -0.10276823341846467, 0.18209754526615143] [0.5186065344244468, 0.6214109173240069, 0.4121347149407404, 0.4183786694174503]; [0.6437368253866831, -0.10055510476231574, 0.18551707665125527] [0.5184021946537609, 0.6216100952854231, 0.41224692994519485, 0.4182254449076156]; [0.634844966729482, -0.09834197610616684, 0.18893660803635914] [0.5181977939726006, 0.6218092002097915, 0.41235909651205327, 0.41807217125773]; [0.6259531080722809, -0.09612884745001793, 0.192356139421463] [0.517993332404982, 0.6220082320737179, 0.4124712146281365, 0.4179188484858026]; [0.6170612494150798, -0.09391571879386902, 0.19577567080656688] [0.517788809974929, 0.6222071908538171, 0.4125832842802711, 0.4177654766098481]; [0.6081693907578787, -0.09170259013772011, 0.19919520219167075] [0.5175842267064721, 0.6224060765267119, 0.412695305455289, 0.4176120556478874]; [0.5992775321006775, -0.08948946148157119, 0.2026147335767746] [0.517379582623649, 0.6226048890690337, 0.41280727814002816, 0.41745858561794663]; [0.5903856734434764, -0.0872763328254223, 0.20603426496187846] [0.517174877750505, 0.6228036284574228, 0.4129192023213324, 0.4173050665380583]; [0.5814938147862753, -0.08506320416927338, 0.2094537963469823] [0.5169701121110918, 0.6230022946685283, 0.4130310779860508, 0.41715149842626015]; [0.572601956129074, -0.08285007551312447, 0.21287332773208617] [0.5167652857294691, 0.6232008876790074, 0.41314290512103874, 0.41699788130059623]; [0.563710097471873, -0.08063694685697556, 0.21629285911719004] [0.5165603986297029, 0.623399407465526, 0.41325468371315616, 0.4168442151791156]; [0.5548182388146718, -0.07842381820082664, 0.2197123905022939] [0.516355450835867, 0.6235978540047588, 0.41336641374927013, 0.41669050007987374]; [0.5459263801574707, -0.07621068954467773, 0.22313192188739778] [0.5161504423720421, 0.6237962272733892, 0.4134780952162525, 0.4165367360209316]; [0.5370345215002695, -0.07399756088852882, 0.22655145327250165] [0.5159453732623155, 0.6239945272481088, 0.41358972810098116, 0.4163829230203559]; [0.5281426628430684, -0.0717844322323799, 0.2299709846576055] [0.5157402435307828, 0.624192753905618, 0.41370131239033947, 0.4162290610962192]; [0.5192508041858673, -0.06957130357623101, 0.23339051604270936] [0.5155350532015457, 0.624390907222626, 0.4138128480712168, 0.41607515026659975]; [0.5103589455286661, -0.06735817492008209, 0.2368100474278132] [0.5153298022987133, 0.6245889871758503, 0.4139243351305082, 0.4159211905495816]; [0.501467086871465, -0.06514504626393318, 0.24022957881291707] [0.515124490846402, 0.6247869937420174, 0.41403577355511406, 0.4157671819632542]; [0.4925752282142639, -0.06293191760778427, 0.24364911019802094] [0.514919118868735, 0.6249849268978621, 0.4141471633319409, 0.4156131245257134]
2026-10-03T20:15:41 set_cartesian_trajectory (24 waypoints): [0.4972881697267697, -0.23087355020066486, 0.239175052520125] [0.5153954251421444, 0.6248703809352255, 0.41421283885688487, 0.41512924119909306]; [0.505019550055346, -0.22671233658831094, 0.23526972746151464] [0.5154895759076152, 0.6248098835904435, 0.41413550769457425, 0.41518054839411817]; [0.5127509303839224, -0.222551122975957, 0.2313644024029043] [0.5155837157772697, 0.6247493730391592, 0.41405816777875115, 0.4152318468135419]; [0.5204823107124987, -0.21838990936360309, 0.22745907734429394] [0.5156778447491172, 0.6246888492826526, 0.41398081911104984, 0.41528313645627957]; [0.5282136910410751, -0.21422869575124914, 0.22355375228568358] [0.515771962821169, 0.6246283123222024, 0.4139034616931055, 0.41533441732124726]; [0.5359450713696514, -0.2100674821388952, 0.21964842722707323] [0.515866069991435, 0.6245677621590884, 0.41382609552655286, 0.415385689407361]; [0.5436764516982279, -0.20590626852654126, 0.21574310216846287] [0.5159601662579264, 0.6245071987945903, 0.4137487206130277, 0.415436952713537]; [0.5514078320268042, -0.20174505491418734, 0.21183777710985255] [0.5160542516186547, 0.6244466222299881, 0.41367133695416514, 0.41548820723869206]; [0.5591392123553806, -0.19758384130183343, 0.2079324520512422] [0.5161483260716304, 0.6243860324665627, 0.4135939445516009, 0.41553945298174244]; [0.5668705926839569, -0.1934226276894795, 0.20402712699263184] [0.5162423896148657, 0.6243254295055943, 0.4135165434069708, 0.41559068994160503]; [0.5746019730125332, -0.18926141407712554, 0.2001218019340215] [0.5163364422463721, 0.624264813348364, 0.41343913352191086, 0.415641918117197]; [0.5823333533411096, -0.1851002004647716, 0.19621647687541113] [0.5164304839641617, 0.6242041839961531, 0.4133617148980573, 0.4156931375074352]; [0.5900647336696859, -0.1809389868524177, 0.19231115181680078] [0.516524514766247, 0.624143541450243, 0.41328428753704655, 0.41574434811123767]; [0.5977961139982623, -0.17677777324006375, 0.18840582675819043] [0.5166185346506399, 0.6240828857119155, 0.41320685144051505, 0.4157955499275213]; [0.6055274943268386, -0.17261655962770983, 0.18450050169958007] [0.5167125436153537, 0.6240222167824527, 0.4131294066100998, 0.4158467429552043]; [0.613258874655415, -0.1684553460153559, 0.18059517664096975] [0.516806541658401, 0.623961534663137, 0.41305195304743736, 0.4158979271932044]; [0.6209902549839914, -0.16429413240300195, 0.1766898515823594] [0.5169005287777952, 0.6239008393552511, 0.41297449075416515, 0.4159491026404395]; [0.6287216353125678, -0.16013291879064803, 0.17278452652374904] [0.5169945049715496, 0.6238401308600776, 0.4128970197319203, 0.41600026929582845]; [0.6364530156411441, -0.15597170517829412, 0.16887920146513868] [0.5170884702376778, 0.6237794091789, 0.4128195399823406, 0.41605142715828936]; [0.6441843959697204, -0.15181049156594018, 0.16497387640652833] [0.5171824245741938, 0.6237186743130014, 0.4127420515070634, 0.41610257622674124]; [0.6519157762982968, -0.14764927795358623, 0.16106855134791798] [0.5172763679791116, 0.6236579262636661, 0.41266455430772664, 0.4161537165001025]; [0.6596471566268731, -0.1434880643412323, 0.15716322628930762] [0.5173703004504455, 0.6235971650321777, 0.41258704838596844, 0.4162048479772925]; [0.6673785369554495, -0.13932685072887835, 0.15325790123069727] [0.5174642219862102, 0.6235363906198206, 0.41250953374342697, 0.4162559706572305]; [0.6751099172840258, -0.13516563711652443, 0.14935257617208691] [0.5175581325844205, 0.6234756030278794, 0.41243201038174065, 0.4163070845388358]
2026-10-03T20:15:48 set_cartesian_trajectory (9 waypoints): [0.6845446381035329, -0.1347102431838422, 0.14884087291102827] [0.5180440107211141, 0.6229695322086818, 0.41219563376125073, 0.4166942817028321]; [0.6940300172692303, -0.13426012960765937, 0.14851014011584163] [0.5184341169401314, 0.6224274590641509, 0.4120157050079879, 0.4171968161698045]; [0.7035153964349276, -0.13381001603147655, 0.148179407320655] [0.5188238442141877, 0.6218849309616198, 0.4118354750953878, 0.4176990456903508]; [0.7130007756006248, -0.13335990245529372, 0.14784867452546835] [0.5192131922584156, 0.621341948297645, 0.4116549441551877, 0.4182009698973708]; [0.7224861547663222, -0.1329097888791109, 0.1475179417302817] [0.5196021607882243, 0.6207985114691147, 0.4114741123193452, 0.418702588423987]; [0.7319715339320194, -0.13245967530292807, 0.14718720893509507] [0.5199907495193008, 0.6202546208732495, 0.41129297972003787, 0.4192039009035458]; [0.7414569130977167, -0.13200956172674524, 0.14685647613990843] [0.5203789581676092, 0.6197102769076017, 0.4111115464896629, 0.4197049069696173]; [0.750942292263414, -0.13155944815056242, 0.1465257433447218] [0.520766786449392, 0.6191654799700546, 0.4109298127608373, 0.42020560625599535]; [0.7604276714291113, -0.1311093345743796, 0.14619501054953515] [0.5211542340811691, 0.618620230458823, 0.41074777866639794, 0.4207059983966978]
2026-10-03T20:15:50 set_cartesian_trajectory (5 waypoints): [0.7627612713255805, -0.13090836240573886, 0.14562740767384008] [0.5212258140435502, 0.6186819539956006, 0.41069757527692685, 0.42057554878580033]; [0.7651311284856641, -0.13075567749588018, 0.14528001535702617] [0.5212258140435502, 0.6186819539956006, 0.41069757527692685, 0.42057554878580033]; [0.7675009856457476, -0.13060299258602148, 0.14493262304021223] [0.5212258140435502, 0.6186819539956006, 0.41069757527692685, 0.42057554878580033]; [0.7698708428058313, -0.1304503076761628, 0.14458523072339832] [0.5212258140435502, 0.6186819539956006, 0.41069757527692685, 0.42057554878580033]; [0.7722406999659149, -0.13029762276630413, 0.1442378384065844] [0.5212258140435502, 0.6186819539956006, 0.41069757527692685, 0.42057554878580033]
2026-10-03T20:15:52 set_cartesian_trajectory (1 waypoints): [0.7603916525840759, -0.13106109201908112, 0.14597484469413757] [0.5213664350713381, 0.6187341757368829, 0.41056819650896753, 0.4204507297788628]
2026-10-03T20:15:53 set_cartesian_trajectory (31 waypoints): [0.7515735972312189, -0.13443082859439234, 0.14892145895188855] [0.521261245264739, 0.6189897792881157, 0.41059991267328966, 0.42017386762457076]; [0.7428397036367848, -0.1377842931016799, 0.15206008957278344] [0.5210635027584026, 0.6191889201623827, 0.4107236535840765, 0.42000474714916525]; [0.7341058100423505, -0.14113775760896743, 0.15519872019367834] [0.5208656963317811, 0.6193879850790514, 0.4108473441102695, 0.4198355751506289]; [0.7253719164479163, -0.14449122211625498, 0.15833735081457323] [0.5206678260091404, 0.619586974013702, 0.41097098423669526, 0.41966635164971433]; [0.7166380228534821, -0.14784468662354255, 0.16147598143546812] [0.5204698918147534, 0.619785886941924, 0.4110945739481864, 0.41949707666718083]; [0.707904129259048, -0.15119815113083007, 0.16461461205636302] [0.5202718937729015, 0.6199847238393164, 0.41121811322958185, 0.4193277502237934]; [0.6991702356646138, -0.15455161563811765, 0.1677532426772579] [0.5200738319078735, 0.6201834846814872, 0.4113416020657268, 0.41915837234032427]; [0.6904363420701796, -0.1579050801454052, 0.1708918732981528] [0.5198757062439662, 0.6203821694440536, 0.4114650404414725, 0.41898894303755124]; [0.6817024484757455, -0.16125854465269274, 0.1740305039190477] [0.5196775168054841, 0.6205807781026427, 0.41158842834167636, 0.4188194623362588]; [0.6729685548813112, -0.16461200915998028, 0.1771691345399426] [0.51947926361674, 0.6207793106328907, 0.4117117657512021, 0.41864993025723735]; [0.664234661286877, -0.16796547366726783, 0.1803077651608375] [0.5192809467020539, 0.620977767010443, 0.41183505265491965, 0.41848034682128415]; [0.6555007676924429, -0.17131893817455537, 0.18344639578173239] [0.519082566085754, 0.6211761472109544, 0.4119582890377049, 0.4183107120492023]; [0.6467668740980087, -0.17467240268184292, 0.18658502640262728] [0.518884121792176, 0.6213744512100887, 0.41208147488444014, 0.41814102596180136]; [0.6380329805035745, -0.17802586718913047, 0.18972365702352217] [0.5186856138456638, 0.62157267898352, 0.41220461018001403, 0.41797128857989724]; [0.6292990869091403, -0.181379331696418, 0.19286228764441704] [0.5184870422705687, 0.6217708305069307, 0.4123276949093211, 0.41780149992431204]; [0.6205651933147062, -0.18473279620370558, 0.19600091826531196] [0.5182884070912502, 0.6219689057560133, 0.41245072905726204, 0.4176316600158743]; [0.611831299720272, -0.1880862607109931, 0.19913954888620683] [0.5180897083320756, 0.6221669047064693, 0.41257371260874415, 0.41746176887541875]; [0.6030974061258377, -0.19143972521828068, 0.20227817950710175] [0.5178909460174194, 0.6223648273340094, 0.4126966455486807, 0.4172918265237862]; [0.5943635125314035, -0.19479318972556822, 0.20541681012799662] [0.5176921201716644, 0.6225626736143544, 0.412819527861991, 0.417121832981824]; [0.5856296189369694, -0.19814665423285577, 0.20855544074889154] [0.5174932308192015, 0.6227604435232332, 0.41294235953360087, 0.41695178827038604]; [0.5768957253425352, -0.2015001187401433, 0.2116940713697864] [0.5172942779844286, 0.6229581370363856, 0.4130651405484422, 0.41678169241033175]; [0.568161831748101, -0.20485358324743086, 0.21483270199068133] [0.5170952616917519, 0.6231557541295594, 0.4131878708914529, 0.41661154542252743]; [0.5594279381536669, -0.20820704775471843, 0.2179713326115762] [0.5168961819655853, 0.6233532947785129, 0.41331055054757765, 0.4164413473278456]; [0.5506940445592327, -0.21156051226200595, 0.2211099632324711] [0.5166970388303505, 0.6235507589590127, 0.4134331795017668, 0.41627109814716473]; [0.5419601509647984, -0.2149139767692935, 0.22424859385336599] [0.5164978323104766, 0.6237481466468358, 0.4135557577389771, 0.41610079790136967]; [0.5332262573703643, -0.21826744127658104, 0.2273872244742609] [0.5162985624304014, 0.6239454578177679, 0.41367828524417166, 0.415930446611352]; [0.5244923637759301, -0.22162090578386862, 0.23052585509515577] [0.5160992292145693, 0.6241426924476042, 0.4138007620023195, 0.41576004429800884]; [0.5157584701814959, -0.22497437029115613, 0.23366448571605067] [0.5158998326874336, 0.6243398505121495, 0.41392318799839656, 0.41558959098224413]; [0.5070245765870618, -0.2283278347984437, 0.23680311633694556] [0.5157003728734545, 0.6245369319872179, 0.4140455632173838, 0.41541908668496746]; [0.4982906829926275, -0.23168129930573125, 0.23994174695784046] [0.5155008497971001, 0.624733936848633, 0.4141678876442696, 0.4152485314270956]; [0.48955678939819336, -0.2350347638130188, 0.24308037757873535] [0.5153012634828468, 0.6249308650722274, 0.41429016126404794, 0.41507792522955067]
2026-10-03T20:17:06 set_cartesian_trajectory (39 waypoints): [0.3886787906751993, -0.047446552867720496, 0.3773949192197954] [0.5088477638428118, 0.6630542642782449, 0.3767581606630856, 0.3993573390190468]; [0.396200063917232, -0.04967683594431474, 0.3715531619850468] [0.509326604877222, 0.6621517840044546, 0.37741920693856745, 0.39962002794882906]; [0.4037213371592648, -0.051907119020908984, 0.3657114047502981] [0.5098046565842375, 0.6612482775629017, 0.37807966830975326, 0.3998820975686586]; [0.41124261040129756, -0.05413740209750322, 0.35986964751554945] [0.5102819182229988, 0.6603437463537927, 0.3787395437530949, 0.4001435474723942]; [0.4187638836433303, -0.056367685174097466, 0.35402789028080084] [0.5107583890538715, 0.6594381917789218, 0.37939883224595217, 0.4004043772548541]; [0.42628515688536306, -0.05859796825069171, 0.34818613304605217] [0.5112340683384463, 0.65853161524167, 0.38005753276659504, 0.4006645865118185]; [0.43380643012739584, -0.060828251327285955, 0.3423443758113035] [0.5117089553395404, 0.6576240181470013, 0.380715644294204, 0.4009241748400287]; [0.44132770336942856, -0.06305853440388019, 0.3365026185765549] [0.5121830493211992, 0.6567154019014615, 0.3813731658088729, 0.40118314183718845]; [0.44884897661146134, -0.06528881748047444, 0.3306608613418062] [0.5126563495486971, 0.6558057679131764, 0.38203009629160967, 0.4014414871019645]; [0.45637024985349406, -0.06751910055706868, 0.3248191041070576] [0.5131288552885384, 0.6548951175918479, 0.38268643472433805, 0.40169921023398697]; [0.46389152309552684, -0.06974938363366293, 0.31897734687230894] [0.5136005658084585, 0.6539834523487542, 0.38334218008989973, 0.4019563108338503]; [0.4714127963375596, -0.07197966671025717, 0.3131355896375603] [0.5140714803774257, 0.6530707735967456, 0.3839973313720552, 0.40221278850311337]; [0.47893406957959234, -0.07420994978685141, 0.3072938324028116] [0.5145415982656414, 0.6521570827502433, 0.3846518875554858, 0.40246864284430106]; [0.4864553428216251, -0.07644023286344566, 0.301452075168063] [0.5150109187445419, 0.6512423812252369, 0.38530584762579484, 0.4027238734609034]; [0.4939766160636579, -0.0786705159400399, 0.2956103179333143] [0.5154794410867991, 0.6503266704392826, 0.38595921056950977, 0.40297847995737784]; [0.5014978893056906, -0.08090079901663413, 0.2897685606985657] [0.5159471645663218, 0.6494099518115003, 0.3866119753740832, 0.40323246193914875]; [0.5090191625477234, -0.08313108209322839, 0.28392680346381705] [0.5164140884582572, 0.6484922267625718, 0.3872641410278949, 0.4034858190126079]; [0.5165404357897562, -0.08536136516982264, 0.2780850462290684] [0.5168802120389913, 0.6475734967147392, 0.38791570652025315, 0.40373855078511645]; [0.524061709031789, -0.08759164824641688, 0.2722432889943197] [0.5173455345861501, 0.6466537630918013, 0.3885666708413961, 0.40399065686500374]; [0.5315829822738216, -0.08982193132301111, 0.2664015317595711] [0.5178100553786018, 0.6457330273191128, 0.38921703298249377, 0.404242136861569]; [0.5391042555158544, -0.09205221439960536, 0.26055977452482243] [0.5182737736964567, 0.644811290823581, 0.3898667919356495, 0.40449299038508224]; [0.5466255287578872, -0.0942824974761996, 0.2547180172900738] [0.5187366888210684, 0.6438885550336644, 0.39051594669390116, 0.40474321704678395]; [0.55414680199992, -0.09651278055279386, 0.24887626005532515] [0.5191988000350357, 0.6429648213793702, 0.391164496251223, 0.4049928164588856]; [0.5616680752419527, -0.09874306362938809, 0.24303450282057648] [0.5196601066222031, 0.6420400912922516, 0.3918124396025275, 0.4052417882345717]; [0.5691893484839855, -0.10097334670598235, 0.23719274558582784] [0.5201206078676621, 0.6411143662054063, 0.39245977574366614, 0.4054901319879988]; [0.5767106217260182, -0.10320362978257658, 0.2313509883510792] [0.5205803030577523, 0.6401876475534746, 0.3931065036714317, 0.4057378473342971]; [0.584231894968051, -0.10543391285917082, 0.22550923111633056] [0.5210391914800625, 0.6392599367726356, 0.39375262238355974, 0.40598493388957013]; [0.5917531682100837, -0.10766419593576507, 0.2196674738815819] [0.5214972724234315, 0.638331235300606, 0.3943981308787294, 0.40623139127089664]; [0.5992744414521165, -0.10989447901235931, 0.21382571664683325] [0.52195454517795, 0.6374015445766384, 0.3950430281565661, 0.4064772190963297]; [0.6067957146941493, -0.11212476208895356, 0.20798395941208458] [0.5224110090349606, 0.6364708660415185, 0.3956873132176417, 0.4067224169848984]; [0.614316987936182, -0.11435504516554779, 0.20214220217733597] [0.5228666632870601, 0.6355392011375621, 0.39633098506347786, 0.40696698455660835]; [0.6218382611782147, -0.11658532824214203, 0.1963004449425873] [0.5233215072280994, 0.6346065513086147, 0.3969740426965458, 0.40721092143244125]; [0.6293595344202475, -0.11881561131873628, 0.19045868770783866] [0.5237755401531857, 0.6336729180000471, 0.3976164851202689, 0.40745422723435704]; [0.6368808076622803, -0.12104589439533052, 0.18461693047309] [0.5242287613586827, 0.6327383026587551, 0.3982583113390239, 0.407696901585293]; [0.6444020809043131, -0.12327617747192478, 0.17877517323834136] [0.5246811701422122, 0.6318027067331558, 0.39889952035814263, 0.4079389441091654]; [0.6519233541463458, -0.12550646054851902, 0.17293341600359272] [0.5251327658026549, 0.6308661316731863, 0.3995401111839131, 0.40818035443086953]; [0.6594446273883785, -0.12773674362511325, 0.16709165876884408] [0.5255835476401518, 0.6299285789303012, 0.4001800828235818, 0.4084211321762805]; [0.6669659006304113, -0.1299670267017075, 0.1612499015340954] [0.5260335149561054, 0.6289900499574698, 0.40081943428535455, 0.40866127697225374]; [0.6744871738724441, -0.13219730977830174, 0.15540814429934677] [0.5264826670531798, 0.6280505462091748, 0.4014581645783981, 0.40890078844662536]
2026-10-03T20:17:17 set_cartesian_trajectory (9 waypoints): [0.6840345496371358, -0.13184472129272612, 0.15364297794531795] [0.5259690781323172, 0.6272138745276845, 0.402373136929112, 0.4099452928458097]; [0.6936293114095865, -0.13150887102936093, 0.15205608938596668] [0.5253789253772446, 0.6263255239655102, 0.4033492725640761, 0.41109936404817166]; [0.7032240731820373, -0.1311730207659957, 0.15046920082661544] [0.5247869746871662, 0.6254350300120993, 0.4043240278700212, 0.41225202839939845]; [0.7128188349544881, -0.13083717050263052, 0.1488823122672642] [0.5241932280878364, 0.6245423957148715, 0.4052973995111705, 0.41340328195487885]; [0.7224135967269387, -0.13050132023926533, 0.14729542370791293] [0.5235976876111561, 0.6236476241285713, 0.4062693841564827, 0.4145531207748298]; [0.7320083584993895, -0.13016546997590014, 0.1457085351485617] [0.523000355295165, 0.622750718315258, 0.4072399784796628, 0.4157015409243094]; [0.7416031202718403, -0.12982961971253493, 0.14412164658921045] [0.5224012331840345, 0.6218516813442936, 0.408209179159174, 0.41684853847323067]; [0.7511978820442909, -0.12949376944916974, 0.14253475802985918] [0.5218003233280614, 0.6209505162923338, 0.40917698287824866, 0.4179941094963756]; [0.7607926438167417, -0.12915791918580455, 0.14094786947050794] [0.52119762778366, 0.6200472262433172, 0.4101433863248996, 0.41913825007340727]
2026-10-03T20:17:20 set_cartesian_trajectory (5 waypoints): [0.7631061415908893, -0.12894584170197534, 0.14032301343698694] [0.5212800374668685, 0.620127929304825, 0.41007351766910455, 0.4189847060945504]; [0.7654743276115575, -0.1287880079192934, 0.13996656312981037] [0.5212800374668685, 0.620127929304825, 0.41007351766910455, 0.4189847060945504]; [0.7678425136322259, -0.12863017413661143, 0.13961011282263378] [0.5212800374668685, 0.620127929304825, 0.41007351766910455, 0.4189847060945504]; [0.7702106996528941, -0.1284723403539295, 0.1392536625154572] [0.5212800374668685, 0.620127929304825, 0.41007351766910455, 0.4189847060945504]; [0.7725788856735625, -0.12831450657124754, 0.13889721220828063] [0.5212800374668685, 0.620127929304825, 0.41007351766910455, 0.4189847060945504]
2026-10-03T20:17:22 set_cartesian_trajectory (1 waypoints): [0.7607382535934448, -0.12910374999046326, 0.1406794935464859] [0.5214113179810382, 0.6202031226519434, 0.409948175611179, 0.41883268431095605]
2026-10-03T20:17:23 set_cartesian_trajectory (4 waypoints): [0.7636177814302543, -0.12892243180691063, 0.1400350560399318] [0.5214953575401793, 0.6202658667959221, 0.40985246062253244, 0.4187287989541676]; [0.7665778947468002, -0.1287251097762358, 0.139589429826026] [0.5214953575401793, 0.6202658667959221, 0.40985246062253244, 0.4187287989541676]; [0.769538008063346, -0.12852778774556098, 0.1391438036121202] [0.5214953575401793, 0.6202658667959221, 0.40985246062253244, 0.4187287989541676]; [0.7724981213798918, -0.12833046571488615, 0.1386981773982144] [0.5214953575401793, 0.6202658667959221, 0.40985246062253244, 0.4187287989541676]
2026-10-03T20:17:25 set_cartesian_trajectory (1 waypoints): [0.7606574892997742, -0.12911970913410187, 0.14048045873641968] [0.5216299833738645, 0.6203453870745158, 0.4097272266084601, 0.4185658382578427]
2026-10-03T20:17:26 set_cartesian_trajectory (4 waypoints): [0.7635413682756522, -0.12893624890862762, 0.13983491109335663] [0.5217081177126048, 0.6204095998987955, 0.40963424639298535, 0.41846427858090607]; [0.7665015411968429, -0.1287389455044043, 0.13938944134164338] [0.5217081177126048, 0.6204095998987955, 0.40963424639298535, 0.41846427858090607]; [0.7694617141180335, -0.12854164210018096, 0.1389439715899301] [0.5217081177126048, 0.6204095998987955, 0.40963424639298535, 0.41846427858090607]; [0.7724218870392241, -0.12834433869595763, 0.13849850183821685] [0.5217081177126048, 0.6204095998987955, 0.40963424639298535, 0.41846427858090607]
2026-10-03T20:17:27 set_cartesian_trajectory (1 waypoints): [0.7605812549591064, -0.12913358211517334, 0.14028078317642212] [0.5218415894384948, 0.620486550622045, 0.4095120154737184, 0.41830336504995375]
2026-10-03T20:17:28 set_cartesian_trajectory (4 waypoints): [0.7634724802074531, -0.12895983744679748, 0.13967132242048028] [0.5219166404923743, 0.6205346880532941, 0.4094276057290427, 0.41822094276439353]; [0.7664326084251601, -0.12876251914141296, 0.1392258936469603] [0.5219166404923743, 0.6205346880532941, 0.4094276057290427, 0.41822094276439353]; [0.7693927366428672, -0.12856520083602843, 0.1387804648734403] [0.5219166404923743, 0.6205346880532941, 0.4094276057290427, 0.41822094276439353]; [0.7723528648605742, -0.1283678825306439, 0.13833503609992034] [0.5219166404923743, 0.6205346880532941, 0.4094276057290427, 0.41822094276439353]
2026-10-03T20:17:30 set_cartesian_trajectory (1 waypoints): [0.7605122327804565, -0.12915712594985962, 0.1401173174381256] [0.522037515330803, 0.6206135497348553, 0.409307407888069, 0.4180706881864523]
2026-10-03T20:17:31 set_cartesian_trajectory (46 waypoints): [0.7522018344505973, -0.1273470623013766, 0.14524822099053342] [0.5218278114563388, 0.6216294713640701, 0.40852175101036514, 0.4175913247108227]; [0.7439564051835433, -0.12552193357892658, 0.1505368533341781] [0.5215476344134191, 0.6225933290746206, 0.40781573485775785, 0.4171953235979214]; [0.7357109759164893, -0.12369680485647658, 0.15582548567782278] [0.5212665901428919, 0.6235561515391312, 0.40710904059055364, 0.41679862877407514]; [0.7274655466494353, -0.12187167613402657, 0.16111411802146747] [0.5209846791120768, 0.6245179371566236, 0.40640166938384076, 0.41640124089890657]; [0.7192201173823812, -0.12004654741157655, 0.16640275036511215] [0.5207019017897341, 0.6254786843278445, 0.40569362241383394, 0.4160031606331909]; [0.7109746881153273, -0.11822141868912656, 0.17169138270875683] [0.5204182586460651, 0.6264383914552664, 0.40498490085787103, 0.4156043886388546]; [0.7027292588482732, -0.11639628996667654, 0.17698001505240152] [0.5201337501527107, 0.6273970569430918, 0.40427550589441186, 0.4152049255789745]; [0.6944838295812192, -0.11457116124422653, 0.18226864739604617] [0.5198483767827508, 0.6283546791972549, 0.40356543870303596, 0.41480477211777617]; [0.6862384003141652, -0.11274603252177653, 0.18755727973969086] [0.5195621390107029, 0.6293112566254248, 0.4028547004644407, 0.4144039289206337]; [0.6779929710471112, -0.11092090379932652, 0.19284591208333554] [0.5192750373125223, 0.6302667876370079, 0.40214329236043905, 0.41400239665406746]; [0.6697475417800571, -0.10909577507687651, 0.19813454442698022] [0.518987072165601, 0.6312212706431504, 0.4014312155739579, 0.4136001759857441]; [0.6615021125130032, -0.10727064635442651, 0.2034231767706249] [0.5186982440487661, 0.6321747040567414, 0.4007184712890362, 0.41319726758447484]; [0.6532566832459491, -0.1054455176319765, 0.20871180911426956] [0.5184085534422802, 0.633127086292415, 0.40000506069082253, 0.4127936721202142]; [0.6450112539788951, -0.10362038890952649, 0.21400044145791428] [0.5181180008278399, 0.6340784157665531, 0.3992909849655737, 0.4123893902640594]; [0.6367658247118411, -0.10179526018707649, 0.21928907380155893] [0.5178265866885745, 0.6350286908972892, 0.39857624530065233, 0.4119844226882488]; [0.6285203954447871, -0.09997013146462648, 0.22457770614520361] [0.5175343115090473, 0.635977910104508, 0.397860842884525, 0.4115787700661613]; [0.620274966177733, -0.09814500274217647, 0.2298663384888483] [0.5172411757752519, 0.6369260718098516, 0.3971447789067607, 0.41117243307231466]; [0.612029536910679, -0.09631987401972647, 0.23515497083249298] [0.5169471799746136, 0.6378731744367199, 0.39642805455802776, 0.41076541238236436]; [0.603784107643625, -0.09449474529727646, 0.24044360317613767] [0.5166523245959873, 0.6388192164102741, 0.395710671030093, 0.41035770867310345]; [0.595538678376571, -0.09266961657482645, 0.24573223551978235] [0.516356610129658, 0.6397641961574385, 0.3949926295158195, 0.4099493226224598]; [0.587293249109517, -0.09084448785237645, 0.25102086786342703] [0.5160600370673384, 0.6407081121069043, 0.39427393120916404, 0.4095402549094965]; [0.5790478198424629, -0.08901935912992642, 0.2563095002070717] [0.515762605902169, 0.6416509626891314, 0.3935545773051755, 0.40913050621441005]; [0.5708023905754089, -0.08719423040747643, 0.2615981325507164] [0.5154643171287175, 0.6425927463363508, 0.3928345689999934, 0.40872007721852904]; [0.562556961308355, -0.08536910168502643, 0.2668867648943611] [0.5151651712429778, 0.6435334614825682, 0.39211390749084524, 0.4083089686043135]; [0.5543115320413009, -0.08354397296257642, 0.27217539723800577] [0.5148651687423681, 0.6444731065635655, 0.391392593976044, 0.4078971810553532]; [0.5460661027742468, -0.0817188442401264, 0.2774640295816504] [0.5145643101257317, 0.6454116800169042, 0.39067062965498756, 0.40748471525636726]; [0.5378206735071929, -0.07989371551767639, 0.28275266192529513] [0.5142625958933352, 0.6463491802819276, 0.38994801572815563, 0.4070715718932023]; [0.5295752442401388, -0.07806858679522638, 0.2880412942689398] [0.5139600265468682, 0.6472856057997635, 0.3892247533971082, 0.4066577516528317]; [0.5213298149730848, -0.07624345807277638, 0.2933299266125845] [0.5136566025894417, 0.6482209550133265, 0.3885008438644833, 0.40624325522335425]; [0.5130843857060308, -0.07441832935032637, 0.29861855895622913] [0.5133523245255884, 0.6491552263673218, 0.38777628833399536, 0.4058280832939933]; [0.5048389564389768, -0.07259320062787636, 0.30390719129987387] [0.5130471928612604, 0.6500884183082455, 0.38705108801043253, 0.40541223655509534]; [0.4965935271719228, -0.07076807190542636, 0.3091958236435185] [0.51274120810383, 0.6510205292843895, 0.3863252440996558, 0.4049957156981287]; [0.48834809790486877, -0.06894294318297635, 0.31448445598716324] [0.512434370762087, 0.6519515577458431, 0.3855987578085957, 0.4045785214156829]; [0.48010266863781476, -0.06711781446052634, 0.31977308833080786] [0.5121266813462401, 0.6528815021444954, 0.38487163034525124, 0.4041606544014674]; [0.4718572393707607, -0.06529268573807633, 0.3250617206744526] [0.5118181403679138, 0.6538103609340377, 0.3841438629186872, 0.4037421153503098]; [0.46361181010370667, -0.06346755701562633, 0.33035035301809723] [0.5115087483401489, 0.6547381325699669, 0.3834154567390329, 0.40332290495815515]; [0.45536638083665265, -0.061642428293176316, 0.33563898536174197] [0.5111985057774019, 0.6556648155095878, 0.38268641301747974, 0.40290302392206556]; [0.44712095156959863, -0.05981729957072632, 0.3409276177053866] [0.5108874131955427, 0.6565904082120151, 0.38195673296627897, 0.40248247294021755]; [0.4388755223025446, -0.057992170848276306, 0.34621625004903134] [0.5105754711118551, 0.6575149091381762, 0.38122641779874017, 0.4020612527119016]; [0.4306300930354906, -0.056167042125826294, 0.35150488239267597] [0.5102626800450349, 0.6584383167508144, 0.3804954687292286, 0.40163936393752153]; [0.4223846637684366, -0.054341913403376296, 0.35679351473632065] [0.5099490405151906, 0.6593606295144908, 0.3797638869731642, 0.4012168073185924]; [0.4141392345013826, -0.052516784680926284, 0.36208214707996533] [0.5096345530438406, 0.6602818458955867, 0.37903167374701846, 0.40079358355774025]; [0.40589380523432855, -0.05069165595847627, 0.36737077942361007] [0.5093192181539138, 0.6612019643623066, 0.378298830268313, 0.40036969335869954]; [0.39764837596727454, -0.04886652723602626, 0.3726594117672547] [0.5090030363697479, 0.6621209833846808, 0.37756535775561745, 0.3999451374263138]; [0.3894029467002205, -0.04704139851357626, 0.3779480441108994] [0.5086860082170886, 0.6630389014345679, 0.3768312574285473, 0.39951991646653295]; [0.3811575174331665, -0.04521626979112625, 0.38323667645454407] [0.5083681342230895, 0.6639557169856566, 0.37609653050776204, 0.3990940311864131]
2026-10-03T20:19:22 set_cartesian_trajectory (35 waypoints): [0.3884158335973288, -0.04746156771280994, 0.37677500532241776] [0.5096784465111818, 0.6622161614033519, 0.3764150590688656, 0.40001167488504713]; [0.39570410109549065, -0.049718570496611394, 0.3703740415209951] [0.510952195166392, 0.6604541402082643, 0.37675629908704805, 0.4009773984087362]; [0.40299236859365256, -0.05197557328041286, 0.36397307771957255] [0.512222992448801, 0.6586883040841005, 0.37709536287758305, 0.4019408057983551]; [0.4102806360918144, -0.05423257606421431, 0.35757211391814997] [0.5134908310180031, 0.6569186632307202, 0.37743224848196305, 0.4029018914890497]; [0.41756890358997634, -0.05648957884801577, 0.35117115011672734] [0.5147557035506821, 0.6551452278699604, 0.377766953954262, 0.4038606499293765]; [0.42485717108813825, -0.05874658163181722, 0.34477018631530476] [0.5160176027406549, 0.6533680082455756, 0.37809947736114746, 0.40481707558133506]; [0.4321454385863001, -0.06100358441561868, 0.3383692225138822] [0.5172765212989132, 0.6515870146231788, 0.37842981678189064, 0.40577116292039933]; [0.43943370608446203, -0.06326058719942014, 0.33196825871245955] [0.5185324519536647, 0.649802257290183, 0.37875797030837804, 0.40672290643555004]; [0.4467219735826239, -0.06551758998322159, 0.325567294911037] [0.5197853874503766, 0.6480137465557408, 0.37908393604512236, 0.40767230062930615]; [0.4540102410807858, -0.06777459276702305, 0.3191663311096144] [0.5210353205518167, 0.646221492750686, 0.3794077121092735, 0.4086193400177572]; [0.4612985085789477, -0.0700315955508245, 0.3127653673081918] [0.5222822440380949, 0.6444255062274722, 0.3797292966306293, 0.40956401913059426]; [0.4685867760771096, -0.07228859833462596, 0.3063644035067692] [0.5235261507067057, 0.6426257973601145, 0.3800486877516464, 0.4105063325111421]; [0.4758750435752715, -0.07454560111842742, 0.2999634397053466] [0.5247670333725694, 0.640822376544129, 0.3803658836274514, 0.41144627471639034]; [0.48316331107343335, -0.07680260390222887, 0.293562475903924] [0.5260048848680733, 0.6390152541964733, 0.3806808824258505, 0.4123838403170248]; [0.49045157857159527, -0.07905960668603033, 0.2871615121025014] [0.5272396980431137, 0.637204440755485, 0.3809936823273413, 0.4133190238974598]; [0.4977398460697572, -0.0813166094698318, 0.2807605483010788] [0.5284714657651365, 0.635389946680823, 0.3813042815251222, 0.41425182005586797]; [0.5050281135679191, -0.08357361225363324, 0.27435958449965625] [0.5297001809191795, 0.6335717824534062, 0.38161267822510375, 0.4151822234042129]; [0.5123163810660809, -0.0858306150374347, 0.2679586206982336] [0.5309258364079124, 0.6317499585753527, 0.3819188706459185, 0.4161102285682788]; [0.5196046485642428, -0.08808761782123616, 0.26155765689681104] [0.5321484251516779, 0.6299244855699199, 0.3822228570189311, 0.417035830187703]; [0.5268929160624047, -0.09034462060503762, 0.25515669309538846] [0.5333679400885335, 0.6280953739814435, 0.38252463558824923, 0.4179590229160059]; [0.5341811835605667, -0.09260162338883907, 0.24875572929396583] [0.5345843741742915, 0.6262626343752759, 0.38282420461073324, 0.4188798014206225]; [0.5414694510587286, -0.09485862617264053, 0.24235476549254326] [0.5357977203825595, 0.6244262773377264, 0.38312156235600625, 0.41979816038293244]; [0.5487577185568904, -0.09711562895644199, 0.23595380169112065] [0.5370079717047818, 0.6225863134759991, 0.38341670710646414, 0.42071409449829134]; [0.5560459860550523, -0.09937263174024344, 0.22955283788969805] [0.5382151211502791, 0.6207427534181319, 0.3837096371572855, 0.4216275984760614]; [0.5633342535532142, -0.1016296345240449, 0.22315187408827544] [0.5394191617462898, 0.6188956078129352, 0.3840003508164418, 0.42253866703964194]; [0.5706225210513761, -0.10388663730784636, 0.21675091028685287] [0.5406200865380091, 0.6170448873299298, 0.3842888464047067, 0.4234472949264993]; [0.577910788549538, -0.10614364009164781, 0.21034994648543026] [0.5418178885886299, 0.6151906026592866, 0.38457512225566576, 0.42435347688819813]; [0.5851990560476998, -0.10840064287544927, 0.20394898268400766] [0.543012560979383, 0.6133327645117637, 0.38485917671572656, 0.42525720769043124]; [0.5924873235458618, -0.11065764565925074, 0.19754801888258508] [0.5442040968095765, 0.6114713836186446, 0.38514100814412766, 0.4261584821130498]; [0.5997755910440237, -0.11291464844305218, 0.1911470550811625] [0.5453924891966362, 0.6096064707316768, 0.3854206149129484, 0.42705729495009304]; [0.6070638585421856, -0.11517165122685363, 0.1847460912797399] [0.5465777312761451, 0.6077380366230096, 0.38569799540711847, 0.42795364100982014]; [0.6143521260403475, -0.1174286540106551, 0.1783451274783173] [0.547759816201883, 0.6058660920851309, 0.3859731480244266, 0.4288475151147377]; [0.6216403935385093, -0.11968565679445656, 0.1719441636768947] [0.5489387371458658, 0.603990647930806, 0.3862460711755308, 0.42973891210163145]; [0.6289286610366712, -0.121942659578258, 0.1655431998754721] [0.5501144872983861, 0.6021117149930153, 0.38651676328396617, 0.4306278268215953]; [0.6362169285348331, -0.12419966236205947, 0.1591422360740495] [0.5512870598680508, 0.6002293041248905, 0.38678522278615585, 0.4315142541400616]
2026-10-03T20:19:34 set_cartesian_trajectory (9 waypoints): [0.6454148955494606, -0.1239620097462844, 0.15748643189165717] [0.5516758481241192, 0.5992588750976262, 0.3867066612592277, 0.43243556439197045]; [0.654640509158461, -0.12374400804132443, 0.15595767020173326] [0.552019518642149, 0.59823913163464, 0.38667320145584183, 0.43343768605765187]; [0.6638661227674614, -0.12352600633636447, 0.15442890851180932] [0.5523619949467956, 0.5972180939689067, 0.3866389051416143, 0.4344388700443781]; [0.6730917363764618, -0.12330800463140451, 0.15290014682188538] [0.5527032762971613, 0.5961957643092918, 0.38660377239074006, 0.435439114186234]; [0.6823173499854621, -0.12309000292644456, 0.15137138513196147] [0.5530433619549341, 0.5951721448674556, 0.3865678032792237, 0.4364384163193377]; [0.6915429635944625, -0.1228720012214846, 0.14984262344203753] [0.5533822511843884, 0.594147237857849, 0.38653099788487916, 0.4374367742818459]; [0.700768577203463, -0.12265399951652464, 0.14831386175211358] [0.5537199432523869, 0.5931210454977082, 0.3864933562873295, 0.43843418591395705]; [0.7099941908124633, -0.12243599781156468, 0.14678510006218967] [0.5540564374283827, 0.59209357000705, 0.38645487856800687, 0.43943064905791707]; [0.7192198044214637, -0.12221799610660472, 0.14525633837226573] [0.5543917329844193, 0.5910648136086676, 0.38641556481015193, 0.440426161558024]
2026-10-03T20:19:37 set_cartesian_trajectory (5 waypoints): [0.721553065214458, -0.12225610723809735, 0.14467131560192067] [0.5544588658911759, 0.5911408410842331, 0.38635914901611534, 0.44028908686048474]; [0.7239238775450048, -0.12235627245339424, 0.14431184957713997] [0.5544588658911759, 0.5911408410842331, 0.38635914901611534, 0.44028908686048474]; [0.7262946898755517, -0.12245643766869115, 0.1439523835523593] [0.5544588658911759, 0.5911408410842331, 0.38635914901611534, 0.44028908686048474]; [0.7286655022060985, -0.12255660288398804, 0.14359291752757858] [0.5544588658911759, 0.5911408410842331, 0.38635914901611534, 0.44028908686048474]; [0.7310363145366453, -0.12265676809928494, 0.1432334515027979] [0.5544588658911759, 0.5911408410842331, 0.38635914901611534, 0.44028908686048474]
2026-10-03T20:19:39 set_cartesian_trajectory (1 waypoints): [0.7191822528839111, -0.12215594202280045, 0.14503078162670135] [0.55454992743607, 0.5912212914634712, 0.3862649416562636, 0.4401490172068975]
2026-10-03T20:19:40 set_cartesian_trajectory (4 waypoints): [0.7220780127171462, -0.12228133666908164, 0.14443354016971535] [0.5546263086486404, 0.5912623470592583, 0.386199939017727, 0.4400546577499939]; [0.7250414834268462, -0.12240653760026732, 0.1439841480340947] [0.5546263086486404, 0.5912623470592583, 0.386199939017727, 0.4400546577499939]; [0.7280049541365462, -0.122531738531453, 0.1435347558984741] [0.5546263086486404, 0.5912623470592583, 0.386199939017727, 0.4400546577499939]; [0.7309684248462461, -0.12265693946263867, 0.14308536376285344] [0.5546263086486404, 0.5912623470592583, 0.386199939017727, 0.4400546577499939]
2026-10-03T20:19:41 set_cartesian_trajectory (1 waypoints): [0.719114363193512, -0.12215611338615417, 0.1448826938867569] [0.5547155735153817, 0.5913514750169289, 0.3861005350319543, 0.4399095842816365]
2026-10-03T20:19:42 set_cartesian_trajectory (4 waypoints): [0.7220179163340514, -0.12229039098715205, 0.14432036957573838] [0.5547893299085707, 0.5913761843606422, 0.386046277267264, 0.4398309673030467]; [0.7249813721425902, -0.12241558633040228, 0.14387099606656922] [0.5547893299085707, 0.5913761843606422, 0.386046277267264, 0.4398309673030467]; [0.727944827951129, -0.12254078167365251, 0.1434216225574001] [0.5547893299085707, 0.5913761843606422, 0.386046277267264, 0.4398309673030467]; [0.7309082837596678, -0.12266597701690274, 0.14297224904823094] [0.5547893299085707, 0.5913761843606422, 0.386046277267264, 0.4398309673030467]
2026-10-03T20:19:44 set_cartesian_trajectory (1 waypoints): [0.7190542221069336, -0.12216515094041824, 0.1447695791721344] [0.5548656931122025, 0.5914584925907419, 0.38595760412646624, 0.43970176479786877]
2026-10-03T20:19:45 set_cartesian_trajectory (4 waypoints): [0.721959772003073, -0.1223148605564775, 0.14421222812366433] [0.5549456537950059, 0.591471207513275, 0.385904006952136, 0.43963078763333624]; [0.7249232576139342, -0.12244005776237288, 0.14376285088920487] [0.5549456537950059, 0.591471207513275, 0.385904006952136, 0.43963078763333624]; [0.7278867432247954, -0.12256525496826826, 0.14331347365474545] [0.5549456537950059, 0.591471207513275, 0.385904006952136, 0.43963078763333624]; [0.7308502288356565, -0.12269045217416363, 0.142864096420286] [0.5549456537950059, 0.591471207513275, 0.385904006952136, 0.43963078763333624]
2026-10-03T20:19:46 set_cartesian_trajectory (1 waypoints): [0.7189961671829224, -0.12218962609767914, 0.14466142654418945] [0.5550381580627645, 0.5915464660391326, 0.3858035781081409, 0.43950087682490796]
2026-10-03T20:19:48 set_cartesian_trajectory (43 waypoints): [0.7110770462557326, -0.12042432434337083, 0.15006770782692488] [0.5540986206090927, 0.5933161641597157, 0.38555290766468653, 0.4385197867567754]; [0.703221106252005, -0.11863337769064793, 0.1556179045244705] [0.553065307490032, 0.595061229014406, 0.3853660037985393, 0.43762305982565086]; [0.6953651662482772, -0.11684243103792501, 0.16116810122201608] [0.5520292555696711, 0.5968033471023296, 0.38517719158468333, 0.43672416576780737]; [0.6875092262445495, -0.1150514843852021, 0.1667182979195617] [0.5509904699785797, 0.5985425097964491, 0.3849864719581242, 0.43582310903460353]; [0.6796532862408217, -0.11326053773247918, 0.1722684946171073] [0.5499489558608657, 0.6002787084843617, 0.3847938458633131, 0.43491989408810805]; [0.6717973462370939, -0.11146959107975626, 0.17781869131465292] [0.5489047183741478, 0.602011934568343, 0.3845993142541421, 0.43401452540107716]; [0.6639414062333662, -0.10967864442703336, 0.18336888801219853] [0.5478577626895317, 0.6037421794653887, 0.38440287809393925, 0.4331070074569324]; [0.6560854662296384, -0.10788769777431044, 0.1889190847097441] [0.5468080939915833, 0.6054694346072574, 0.38420453835546436, 0.4321973447497387]; [0.6482295262259106, -0.10609675112158753, 0.19446928140728972] [0.5457557174783034, 0.6071936914405136, 0.3840042960209036, 0.43128554178418166]; [0.6403735862221829, -0.10430580446886462, 0.20001947810483534] [0.5447006383611024, 0.6089149414265689, 0.38380215208186497, 0.4303716030755457]; [0.6325176462184551, -0.1025148578161417, 0.20556967480238095] [0.5436428618647735, 0.6106331760417253, 0.38359810753937323, 0.4294555331496913]; [0.6246617062147274, -0.10072391116341879, 0.21111987149992656] [0.5425823932274683, 0.612348386777217, 0.38339216340386506, 0.4285373365430333]; [0.6168057662109996, -0.09893296451069589, 0.21667006819747214] [0.541519237700669, 0.6140605651392522, 0.3831843206951839, 0.42761701780251754]; [0.6089498262072719, -0.09714201785797297, 0.22222026489501778] [0.5404534005491644, 0.6157697026490566, 0.38297458044257515, 0.42669458148559897]; [0.6010938862035441, -0.09535107120525005, 0.22777046159256337] [0.5393848870510218, 0.6174757908429129, 0.3827629436846809, 0.42577003216021847]; [0.5932379461998163, -0.09356012455252714, 0.23332065829010895] [0.5383137024975624, 0.6191788212722051, 0.38254941146953464, 0.42484337440478126]; [0.5853820061960886, -0.09176917789980422, 0.2388708549876546] [0.5372398521933347, 0.6208787855034592, 0.3823339848545564, 0.42391461280813303]; [0.5775260661923608, -0.08997823124708132, 0.24442105168520017] [0.5361633414560879, 0.6225756751183846, 0.3821166649065473, 0.4229837519695378]; [0.569670126188633, -0.0881872845943584, 0.2499712483827458] [0.5350841756167457, 0.6242694817139173, 0.3818974527016843, 0.42205079649865573]; [0.5618141861849053, -0.08639633794163548, 0.2555214450802914] [0.5340023600193801, 0.6259601969022595, 0.3816763493255149, 0.4211157510155189]; [0.5539582461811775, -0.08460539128891258, 0.261071641777837] [0.5329179000211848, 0.6276478123109228, 0.381453355872952, 0.42017862015050966]; [0.5461023061774498, -0.08281444463618966, 0.2666218384753826] [0.5318308009924486, 0.6293323195827687, 0.38122847344826766, 0.4192394085443373]; [0.538246366173722, -0.08102349798346675, 0.2721720351729282] [0.530741068316529, 0.631013710376051, 0.3810017031650888, 0.4182981208480147]; [0.5303904261699943, -0.07923255133074383, 0.27772223187047385] [0.5296487073898252, 0.6326919763644556, 0.3807730461463907, 0.4173547617228358]; [0.5225344861662665, -0.07744160467802091, 0.28327242856801943] [0.5285537236217521, 0.6343671092371428, 0.3805425035244921, 0.4164093358403525]; [0.5146785461625387, -0.07565065802529801, 0.288822625265565] [0.5274561224347123, 0.6360391006987883, 0.3803100764410491, 0.4154618478823511]; [0.506822606158811, -0.0738597113725751, 0.29437282196311065] [0.5263559092640704, 0.6377079424696245, 0.3800757660470498, 0.41451230254082944]; [0.4989666661550832, -0.07206876471985219, 0.2999230186606563] [0.5252530895581258, 0.6393736262854804, 0.3798395735028086, 0.41356070451797367]; [0.4911107261513555, -0.07027781806712927, 0.3054732153582018] [0.5241476687780852, 0.6410361438978242, 0.3796014999779603, 0.41260705852613494]; [0.48325478614762774, -0.06848687141440635, 0.31102341205574746] [0.5230396523980362, 0.6426954870738025, 0.37936154665145455, 0.411651369287806]; [0.4753988461439, -0.06669592476168346, 0.31657360875329305] [0.5219290459049194, 0.6443516475962825, 0.3791197147115494, 0.41069364153559756]; [0.4675429061401722, -0.06490497810896054, 0.32212380545083863] [0.5208158547985025, 0.6460046172638917, 0.3788760053558067, 0.40973388001221567]; [0.45968696613644444, -0.06311403145623762, 0.32767400214838427] [0.5197000845913518, 0.6476543878910587, 0.3786304197910843, 0.4087720894704371]; [0.4518310261327167, -0.061323084803514706, 0.3332241988459299] [0.5185817408088057, 0.649300951308054, 0.378382959233532, 0.4078082746730871]; [0.44397508612898895, -0.059532138150791794, 0.3387743955434755] [0.5174608289889466, 0.6509442993610306, 0.37813362490858415, 0.4068424403930143]; [0.43611914612526115, -0.057741191498068875, 0.3443245922410211] [0.5163373546825745, 0.6525844239120636, 0.37788241805095407, 0.4058745914130684]; [0.4282632061215334, -0.05595024484534597, 0.3498747889385667] [0.5152113234531784, 0.6542213168391916, 0.37762933990462827, 0.404904732526076]; [0.42040726611780566, -0.05415929819262305, 0.3554249856361123] [0.5140827408769099, 0.6558549700364558, 0.37737439172285964, 0.4039328685348165]; [0.4125513261140779, -0.052368351539900146, 0.3609751823336579] [0.5129516125425541, 0.6574853754139408, 0.3771175747681617, 0.40295900425199904]; [0.40469538611035016, -0.05057740488717723, 0.3665253790312035] [0.5118179440515036, 0.6591125248978149, 0.3768588903123023, 0.4019831445002382]; [0.39683944610662236, -0.04878645823445431, 0.37207557572874916] [0.5106817410177297, 0.6607364104303693, 0.3765983396362969, 0.4010052941120297]; [0.3889835061028946, -0.0469955115817314, 0.3776257724262947] [0.5095430090677546, 0.6623570239700584, 0.37633592403040295, 0.4000254579297279]; [0.38112756609916687, -0.045204564929008484, 0.38317596912384033] [0.5084017538406241, 0.6639743574915399, 0.37607164479411276, 0.3990436408055201]
2026-10-03T20:23:29 set_cartesian_trajectory (36 waypoints): [0.38831163787270134, -0.04748550151078804, 0.3770009863376179] [0.509322662179883, 0.6622542606320708, 0.37673768803883556, 0.40009803108215763]; [0.3955152301673997, -0.049780042852737585, 0.37087005138388446] [0.5102230441382343, 0.6605101100960536, 0.37742224441574823, 0.40118734914175924]; [0.4027188224620981, -0.05207458419468713, 0.36473911643015106] [0.511120615798247, 0.6587623214835395, 0.3781047219584754, 0.40227445746945295]; [0.40992241475679647, -0.05436912553663667, 0.3586081814764176] [0.512015372216114, 0.6570109044213133, 0.3787851169079442, 0.4033593500774678]; [0.4171260070514949, -0.05666366687858622, 0.3524772465226842] [0.5129073084635355, 0.6552558685561449, 0.37946342551655293, 0.40444202099023696]; [0.4243295993461933, -0.058958208220535754, 0.3463463115689508] [0.5137964196277438, 0.6534972235547374, 0.3801396440481913, 0.4055224642444307]; [0.43153319164089166, -0.061252749562485304, 0.34021537661521734] [0.5146827008115328, 0.6517349791036717, 0.380813768778261, 0.406600673888989]; [0.43873678393559007, -0.06354729090443484, 0.33408444166148393] [0.515566147133283, 0.6499691449093555, 0.38148579599369675, 0.4076766439851548]; [0.4459403762302885, -0.06584183224638439, 0.32795350670775053] [0.5164467537269901, 0.6481997306979682, 0.3821557219929859, 0.4087503686065064]; [0.45314396852498684, -0.06813637358833394, 0.3218225717540171] [0.5173245157422904, 0.6464267462154077, 0.3828235430861895, 0.4098218418389899]; [0.46034756081968525, -0.07043091493028347, 0.31569163680028367] [0.5181994283444882, 0.6446502012272375, 0.3834892555949621, 0.41089105778095203]; [0.4675511531143836, -0.07272545627223301, 0.30956070184655027] [0.5190714867145824, 0.6428701055186317, 0.3841528558525727, 0.41195801054317294]; [0.474754745409082, -0.07501999761418256, 0.3034297668928168] [0.5199406860492928, 0.641086468894322, 0.38481434020392424, 0.41302269424889787]; [0.4819583377037804, -0.0773145389561321, 0.2972988319390834] [0.5208070215610873, 0.6392993011785431, 0.38547370500557415, 0.4140851030338705]; [0.4891619299984788, -0.07960908029808164, 0.29116789698534995] [0.5216704884782067, 0.6375086122149791, 0.3861309466257545, 0.41514523104636436]; [0.4963655222931772, -0.08190362164003118, 0.28503696203161655] [0.5225310820446925, 0.6357144118667097, 0.386786061444391, 0.4162030724472153]; [0.5035691145878756, -0.08419816298198074, 0.27890602707788315] [0.5233887975204127, 0.6339167100161536, 0.38743904585312483, 0.41725862140985454]; [0.510772706882574, -0.08649270432393028, 0.2727750921241497] [0.5242436301810874, 0.6321155165650174, 0.3880898962553308, 0.4183118721203389]; [0.5179762991772724, -0.08878724566587981, 0.2666441571704163] [0.5250955753183157, 0.6303108414342384, 0.3887386090661378, 0.41936281877738485]; [0.5251798914719708, -0.09108178700782937, 0.2605132222166828] [0.5259446282396005, 0.6285026945639314, 0.3893851807124486, 0.42041145559239906]; [0.5323834837666692, -0.09337632834977891, 0.2543822872629494] [0.5267907842683756, 0.6266910859133329, 0.3900296076329595, 0.42145777678951085]; [0.5395870760613676, -0.09567086969172844, 0.248251352309216] [0.5276340387440299, 0.6248760254607474, 0.39067188627817995, 0.42250177660560406]; [0.5467906683560659, -0.09796541103367798, 0.2421204173554826] [0.528474387021935, 0.6230575232034916, 0.39131201311045194, 0.42354344929034854]; [0.5539942606507643, -0.10025995237562753, 0.23598948240174916] [0.5293118244734694, 0.6212355891578396, 0.3919499846039697, 0.4245827891062319]; [0.5611978529454626, -0.10255449371757708, 0.22985854744801573] [0.5301463464860442, 0.6194102333589678, 0.392585797244799, 0.4256197903285912]; [0.5684014452401611, -0.10484903505952661, 0.22372761249428233] [0.5309779484631288, 0.6175814658608993, 0.39321944753089644, 0.4266544472456444]; [0.5756050375348595, -0.10714357640147616, 0.2175966775405489] [0.5318066258242761, 0.6157492967364492, 0.3938509319721289, 0.42768675415852186]; [0.5828086298295578, -0.10943811774342571, 0.21146574258681547] [0.5326323740051481, 0.6139137360771685, 0.39448024709029283, 0.4287167053812978]; [0.5900122221242563, -0.11173265908537525, 0.20533480763308204] [0.5334551884575398, 0.6120747939932882, 0.39510738941913287, 0.42974429524102137]; [0.5972158144189547, -0.1140272004273248, 0.1992038726793486] [0.5342750646494059, 0.6102324806136651, 0.395732355504362, 0.43076951807774816]; [0.604419406713653, -0.11632174176927434, 0.19307293772561518] [0.5350919980648845, 0.6083868060857244, 0.396355141903679, 0.4317923682445711]; [0.6116229990083515, -0.11861628311122387, 0.18694200277188178] [0.5359059842043231, 0.6065377805754041, 0.3969757451867892, 0.43281284010765225]; [0.6188265913030498, -0.12091082445317342, 0.18081106781814837] [0.5367170185843019, 0.6046854142671003, 0.397594161935422, 0.43383092804625273]; [0.6260301835977482, -0.12320536579512296, 0.17468013286441494] [0.5375250967376598, 0.6028297173636095, 0.3982103887433502, 0.4348466264527646]; [0.6332337758924467, -0.1254999071370725, 0.16854919791068151] [0.5383302142135186, 0.6009707000860731, 0.39882442221640885, 0.4358599297327412]; [0.640437368187145, -0.12779444847902205, 0.16241826295694808] [0.5391323665773072, 0.5991083726739211, 0.39943625897251406, 0.43687083230492835]
2026-10-03T20:23:41 set_cartesian_trajectory (9 waypoints): [0.6494485962012511, -0.12752305009957188, 0.1600758131285506] [0.540500493806936, 0.5985939648006449, 0.3982352513172379, 0.4369818830420766]; [0.6584988092619383, -0.12724204438916906, 0.15788838186661353] [0.5417980763214151, 0.5980273387526146, 0.39710625460319254, 0.43717818924770724]; [0.6675490223226254, -0.12696103867876626, 0.15570095060467645] [0.5430938611741672, 0.5974587284766858, 0.3959759403083979, 0.4373730449157061]; [0.6765992353833126, -0.12668003296836344, 0.15351351934273938] [0.5443878440658367, 0.5968881358594819, 0.39484431218318605, 0.43756644939955075]; [0.6856494484439997, -0.12639902725796065, 0.15132608808080228] [0.5456800207030463, 0.5963155627942033, 0.39371137398224865, 0.43775840205753386]; [0.6946996615046869, -0.12611802154755783, 0.1491386568188652] [0.5469703867984116, 0.5957410111806224, 0.3925771294646235, 0.43794890225276467]; [0.703749874565374, -0.12583701583715504, 0.14695122555692813] [0.5482589380705559, 0.595164482925075, 0.39144158239368343, 0.43813794935317285]; [0.7128000876260612, -0.12555601012675222, 0.14476379429499106] [0.5495456702441239, 0.5945859799404566, 0.39030473653712244, 0.438325542731508]; [0.7218503006867483, -0.12527500441634942, 0.142576363033054] [0.5508305790497959, 0.5940055041462138, 0.38916659566694417, 0.4385116817653438]
2026-10-03T20:23:44 set_cartesian_trajectory (4 waypoints): [0.7242916447839688, -0.12530558889594312, 0.14201119599151785] [0.5508856420630275, 0.5940757197980749, 0.3891063444413025, 0.43840084538095014]; [0.7267627562923333, -0.12538178931646815, 0.141639233776096] [0.5508856420630275, 0.5940757197980749, 0.3891063444413025, 0.43840084538095014]; [0.7292338678006979, -0.12545798973699315, 0.14126727156067412] [0.5508856420630275, 0.5940757197980749, 0.3891063444413025, 0.43840084538095014]; [0.7317049793090624, -0.12553419015751818, 0.14089530934525227] [0.5508856420630275, 0.5940757197980749, 0.3891063444413025, 0.43840084538095014]
2026-10-03T20:23:46 set_cartesian_trajectory (1 waypoints): [0.7218210697174072, -0.12522916495800018, 0.14238369464874268] [0.5509564031014679, 0.5941617564470391, 0.38904512835186256, 0.4382496288223702]
2026-10-03T20:23:46 set_cartesian_trajectory (4 waypoints): [0.7242488635501813, -0.12536045869674917, 0.14191405904698545] [0.5510129216734031, 0.5941861404548118, 0.38896756918958886, 0.4382143548072075]; [0.7267198111457727, -0.1254369012611436, 0.14154205585337032] [0.5510129216734031, 0.5941861404548118, 0.38896756918958886, 0.4382143548072075]; [0.7291907587413641, -0.125513343825538, 0.14117005265975516] [0.5510129216734031, 0.5941861404548118, 0.38896756918958886, 0.4382143548072075]; [0.7316617063369555, -0.12558978638993243, 0.14079804946614002] [0.5510129216734031, 0.5941861404548118, 0.38896756918958886, 0.4382143548072075]
2026-10-03T20:23:48 set_cartesian_trajectory (1 waypoints): [0.7217777967453003, -0.12528476119041443, 0.14228643476963043] [0.5511084157097917, 0.5942613449479065, 0.38889739048028804, 0.43805454878607397]
2026-10-03T20:23:49 set_cartesian_trajectory (4 waypoints): [0.7241908384284924, -0.12539882918682332, 0.1417831299941557] [0.5511774205708477, 0.5942954084143575, 0.3888178898420739, 0.43799208569246517]; [0.7266618158264062, -0.12547524194889537, 0.14141122365808834] [0.5511774205708477, 0.5942954084143575, 0.3888178898420739, 0.43799208569246517]; [0.72913279322432, -0.12555165471096738, 0.14103931732202094] [0.5511774205708477, 0.5942954084143575, 0.3888178898420739, 0.43799208569246517]; [0.7316037706222338, -0.12562806747303942, 0.14066741098595356] [0.5511774205708477, 0.5942954084143575, 0.3888178898420739, 0.43799208569246517]
2026-10-03T20:23:51 set_cartesian_trajectory (1 waypoints): [0.7217198610305786, -0.12532304227352142, 0.14215579628944397] [0.5512723620212303, 0.5943813719317789, 0.3887485274100026, 0.4378174848136887]
2026-10-03T20:23:52 set_cartesian_trajectory (4 waypoints): [0.7241410089454602, -0.12539779355612035, 0.14167686981368238] [0.5513321382062428, 0.5944123485981172, 0.3886953000711731, 0.43774741223402297]; [0.726611986343374, -0.12547404985599986, 0.14130485916948665] [0.5513321382062428, 0.5944123485981172, 0.3886953000711731, 0.43774741223402297]; [0.7290829637412878, -0.12555030615587934, 0.1409328485252909] [0.5513321382062428, 0.5944123485981172, 0.3886953000711731, 0.43774741223402297]; [0.7315539411392016, -0.12562656245575884, 0.14056083788109516] [0.5513321382062428, 0.5944123485981172, 0.3886953000711731, 0.43774741223402297]
2026-10-03T20:23:53 set_cartesian_trajectory (1 waypoints): [0.7216700315475464, -0.12532153725624084, 0.14204922318458557] [0.5514278720776965, 0.5945048739120339, 0.38861550385333443, 0.43757199059756946]
2026-10-03T20:23:54 set_cartesian_trajectory (43 waypoints): [0.7136857121489769, -0.12349827899489292, 0.1475238016871519] [0.5505559662575549, 0.5962106117571063, 0.38827794247018743, 0.4366477686162438]; [0.7057671962782394, -0.12163381902284401, 0.1531335188205852] [0.5496022355324675, 0.5978817211090286, 0.38802230070347404, 0.43579068876950866]; [0.6978486804075019, -0.11976935905079508, 0.1587432359540185] [0.5486460304171379, 0.5995501387093514, 0.3877649120031922, 0.43493164692888364]; [0.6899301645367645, -0.11790489907874617, 0.16435295308745185] [0.5476873552165427, 0.6012158570466128, 0.38750577752814364, 0.43407064696190206]; [0.682011648666027, -0.11604043910669726, 0.16996267022088515] [0.5467262142467787, 0.6028788686215035, 0.3872448984449901, 0.4332076927449124]; [0.6740931327952895, -0.11417597913464834, 0.1755723873543185] [0.5457626118350445, 0.6045391659469005, 0.3869822759282478, 0.4323427881630618]; [0.666174616924552, -0.11231151916259943, 0.1811821044877518] [0.5447965523196198, 0.6061967415479002, 0.3867179111602816, 0.43147593711027815]; [0.6582561010538146, -0.11044705919055052, 0.18679182162118513] [0.5438280400498471, 0.6078515879618533, 0.386451805331301, 0.43060714348925244]; [0.650337585183077, -0.10858259921850161, 0.19240153875461846] [0.5428570793861109, 0.6095036977383973, 0.38618395963935354, 0.4297364112114218]; [0.6424190693123396, -0.10671813924645268, 0.19801125588805177] [0.5418836746998198, 0.6111530634394907, 0.38591437529031997, 0.42886374419695095]; [0.6345005534416022, -0.10485367927440377, 0.20362097302148507] [0.5409078303733846, 0.6127996776394461, 0.38564305349790867, 0.42798914637471575]; [0.6265820375708646, -0.10298921930235486, 0.2092306901549184] [0.5399295508002006, 0.6144435329249637, 0.38536999548365053, 0.4271126216822841]; [0.6186635217001272, -0.10112475933030594, 0.21484040728835171] [0.5389488403846263, 0.6160846218951649, 0.3850952024768927, 0.4262341740658994]; [0.6107450058293897, -0.09926029935825703, 0.22045012442178505] [0.5379657035419647, 0.6177229371616249, 0.38481867571479395, 0.42535380748046236]; [0.6028264899586522, -0.0973958393862081, 0.22605984155521835] [0.5369801446984426, 0.6193584713484077, 0.38454041644231857, 0.4244715258895131]; [0.5949079740879147, -0.0955313794141592, 0.2316695586886517] [0.535992168291191, 0.620991217092097, 0.3842604259122306, 0.4235873332652131]; [0.5869894582171773, -0.09366691944211028, 0.237279275822085] [0.5350017787682257, 0.6226211670418308, 0.3839787053850888, 0.42270123358832806]; [0.5790709423464397, -0.09180245947006137, 0.24288899295551833] [0.5340089805884257, 0.6242483138593345, 0.3836952561292405, 0.4218132308482091]; [0.5711524264757023, -0.08993799949801246, 0.24849871008895164] [0.5330137782215151, 0.6258726502189536, 0.38341007942081595, 0.4209233290427756]; [0.5632339106049649, -0.08807353952596354, 0.25410842722238497] [0.5320161761480413, 0.627494168807686, 0.38312317654372274, 0.42003153217849626]; [0.5553153947342274, -0.08620907955391463, 0.2597181443558183] [0.5310161788593561, 0.6291128623252161, 0.3828345487896399, 0.4191378442703724]; [0.5473968788634899, -0.0843446195818657, 0.2653278614892516] [0.5300137908575943, 0.6307287234839476, 0.382544197458012, 0.41824226934191827]; [0.5394783629927524, -0.0824801596098168, 0.2709375786226849] [0.5290090166556547, 0.6323417450090353, 0.3822521238560437, 0.4173448114251445]; [0.531559847122015, -0.08061569963776788, 0.27654729575611825] [0.5280018607771786, 0.6339519196384183, 0.3819583292986933, 0.41644547456053854]; [0.5236413312512774, -0.07875123966571895, 0.2821570128895516] [0.5269923277565302, 0.6355592401228538, 0.3816628151086672, 0.41554426279704765]; [0.51572281538054, -0.07688677969367005, 0.28776673002298486] [0.5259804221387759, 0.6371636992259477, 0.3813655826164137, 0.41464118019206003]; [0.5078042995098025, -0.07502231972162113, 0.2933764471564182] [0.5249661484796639, 0.6387652897241891, 0.38106663316011746, 0.4137362308113863]; [0.49988578363906505, -0.07315785974957222, 0.29898616428985153] [0.5239495113456037, 0.6403640044069809, 0.38076596808569285, 0.4128294187292423]; [0.49196726776832755, -0.0712933997775233, 0.30459588142328486] [0.5229305153136454, 0.641959836076675, 0.3804635887467785, 0.4119207480282295]; [0.4840487518975901, -0.06942893980547439, 0.31020559855671814] [0.5219091649714594, 0.6435527775486013, 0.3801594965047305, 0.41101022279931715]; [0.47613023602685267, -0.06756447983342548, 0.3158153156901515] [0.5208854649173151, 0.645142821651103, 0.37985369272861713, 0.41009784714182407]; [0.4682117201561152, -0.06570001986137657, 0.3214250328235848] [0.5198594197600613, 0.6467299612255671, 0.37954617879521196, 0.4091836251633999]; [0.4602932042853777, -0.06383555988932765, 0.3270347499570181] [0.5188310341191046, 0.6483141891264574, 0.37923695608898805, 0.4082675609800068]; [0.45237468841464024, -0.06197109991727874, 0.3326444670904514] [0.5178003126243882, 0.6498954982213466, 0.37892602600211145, 0.4073496587159004]; [0.44445617254390274, -0.060106639945229814, 0.33825418422388476] [0.5167672599163723, 0.6514738813909482, 0.3786133899344355, 0.4064299225036123]; [0.43653765667316524, -0.0582421799731809, 0.3438639013573181] [0.5157318806460126, 0.6530493315291486, 0.37829904929349367, 0.40550835648393013]; [0.4286191408024278, -0.05637772000113199, 0.3494736184907514] [0.5146941794747389, 0.6546218415430387, 0.37798300549449376, 0.40458496480588]; [0.4207006249316903, -0.05451326002908308, 0.3550833356241847] [0.5136541610744351, 0.6561914043529474, 0.3776652599603117, 0.4036597516267076]; [0.41278210906095286, -0.052648800057034165, 0.36069305275761804] [0.5126118301274168, 0.6577580128924713, 0.3773458141214847, 0.4027327211118584]; [0.40486359319021537, -0.05078434008498525, 0.36630276989105137] [0.5115671913264119, 0.6593216601085079, 0.37702466941620477, 0.4018038774349608]; [0.39694507731947787, -0.048919880112936326, 0.37191248702448465] [0.5105202493745379, 0.6608823389612872, 0.3767018272903128, 0.40087322477780574]; [0.3890265614487404, -0.04705542014088741, 0.377522204157918] [0.509471008985282, 0.662440042424403, 0.37637728919729185, 0.3999407673303285]; [0.38110804557800293, -0.0451909601688385, 0.3831319212913513] [0.5084194748824789, 0.6639947634848449, 0.3760510565982599, 0.3990065092905902]
2026-10-03T20:24:38 set_cartesian_trajectory (15 waypoints): [0.5238370056936483, -0.13462995273498882, 0.22632904853094532] [0.5077564757290176, 0.662861418073759, 0.3795969047438143, 0.3983770722486529]; [0.5326201430935343, -0.13430150414761283, 0.22192516437508494] [0.5107730015544895, 0.6585583506046917, 0.3804010060486119, 0.4008826690305399]; [0.5414032804934205, -0.13397305556023684, 0.21752128021922454] [0.5137718850701303, 0.6542325362589734, 0.381191968145996, 0.4033744191599387]; [0.5501864178933065, -0.13364460697286085, 0.21311739606336413] [0.5167530226932686, 0.6498841244520129, 0.3819697637158098, 0.40585223657077374]; [0.5589695552931926, -0.13331615838548486, 0.20871351190750376] [0.5197163114541831, 0.6455132653797451, 0.382734365892674, 0.4083160356782111]; [0.5677526926930786, -0.13298770979810887, 0.20430962775164335] [0.5226616489996595, 0.6411201100134423, 0.38348574826691484, 0.4107657313816148]; [0.5765358300929647, -0.13265926121073288, 0.19990574359578295] [0.525588933596526, 0.6367048100945001, 0.3842238848854753, 0.4132012390674865]; [0.5853189674928507, -0.13233081262335689, 0.19550185943992257] [0.5284980641351671, 0.6322675181291963, 0.38494875025281283, 0.41562247461238777]; [0.5941021048927368, -0.1320023640359809, 0.19109797528406217] [0.5313889401330159, 0.6278083873834227, 0.3856603193317788, 0.41802935438584543]; [0.6028852422926229, -0.1316739154486049, 0.1866940911282018] [0.5342614617380247, 0.6233275718773916, 0.3863585675444845, 0.4204217952532411]; [0.611668379692509, -0.13134546686122892, 0.18229020697234138] [0.5371155297321144, 0.6188252263803162, 0.38704347077314893, 0.4227997145786819]; [0.620451517092395, -0.13101701827385293, 0.17788632281648098] [0.5399510455346013, 0.6143015064050641, 0.3877150053609326, 0.4251630302278549]; [0.6292346544922811, -0.13068856968647694, 0.17348243866062057] [0.5427679112056013, 0.6097565682027862, 0.3883731481127542, 0.42751166057086437]; [0.6380177918921672, -0.13036012109910095, 0.1690785545047602] [0.5455660294494142, 0.60519056875752, 0.389017876296092, 0.429845524485051]; [0.6468009292920532, -0.13003167251172495, 0.1646746703488998] [0.5483453036178838, 0.6006036657807667, 0.3896491676417691, 0.4321645413577938]
2026-10-03T20:24:45 set_cartesian_trajectory (9 waypoints): [0.6552704422143699, -0.12912899041269557, 0.16200482372330044] [0.5484505810060755, 0.6003148481828751, 0.38964450144004376, 0.4324363603385008]; [0.6637777385051253, -0.12823617029377493, 0.15947767146202751] [0.5484921839181522, 0.5999800423639841, 0.3897076980820224, 0.43279115402376145]; [0.6722850347958806, -0.12734335017485432, 0.15695051920075462] [0.5485336531637185, 0.5996450903310888, 0.3897707997529702, 0.43314584223863417]; [0.6807923310866361, -0.12645053005593368, 0.1544233669394817] [0.5485749887326685, 0.5993099921658164, 0.38983380643750953, 0.43350042489668245]; [0.6892996273773915, -0.12555770993701304, 0.15189621467820877] [0.5486161906149287, 0.5989747479498294, 0.3898967181202857, 0.4338549019114949]; [0.6978069236681469, -0.1246648898180924, 0.14936906241693584] [0.5486572588004586, 0.5986393577648266, 0.3899595347859674, 0.4342092731966865]; [0.7063142199589022, -0.12377206969917176, 0.14684191015566295] [0.5486981932792494, 0.5983038216925415, 0.39002225641924604, 0.4345635386658974]; [0.7148215162496576, -0.12287924958025113, 0.14431475789439002] [0.5487389940413258, 0.5979681398147442, 0.3900848830048367, 0.4349176982327938]; [0.723328812540413, -0.1219864294613305, 0.1417876056331171] [0.5487796610767445, 0.597632312213239, 0.3901474145274773, 0.4352717518110678]
2026-10-03T20:24:48 set_cartesian_trajectory (4 waypoints): [0.7257402604567393, -0.12198969759889063, 0.14118776990907714] [0.5488580872473353, 0.5977039635949326, 0.3900719517817791, 0.43514209679052834]; [0.7282102238630026, -0.12204166577950351, 0.1408049121287927] [0.5488580872473353, 0.5977039635949326, 0.3900719517817791, 0.43514209679052834]; [0.7306801872692658, -0.1220936339601164, 0.14042205434850824] [0.5488580872473353, 0.5977039635949326, 0.3900719517817791, 0.43514209679052834]; [0.733150150675529, -0.12214560214072928, 0.1400391965682238] [0.5488580872473353, 0.5977039635949326, 0.3900719517817791, 0.43514209679052834]
2026-10-03T20:24:50 set_cartesian_trajectory (1 waypoints): [0.7232702970504761, -0.12193772941827774, 0.14157062768936157] [0.5489211785015915, 0.5977804411728157, 0.38999378740092694, 0.4350275045699274]
2026-10-03T20:24:51 set_cartesian_trajectory (4 waypoints): [0.7256719386326655, -0.12198547870762762, 0.14105715750592276] [0.5489850387144507, 0.5978278376900689, 0.38991459602803147, 0.4349527693380127]; [0.7281418871377676, -0.12203746737733714, 0.14067443011079878] [0.5489850387144507, 0.5978278376900689, 0.38991459602803147, 0.4349527693380127]; [0.7306118356428696, -0.12208945604704667, 0.14029170271567476] [0.5489850387144507, 0.5978278376900689, 0.38991459602803147, 0.4349527693380127]; [0.7330817841479716, -0.1221414447167562, 0.13990897532055077] [0.5489850387144507, 0.5978278376900689, 0.38991459602803147, 0.4349527693380127]
2026-10-03T20:24:52 set_cartesian_trajectory (1 waypoints): [0.7232019305229187, -0.12193357199430466, 0.14144040644168854] [0.5490875427426528, 0.597908749280192, 0.3898017090713172, 0.434813322638707]
2026-10-03T20:24:53 set_cartesian_trajectory (4 waypoints): [0.7256039148318156, -0.12198318392880377, 0.14090360849040076] [0.5491503305039025, 0.5979674388971411, 0.389714136859866, 0.434731811646926]; [0.7280739080404013, -0.1220351502467715, 0.1405208438423738] [0.5491503305039025, 0.5979674388971411, 0.389714136859866, 0.434731811646926]; [0.7305439012489868, -0.12208711656473924, 0.1401380791943468] [0.5491503305039025, 0.5979674388971411, 0.389714136859866, 0.434731811646926]; [0.7330138944575725, -0.12213908288270697, 0.13975531454631981] [0.5491503305039025, 0.5979674388971411, 0.389714136859866, 0.434731811646926]
2026-10-03T20:24:55 set_cartesian_trajectory (1 waypoints): [0.7231340408325195, -0.12193121016025543, 0.14128674566745758] [0.5492348132558245, 0.5980415858653658, 0.38961808566903566, 0.43460916787738574]
2026-10-03T20:24:56 set_cartesian_trajectory (4 waypoints): [0.7255447274195537, -0.12199113183565553, 0.14077412857549712] [0.5492983276796587, 0.5980819295440313, 0.38953692595334616, 0.43454612652747926]; [0.7280146610234945, -0.12204311864271991, 0.14039130059753507] [0.5492983276796587, 0.5980819295440313, 0.38953692595334616, 0.43454612652747926]; [0.7304845946274353, -0.12209510544978429, 0.140008472619573] [0.5492983276796587, 0.5980819295440313, 0.38953692595334616, 0.43454612652747926]; [0.7329545282313762, -0.12214709225684867, 0.13962564464161095] [0.5492983276796587, 0.5980819295440313, 0.38953692595334616, 0.43454612652747926]
2026-10-03T20:24:57 set_cartesian_trajectory (1 waypoints): [0.7230746746063232, -0.12193921953439713, 0.14115707576274872] [0.5493807165078689, 0.598149781547885, 0.38944468941409294, 0.43443123857600163]
2026-10-03T20:24:58 set_cartesian_trajectory (23 waypoints): [0.7139808613321056, -0.12251296056353528, 0.14494818513808044] [0.5475822489274931, 0.6012948508453406, 0.3889766556913921, 0.4327763213641995]; [0.7049387252849081, -0.12307866241620935, 0.14884749184484067] [0.5457224685523288, 0.6043914804684055, 0.3885771195995835, 0.43116788815733054]; [0.6958965892377107, -0.12364436426888341, 0.15274679855160092] [0.5438540687175021, 0.6074785639791395, 0.38817144609361065, 0.4295526448328031]; [0.6868544531905133, -0.12421006612155748, 0.15664610525836115] [0.5419770789336116, 0.610556052618341, 0.3877596415809181, 0.427930616902714]; [0.6778123171433159, -0.12477576797423155, 0.1605454119651214] [0.5400915288469312, 0.6136238977783556, 0.387341712565787, 0.4263018299863209]; [0.6687701810961184, -0.1253414698269056, 0.16444471867188162] [0.5381974482389416, 0.6166820510038432, 0.3869176656492324, 0.42466630980963616]; [0.659728045048921, -0.12590717167957968, 0.16834402537864188] [0.5362948670258586, 0.6197304639925447, 0.3864875075288994, 0.4230240822050216]; [0.6506859090017236, -0.12647287353225375, 0.1722433320854021] [0.5343838152581625, 0.6227690885960431, 0.38605124499895654, 0.42137517311077993]; [0.6416437729545261, -0.12703857538492783, 0.17614263879216235] [0.5324643231201213, 0.6257978768205253, 0.38560888494998935, 0.41971960857074514]; [0.6326016369073287, -0.1276042772376019, 0.1800419454989226] [0.5305364209293164, 0.6288167808275398, 0.38516043436889114, 0.4180574147338714]; [0.6235595008601313, -0.12816997909027597, 0.18394125220568283] [0.5286001391361618, 0.6318257529347517, 0.38470590033875235, 0.41638861785382003]; [0.6145173648129338, -0.12873568094295004, 0.18784055891244308] [0.5266555083234237, 0.6348247456166972, 0.38424529003874913, 0.4147132442885439]; [0.6054752287657365, -0.12930138279562411, 0.1917398656192033] [0.5247025592057382, 0.6378137115055322, 0.3837786107440299, 0.4130313204998728]; [0.5964330927185391, -0.1298670846482982, 0.19563917232596356] [0.5227413226291253, 0.6407926033917829, 0.3833058698256003, 0.4113428730530942]; [0.5873909566713416, -0.13043278650097226, 0.19953847903272381] [0.5207718295705014, 0.6437613742250893, 0.38282707475020644, 0.4096479286165337]; [0.5783488206241442, -0.13099848835364633, 0.20343778573948404] [0.5187941111371918, 0.6467199771149497, 0.382342233080218, 0.4079465139611349]; [0.5693066845769468, -0.13156419020632037, 0.20733709244624426] [0.5168081985664369, 0.6496683653314602, 0.3818513524735074, 0.4062386559600351]; [0.5602645485297493, -0.13212989205899445, 0.21123639915300452] [0.5148141232249008, 0.6526064923060545, 0.3813544406833301, 0.404524381588142]; [0.5512224124825519, -0.13269559391166852, 0.21513570585976477] [0.5128119166081756, 0.655534311632237, 0.3808515055582012, 0.4028037179217072]; [0.5421802764353545, -0.1332612957643426, 0.219035012566525] [0.510801610340282, 0.6584517770663186, 0.38034255504177217, 0.40107669213789804]; [0.5331381403881571, -0.13382699761701666, 0.22293431927328522] [0.508783236173173, 0.6613588425281444, 0.379827597172705, 0.39934333151436974]; [0.5240960043409596, -0.13439269946969074, 0.22683362598004547] [0.5067568259862298, 0.6642554621018234, 0.3793066400845452, 0.397603663428833]; [0.5150538682937622, -0.1349584013223648, 0.23073293268680573] [0.5047224117857594, 0.6671415900364526, 0.3787796920055934, 0.39585771535862235]
2026-10-03T20:26:18 set_cartesian_trajectory (16 waypoints): [0.5230765310857443, -0.13402384644542065, 0.22502544908941613] [0.5075741550647642, 0.6632897222889015, 0.37947849555842966, 0.39800916173489476]; [0.5311356123156841, -0.13307804119177513, 0.21939855097176286] [0.5103541830356517, 0.6593952394865007, 0.38022290222014327, 0.40020878379646296]; [0.539194693545624, -0.13213223593812962, 0.2137716528541096] [0.5131197740919414, 0.6554821036915797, 0.38095655312487503, 0.4023970847398254]; [0.5472537747755638, -0.1311864306844841, 0.20814475473645633] [0.5158708500005097, 0.6515504255990425, 0.3816794275190857, 0.4045740026622585]; [0.5553128560055036, -0.13024062543083859, 0.20251785661880303] [0.5186073329388377, 0.6476003164283183, 0.3823915049540823, 0.40673947598304216]; [0.5633719372354435, -0.12929482017719307, 0.19689095850114977] [0.5213291454972128, 0.6436318879202149, 0.38309276528659697, 0.4088934434452013]; [0.5714310184653834, -0.12834901492354756, 0.1912640603834965] [0.5240362106809194, 0.6396452523337582, 0.38378318867935624, 0.41103584411723937]; [0.5794900996953232, -0.12740320966990204, 0.18563716226584323] [0.5267284519124154, 0.6356405224430167, 0.38446275560164195, 0.41316661739486077]; [0.587549180925263, -0.12645740441625652, 0.18001026414818996] [0.5294057930334989, 0.6316178115339108, 0.38513144682984446, 0.4152857030026868]; [0.5956082621552028, -0.125511599162611, 0.1743833660305367] [0.5320681583074636, 0.6275772334010085, 0.3857892434480064, 0.4173930409959595]; [0.6036673433851427, -0.12456579390896551, 0.1687564679128834] [0.5347154724212396, 0.6235189023443068, 0.38643612684835676, 0.4194885717622376]; [0.6117264246150825, -0.12361998865531999, 0.16312956979523013] [0.5373476604875254, 0.6194429331659972, 0.38707207873183835, 0.4215722360230837]; [0.6197855058450223, -0.12267418340167448, 0.15750267167757687] [0.5399646480469048, 0.6153494411672196, 0.3876970811086252, 0.4236439748357398]; [0.6278445870749623, -0.12172837814802896, 0.1518757735599236] [0.5425663610699544, 0.6112385421447999, 0.38831111629863085, 0.4257037295947955]; [0.6359036683049021, -0.12078257289438345, 0.14624887544227033] [0.5451527259593376, 0.607110352387974, 0.3889141669320095, 0.4277514420338459]; [0.6439627495348419, -0.11983676764073793, 0.14062197732461706] [0.5477236695518859, 0.6029649886750988, 0.38950621594964635, 0.42978705422713936]
2026-10-03T20:26:25 set_cartesian_trajectory (9 waypoints): [0.6527181831431783, -0.11921457492530722, 0.1390710933895399] [0.5477129292284775, 0.6025203877791594, 0.38967254098592297, 0.430273215838479]; [0.6615134412909341, -0.11861572252155102, 0.13768250026136436] [0.5476438914234053, 0.602013775371039, 0.38990690617733614, 0.43085750192535327]; [0.6703086994386901, -0.11801687011779483, 0.13629390713318884] [0.5475744934112454, 0.6015067669946034, 0.3901410149115271, 0.43144150462017583]; [0.6791039575864459, -0.11741801771403862, 0.1349053140050133] [0.5475047352376438, 0.6009993629833328, 0.39037486703451324, 0.4320252235388252]; [0.6878992157342019, -0.11681916531028243, 0.13351672087683775] [0.5474346169484827, 0.6004915636709668, 0.390608462392481, 0.43260865829736594]; [0.6966944738819577, -0.11622031290652622, 0.1321281277486622] [0.5473641385898822, 0.5999833693915048, 0.39084180083178505, 0.4331918085120502]; [0.7054897320297137, -0.11562146050277003, 0.13073953462048668] [0.5472933002081984, 0.5994747804792063, 0.39107488219894965, 0.43377467379931667]; [0.7142849901774695, -0.11502260809901382, 0.12935094149231113] [0.5472221018500247, 0.5989657972685909, 0.39130770634066786, 0.434357253775792]; [0.7230802483252254, -0.11442375569525763, 0.1279623483641356] [0.5471505435621911, 0.5984564200944367, 0.3915402731038023, 0.4349395480582902]
2026-10-03T20:26:29 set_cartesian_trajectory (4 waypoints): [0.7255154257691897, -0.11441595207503902, 0.12733616114354007] [0.5472065639174662, 0.5985515683140435, 0.39145815202043144, 0.43481204179643856]; [0.7279863368823125, -0.11445722929341529, 0.126957554234979] [0.5472065639174662, 0.5985515683140435, 0.39145815202043144, 0.43481204179643856]; [0.7304572479954353, -0.11449850651179157, 0.12657894732641792] [0.5472065639174662, 0.5985515683140435, 0.39145815202043144, 0.43481204179643856]; [0.7329281591085581, -0.11453978373016784, 0.12620034041785685] [0.5472065639174662, 0.5985515683140435, 0.39145815202043144, 0.43481204179643856]
2026-10-03T20:26:30 set_cartesian_trajectory (1 waypoints): [0.7230449318885803, -0.11437458544969559, 0.1277151107788086] [0.5473045751075436, 0.5986308710197107, 0.39134411936429114, 0.43468213969235175]
2026-10-03T20:26:31 set_cartesian_trajectory (24 waypoints): [0.7143362785379092, -0.11521334201097488, 0.13188165177901587] [0.5456545726803302, 0.6016461425099001, 0.39081894870551137, 0.4330629929337325]; [0.7056702425082525, -0.11607231199741364, 0.13617602984110513] [0.5439603760887349, 0.6045922968965615, 0.3903534119275087, 0.4315083748611316]; [0.6970042064785957, -0.11693128198385239, 0.14047040790319443] [0.5422584641320081, 0.6075298759337464, 0.3898823384978752, 0.42994763640767997]; [0.688338170448939, -0.11779025197029114, 0.14476478596528372] [0.5405488609495408, 0.6104588379557457, 0.38940573509817017, 0.42838079971040754]; [0.6796721344192823, -0.11864922195672989, 0.149059164027373] [0.5388315907898136, 0.6133791414190713, 0.3889236084883884, 0.4268078869928393]; [0.6710060983896255, -0.11950819194316864, 0.15335354208946228] [0.5371066780100539, 0.6162907449030451, 0.38843596550686416, 0.42522892056468153]; [0.6623400623599688, -0.12036716192960739, 0.15764792015155157] [0.5353741470758886, 0.6191936071103874, 0.38794281307017386, 0.42364392282150365]; [0.6536740263303121, -0.12122613191604614, 0.16194229821364084] [0.5336340225609991, 0.6220876868678015, 0.38744415817303873, 0.4220529162444216]; [0.6450079903006554, -0.1220851019024849, 0.16623667627573013] [0.5318863291467711, 0.6249729431265582, 0.3869400078882251, 0.420455923399779]; [0.6363419542709986, -0.12294407188892365, 0.17053105433781943] [0.530131091621946, 0.6278493349630784, 0.3864303693664441, 0.4188529669388266]; [0.627675918241342, -0.1238030418753624, 0.1748254323999087] [0.5283683348822674, 0.6307168215795133, 0.3859152498362502, 0.4172440695974012]; [0.6190098822116852, -0.12466201186180115, 0.17911981046199799] [0.5265980839301304, 0.6335753623043225, 0.3853946566039392, 0.4156292541956035]; [0.6103438461820284, -0.1255209818482399, 0.18341418852408725] [0.5248203638742245, 0.6364249165928519, 0.3848685970534436, 0.41400854363747364]; [0.6016778101523718, -0.12637995183467865, 0.18770856658617657] [0.5230351999291795, 0.6392654440279081, 0.3843370786462291, 0.4123819609106676]; [0.593011774122715, -0.1272389218211174, 0.19200294464826584] [0.5212426174152063, 0.6420969043203313, 0.3838001089211875, 0.41074952908612916]; [0.5843457380930583, -0.12809789180755615, 0.1962973227103551] [0.5194426417577395, 0.6449192573095676, 0.3832576954945309, 0.4091112713177652]; [0.5756797020634015, -0.1289568617939949, 0.20059170077244443] [0.5176352984870742, 0.6477324629642385, 0.38270984605968295, 0.4074672108421152]; [0.5670136660337448, -0.12981583178043365, 0.2048860788345337] [0.5158206132380075, 0.6505364813827078, 0.38215656838717, 0.40581737097802273]; [0.5583476300040882, -0.1306748017668724, 0.20918045689662296] [0.5139986117494707, 0.6533312727936492, 0.3815978703245107, 0.40416177512630425]; [0.5496815939744313, -0.13153377175331116, 0.21347483495871228] [0.5121693198641679, 0.6561167975566083, 0.38103375979610504, 0.4025004467694174]; [0.5410155579447746, -0.1323927417397499, 0.21776921302080154] [0.5103327635282073, 0.6588930161625666, 0.38046424480312163, 0.40083340947112794]; [0.532349521915118, -0.13325171172618866, 0.2220635910828908] [0.5084889687907339, 0.6616598892345013, 0.3798893334233844, 0.39916068687617556]; [0.5236834858854611, -0.1341106817126274, 0.22635796914498013] [0.50663796180356, 0.6644173775279433, 0.3793090338112579, 0.3974823027099383]; [0.5150174498558044, -0.13496965169906616, 0.2306523472070694] [0.5047797688207941, 0.6671654419315349, 0.37872335419753184, 0.39579828077809603]
