t,x,y,z,qx,qy,qz,qw,J1,J2,J3,J4,J5,J6,J7,gripper,door_deg_fixed_hinge,radius_cm,arm_state
0.06,0.4402,0.0418,0.5248,0.6337,0.3114,0.3005,0.6412,10.20,15.80,113.43,-115.95,-80.00,100.74,148.17,0.655,44.75,33.01,SERVOING_READY
0.17,0.4402,0.0418,0.5248,0.6337,0.3114,0.3005,0.6412,10.20,15.80,113.43,-115.95,-80.00,100.74,148.17,0.655,44.75,33.01,SERVOING_READY
0.29,0.4402,0.0418,0.5248,0.6337,0.3114,0.3005,0.6412,10.20,15.80,113.43,-115.95,-80.00,100.74,148.17,0.655,44.75,33.01,SERVOING_READY
0.41,0.4402,0.0418,0.5248,0.6337,0.3114,0.3005,0.6412,10.20,15.80,113.43,-115.95,-80.00,100.74,148.17,0.655,44.75,33.01,SERVOING_READY
0.54,0.4402,0.0418,0.5248,0.6337,0.3114,0.3005,0.6412,10.20,15.80,113.43,-115.95,-80.00,100.74,148.17,0.655,44.75,33.01,SERVOING_READY
0.66,0.4402,0.0418,0.5248,0.6337,0.3114,0.3005,0.6412,10.20,15.80,113.43,-115.95,-80.00,100.74,148.17,0.655,44.75,33.01,SERVOING_READY
0.79,0.4402,0.0418,0.5248,0.6337,0.3114,0.3005,0.6412,10.20,15.80,113.43,-115.95,-80.00,100.74,148.17,0.655,44.75,33.01,SERVOING_READY
0.89,0.4402,0.0418,0.5248,0.6337,0.3114,0.3005,0.6412,10.20,15.80,113.43,-115.95,-80.00,100.74,148.17,0.655,44.75,33.01,SERVOING_READY
1.01,0.4402,0.0418,0.5248,0.6337,0.3114,0.3005,0.6412,10.20,15.80,113.43,-115.95,-80.00,100.74,148.17,0.655,44.75,33.01,SERVOING_READY
1.14,0.4402,0.0418,0.5248,0.6337,0.3114,0.3005,0.6412,10.20,15.80,113.43,-115.95,-80.00,100.74,148.17,0.655,44.75,33.01,SERVOING_READY
1.26,0.4402,0.0418,0.5248,0.6337,0.3114,0.3005,0.6412,10.20,15.80,113.43,-115.95,-80.00,100.74,148.17,0.655,44.75,33.01,SERVOING_READY
1.39,0.4402,0.0418,0.5248,0.6337,0.3114,0.3005,0.6412,10.20,15.80,113.43,-115.95,-80.00,100.74,148.17,0.655,44.75,33.01,SERVOING_READY
1.51,0.4402,0.0418,0.5248,0.6337,0.3114,0.3005,0.6412,10.20,15.80,113.43,-115.95,-80.00,100.74,148.17,0.655,44.75,33.01,SERVOING_READY
1.62,0.4402,0.0418,0.5248,0.6337,0.3114,0.3005,0.6412,10.20,15.80,113.43,-115.95,-80.00,100.74,148.17,0.655,44.75,33.01,SERVOING_READY
1.74,0.4402,0.0418,0.5248,0.6337,0.3114,0.3005,0.6412,10.20,15.80,113.43,-115.95,-80.00,100.74,148.17,0.655,44.75,33.01,SERVOING_READY
1.86,0.4402,0.0418,0.5248,0.6337,0.3114,0.3005,0.6412,10.20,15.80,113.43,-115.95,-80.00,100.74,148.17,0.655,44.75,33.01,SERVOING_READY
1.99,0.4402,0.0418,0.5248,0.6337,0.3114,0.3005,0.6412,10.20,15.80,113.43,-115.95,-80.00,100.74,148.17,0.655,44.75,33.01,SERVOING_READY
2.11,0.4402,0.0418,0.5248,0.6337,0.3114,0.3005,0.6412,10.20,15.80,113.43,-115.95,-80.00,100.74,148.17,0.655,44.75,33.01,SERVOING_READY
2.24,0.4402,0.0418,0.5248,0.6337,0.3114,0.3005,0.6412,10.20,15.80,113.43,-115.95,-80.00,100.74,148.17,0.655,44.75,33.01,SERVOING_READY
2.34,0.4402,0.0418,0.5248,0.6337,0.3114,0.3005,0.6412,10.20,15.80,113.43,-115.95,-80.00,100.74,148.17,0.655,44.75,33.01,SERVOING_READY
2.46,0.4402,0.0418,0.5248,0.6337,0.3114,0.3005,0.6412,10.20,15.80,113.43,-115.95,-80.00,100.74,148.17,0.655,44.75,33.01,SERVOING_READY
2.59,0.4402,0.0418,0.5248,0.6337,0.3114,0.3005,0.6412,10.20,15.80,113.43,-115.95,-80.00,100.74,148.17,0.655,44.75,33.01,SERVOING_READY
2.71,0.4402,0.0418,0.5248,0.6337,0.3114,0.3005,0.6412,10.20,15.80,113.43,-115.95,-80.00,100.74,148.17,0.655,44.75,33.01,SERVOING_READY
2.84,0.4402,0.0418,0.5248,0.6337,0.3114,0.3005,0.6412,10.20,15.80,113.43,-115.95,-80.00,100.74,148.17,0.655,44.75,33.01,SERVOING_READY
2.94,0.4402,0.0418,0.5248,0.6337,0.3114,0.3005,0.6412,10.20,15.80,113.43,-115.95,-80.00,100.74,148.17,0.655,44.75,33.01,SERVOING_READY
3.06,0.4402,0.0418,0.5248,0.6337,0.3114,0.3005,0.6412,10.20,15.80,113.43,-115.95,-80.00,100.74,148.17,0.655,44.75,33.01,SERVOING_READY
3.19,0.4402,0.0418,0.5248,0.6337,0.3114,0.3005,0.6412,10.20,15.80,113.43,-115.95,-80.00,100.74,148.17,0.655,44.75,33.01,SERVOING_READY
3.31,0.4402,0.0418,0.5248,0.6337,0.3114,0.3005,0.6412,10.20,15.80,113.43,-115.95,-80.00,100.74,148.17,0.655,44.75,33.01,SERVOING_READY
3.44,0.4402,0.0418,0.5248,0.6337,0.3114,0.3005,0.6412,10.20,15.80,113.43,-115.95,-80.00,100.74,148.17,0.655,44.75,33.01,SERVOING_READY
3.56,0.4402,0.0418,0.5248,0.6337,0.3114,0.3005,0.6412,10.20,15.80,113.43,-115.95,-80.00,100.74,148.17,0.655,44.75,33.01,SERVOING_READY
3.67,0.4402,0.0418,0.5248,0.6337,0.3114,0.3005,0.6412,10.20,15.80,113.43,-115.95,-80.00,100.74,148.17,0.655,44.75,33.01,SERVOING_READY
3.79,0.4402,0.0418,0.5248,0.6337,0.3114,0.3005,0.6412,10.20,15.80,113.43,-115.95,-80.00,100.74,148.17,0.655,44.75,33.01,SERVOING_READY
3.91,0.4402,0.0418,0.5248,0.6337,0.3114,0.3005,0.6412,10.20,15.80,113.43,-115.95,-80.00,100.74,148.17,0.655,44.75,33.01,SERVOING_READY
4.04,0.4402,0.0418,0.5248,0.6337,0.3114,0.3005,0.6412,10.20,15.80,113.43,-115.95,-80.00,100.74,148.17,0.655,44.75,33.01,SERVOING_READY
4.16,0.4402,0.0418,0.5248,0.6337,0.3114,0.3005,0.6412,10.20,15.80,113.43,-115.95,-80.00,100.74,148.17,0.655,44.75,33.01,SERVOING_READY
4.29,0.4402,0.0418,0.5248,0.6337,0.3114,0.3005,0.6412,10.20,15.80,113.43,-115.95,-80.00,100.74,148.17,0.655,44.75,33.01,SERVOING_READY
4.39,0.4402,0.0418,0.5248,0.6337,0.3114,0.3005,0.6412,10.20,15.80,113.43,-115.95,-80.00,100.74,148.17,0.655,44.75,33.01,SERVOING_READY
4.51,0.4402,0.0418,0.5248,0.6337,0.3114,0.3005,0.6412,10.20,15.80,113.43,-115.95,-80.00,100.74,148.17,0.655,44.75,33.01,SERVOING_READY
4.64,0.4402,0.0418,0.5248,0.6337,0.3114,0.3005,0.6412,10.20,15.80,113.43,-115.95,-80.00,100.74,148.17,0.655,44.75,33.01,SERVOING_READY
4.76,0.4402,0.0418,0.5248,0.6337,0.3114,0.3005,0.6412,10.20,15.80,113.43,-115.95,-80.00,100.74,148.17,0.655,44.75,33.01,SERVOING_READY
4.89,0.4402,0.0418,0.5248,0.6337,0.3114,0.3005,0.6412,10.20,15.80,113.43,-115.95,-80.00,100.74,148.17,0.655,44.75,33.01,SERVOING_READY
5.01,0.4402,0.0418,0.5248,0.6337,0.3114,0.3005,0.6412,10.20,15.80,113.43,-115.95,-80.00,100.74,148.17,0.655,44.75,33.01,SERVOING_READY
5.12,0.4402,0.0418,0.5248,0.6337,0.3114,0.3005,0.6412,10.20,15.80,113.43,-115.95,-80.00,100.74,148.17,0.655,44.75,33.01,SERVOING_READY
5.24,0.4402,0.0418,0.5248,0.6337,0.3114,0.3005,0.6412,10.20,15.80,113.43,-115.95,-80.00,100.74,148.17,0.655,44.75,33.01,SERVOING_READY
5.36,0.4402,0.0418,0.5248,0.6337,0.3114,0.3005,0.6412,10.20,15.80,113.43,-115.95,-80.00,100.74,148.17,0.655,44.75,33.01,SERVOING_READY
5.49,0.4402,0.0418,0.5248,0.6337,0.3114,0.3005,0.6412,10.20,15.80,113.43,-115.95,-80.00,100.74,148.17,0.655,44.75,33.01,SERVOING_READY
5.61,0.4402,0.0418,0.5248,0.6337,0.3114,0.3005,0.6412,10.20,15.80,113.43,-115.95,-80.00,100.74,148.17,0.655,44.75,33.01,SERVOING_READY
5.74,0.4402,0.0418,0.5248,0.6337,0.3114,0.3005,0.6412,10.20,15.80,113.43,-115.95,-80.00,100.74,148.17,0.655,44.75,33.01,SERVOING_READY
5.84,0.4402,0.0418,0.5248,0.6337,0.3114,0.3005,0.6412,10.20,15.80,113.43,-115.95,-80.00,100.74,148.17,0.655,44.75,33.01,SERVOING_READY
5.96,0.4402,0.0418,0.5248,0.6337,0.3114,0.3005,0.6412,10.20,15.80,113.43,-115.95,-80.00,100.74,148.17,0.655,44.75,33.01,SERVOING_READY
6.09,0.4402,0.0418,0.5248,0.6337,0.3114,0.3005,0.6412,10.20,15.80,113.43,-115.95,-80.00,100.74,148.17,0.655,44.75,33.01,SERVOING_READY
6.21,0.4402,0.0418,0.5248,0.6337,0.3114,0.3005,0.6412,10.20,15.80,113.43,-115.95,-80.00,100.74,148.17,0.655,44.75,33.01,SERVOING_READY
6.34,0.4402,0.0418,0.5248,0.6337,0.3114,0.3005,0.6412,10.20,15.80,113.43,-115.95,-80.00,100.74,148.17,0.655,44.75,33.01,SERVOING_READY
6.44,0.4402,0.0418,0.5248,0.6337,0.3114,0.3005,0.6412,10.20,15.80,113.43,-115.95,-80.00,100.74,148.17,0.655,44.75,33.01,SERVOING_READY
6.56,0.4402,0.0418,0.5248,0.6337,0.3114,0.3005,0.6412,10.20,15.80,113.43,-115.95,-80.00,100.74,148.17,0.655,44.75,33.01,SERVOING_READY
6.69,0.4402,0.0418,0.5248,0.6337,0.3114,0.3005,0.6412,10.20,15.80,113.43,-115.95,-80.00,100.74,148.17,0.655,44.75,33.01,SERVOING_READY
6.81,0.4402,0.0418,0.5248,0.6337,0.3114,0.3005,0.6412,10.20,15.80,113.43,-115.95,-80.00,100.74,148.17,0.655,44.75,33.01,SERVOING_READY
6.94,0.4402,0.0418,0.5248,0.6337,0.3114,0.3005,0.6412,10.20,15.80,113.43,-115.95,-80.00,100.74,148.17,0.655,44.75,33.01,SERVOING_READY
7.06,0.4402,0.0418,0.5248,0.6337,0.3114,0.3005,0.6412,10.20,15.80,113.43,-115.95,-80.00,100.74,148.17,0.655,44.75,33.01,SERVOING_READY
7.17,0.4402,0.0418,0.5248,0.6337,0.3114,0.3005,0.6412,10.20,15.80,113.43,-115.95,-80.00,100.74,148.17,0.655,44.75,33.01,SERVOING_READY
7.29,0.4402,0.0418,0.5248,0.6337,0.3114,0.3005,0.6412,10.20,15.80,113.43,-115.95,-80.00,100.74,148.17,0.655,44.75,33.01,SERVOING_READY
7.41,0.4402,0.0418,0.5248,0.6337,0.3114,0.3005,0.6412,10.20,15.80,113.43,-115.95,-80.00,100.74,148.17,0.655,44.75,33.01,SERVOING_READY
7.54,0.4402,0.0418,0.5248,0.6337,0.3114,0.3005,0.6412,10.20,15.80,113.43,-115.95,-80.00,100.74,148.17,0.655,44.75,33.01,SERVOING_READY
7.66,0.4402,0.0418,0.5248,0.6337,0.3114,0.3005,0.6412,10.20,15.80,113.43,-115.95,-80.00,100.74,148.17,0.655,44.75,33.01,SERVOING_READY
7.79,0.4402,0.0418,0.5248,0.6337,0.3114,0.3005,0.6412,10.20,15.80,113.43,-115.95,-80.00,100.74,148.17,0.655,44.75,33.01,SERVOING_READY
7.89,0.4402,0.0418,0.5248,0.6337,0.3114,0.3005,0.6412,10.20,15.80,113.43,-115.95,-80.00,100.74,148.17,0.655,44.75,33.01,SERVOING_MANUALLY_CONTROLLED
8.01,0.4402,0.0418,0.5248,0.6337,0.3114,0.3005,0.6411,10.20,15.80,113.43,-115.95,-80.00,100.73,148.17,0.629,44.75,33.00,SERVOING_MANUALLY_CONTROLLED
8.14,0.4403,0.0419,0.5246,0.6338,0.3117,0.3004,0.6410,10.20,15.83,113.43,-115.96,-80.01,100.72,148.17,0.454,44.74,33.00,SERVOING_MANUALLY_CONTROLLED
8.26,0.4402,0.0419,0.5246,0.6338,0.3117,0.3005,0.6409,10.20,15.82,113.43,-115.95,-80.01,100.72,148.17,0.258,44.75,32.99,SERVOING_MANUALLY_CONTROLLED
8.39,0.4402,0.0419,0.5247,0.6338,0.3116,0.3005,0.6410,10.20,15.82,113.43,-115.95,-80.01,100.73,148.17,0.083,44.75,33.00,SERVOING_MANUALLY_CONTROLLED
8.51,0.4402,0.0419,0.5247,0.6338,0.3116,0.3005,0.6410,10.20,15.82,113.43,-115.95,-80.01,100.73,148.17,0.009,44.75,33.00,SERVOING_MANUALLY_CONTROLLED
8.62,0.4402,0.0419,0.5247,0.6338,0.3116,0.3005,0.6410,10.20,15.81,113.43,-115.95,-80.01,100.73,148.17,0.009,44.75,33.00,SERVOING_MANUALLY_CONTROLLED
8.74,0.4402,0.0419,0.5247,0.6338,0.3116,0.3005,0.6410,10.20,15.81,113.43,-115.95,-80.01,100.73,148.17,0.009,44.75,33.00,SERVOING_MANUALLY_CONTROLLED
8.86,0.4402,0.0419,0.5247,0.6338,0.3116,0.3005,0.6410,10.20,15.81,113.43,-115.95,-80.01,100.73,148.17,0.009,44.75,33.00,SERVOING_MANUALLY_CONTROLLED
8.99,0.4402,0.0419,0.5247,0.6338,0.3116,0.3005,0.6410,10.20,15.81,113.43,-115.95,-80.01,100.73,148.17,0.009,44.75,33.00,SERVOING_MANUALLY_CONTROLLED
9.11,0.4402,0.0419,0.5247,0.6338,0.3116,0.3005,0.6410,10.20,15.81,113.43,-115.95,-80.01,100.73,148.17,0.009,44.75,33.00,SERVOING_MANUALLY_CONTROLLED
9.24,0.4402,0.0419,0.5247,0.6338,0.3116,0.3005,0.6410,10.20,15.81,113.43,-115.95,-80.01,100.73,148.17,0.009,44.75,33.00,SERVOING_MANUALLY_CONTROLLED
9.34,0.4402,0.0419,0.5247,0.6338,0.3116,0.3005,0.6410,10.20,15.81,113.43,-115.95,-80.01,100.73,148.17,0.009,44.75,33.00,SERVOING_MANUALLY_CONTROLLED
9.46,0.4402,0.0419,0.5247,0.6338,0.3116,0.3005,0.6410,10.20,15.81,113.43,-115.95,-80.01,100.73,148.17,0.009,44.75,33.00,SERVOING_MANUALLY_CONTROLLED
9.59,0.4402,0.0419,0.5247,0.6338,0.3116,0.3005,0.6410,10.20,15.81,113.43,-115.95,-80.01,100.73,148.17,0.009,44.75,33.00,SERVOING_MANUALLY_CONTROLLED
9.71,0.4402,0.0419,0.5247,0.6338,0.3116,0.3005,0.6410,10.20,15.81,113.43,-115.95,-80.01,100.73,148.17,0.009,44.75,33.00,SERVOING_MANUALLY_CONTROLLED
9.84,0.4402,0.0419,0.5247,0.6338,0.3116,0.3005,0.6410,10.20,15.81,113.43,-115.95,-80.01,100.73,148.17,0.009,44.75,33.00,SERVOING_MANUALLY_CONTROLLED
9.94,0.4402,0.0419,0.5247,0.6338,0.3116,0.3005,0.6410,10.20,15.81,113.43,-115.95,-80.01,100.73,148.17,0.009,44.75,33.00,SERVOING_MANUALLY_CONTROLLED
10.06,0.4402,0.0419,0.5247,0.6338,0.3116,0.3005,0.6410,10.20,15.81,113.43,-115.95,-80.01,100.73,148.17,0.009,44.75,33.00,SERVOING_MANUALLY_CONTROLLED
10.19,0.4402,0.0419,0.5247,0.6338,0.3116,0.3005,0.6410,10.20,15.81,113.43,-115.95,-80.01,100.73,148.17,0.009,44.75,33.00,SERVOING_MANUALLY_CONTROLLED
10.31,0.4402,0.0419,0.5247,0.6338,0.3116,0.3005,0.6410,10.20,15.81,113.43,-115.95,-80.01,100.73,148.17,0.009,44.75,33.00,SERVOING_MANUALLY_CONTROLLED
10.44,0.4402,0.0419,0.5247,0.6338,0.3116,0.3005,0.6410,10.20,15.81,113.43,-115.95,-80.01,100.73,148.17,0.009,44.75,33.00,SERVOING_MANUALLY_CONTROLLED
10.56,0.4402,0.0419,0.5247,0.6338,0.3116,0.3005,0.6410,10.20,15.81,113.43,-115.95,-80.01,100.73,148.17,0.009,44.75,33.00,SERVOING_MANUALLY_CONTROLLED
10.67,0.4402,0.0419,0.5247,0.6338,0.3116,0.3005,0.6410,10.20,15.81,113.43,-115.95,-80.01,100.73,148.17,0.009,44.75,33.00,SERVOING_MANUALLY_CONTROLLED
10.79,0.4402,0.0419,0.5247,0.6338,0.3116,0.3005,0.6410,10.20,15.81,113.43,-115.95,-80.01,100.73,148.17,0.009,44.75,33.00,SERVOING_MANUALLY_CONTROLLED
10.91,0.4402,0.0419,0.5247,0.6338,0.3116,0.3005,0.6410,10.20,15.81,113.43,-115.95,-80.01,100.73,148.17,0.009,44.75,33.00,SERVOING_MANUALLY_CONTROLLED
11.04,0.4402,0.0419,0.5247,0.6338,0.3116,0.3005,0.6410,10.20,15.81,113.43,-115.95,-80.01,100.73,148.17,0.009,44.75,33.00,SERVOING_MANUALLY_CONTROLLED
11.16,0.4402,0.0419,0.5247,0.6338,0.3116,0.3005,0.6410,10.20,15.81,113.43,-115.95,-80.01,100.73,148.17,0.009,44.75,33.00,SERVOING_MANUALLY_CONTROLLED
11.29,0.4402,0.0419,0.5247,0.6338,0.3116,0.3005,0.6410,10.20,15.81,113.43,-115.95,-80.01,100.73,148.17,0.009,44.75,33.00,SERVOING_MANUALLY_CONTROLLED
11.39,0.4402,0.0419,0.5247,0.6338,0.3116,0.3005,0.6410,10.20,15.81,113.43,-115.95,-80.01,100.73,148.17,0.009,44.75,33.00,SERVOING_MANUALLY_CONTROLLED
11.51,0.4402,0.0419,0.5247,0.6338,0.3116,0.3005,0.6410,10.20,15.81,113.43,-115.95,-80.01,100.73,148.17,0.009,44.75,33.00,SERVOING_MANUALLY_CONTROLLED
11.64,0.4402,0.0419,0.5247,0.6338,0.3116,0.3005,0.6410,10.20,15.81,113.43,-115.95,-80.01,100.73,148.17,0.009,44.75,33.00,SERVOING_MANUALLY_CONTROLLED
11.76,0.4402,0.0419,0.5247,0.6338,0.3116,0.3005,0.6410,10.20,15.81,113.43,-115.95,-80.01,100.73,148.17,0.009,44.75,33.00,SERVOING_MANUALLY_CONTROLLED
11.89,0.4402,0.0419,0.5247,0.6338,0.3116,0.3005,0.6410,10.20,15.81,113.43,-115.95,-80.01,100.73,148.17,0.009,44.75,33.00,SERVOING_MANUALLY_CONTROLLED
12.01,0.4402,0.0418,0.5247,0.6338,0.3115,0.3005,0.6411,10.20,15.81,113.43,-115.95,-80.00,100.74,148.16,0.009,44.75,33.00,SERVOING_MANUALLY_CONTROLLED
12.12,0.4402,0.0419,0.5246,0.6316,0.3107,0.3014,0.6431,9.88,16.04,113.66,-116.20,-79.64,101.14,147.87,0.009,44.76,33.00,SERVOING_MANUALLY_CONTROLLED
12.24,0.4403,0.0419,0.5244,0.6271,0.3085,0.3033,0.6478,9.20,16.54,114.16,-116.68,-78.85,102.07,147.24,0.009,44.75,32.99,SERVOING_MANUALLY_CONTROLLED
12.36,0.4403,0.0420,0.5243,0.6207,0.3051,0.3060,0.6542,8.26,17.25,114.86,-117.31,-77.77,103.41,146.38,0.009,44.75,32.99,SERVOING_MANUALLY_CONTROLLED
12.49,0.4403,0.0419,0.5244,0.6155,0.3020,0.3082,0.6596,7.56,17.81,115.41,-117.78,-76.92,104.48,145.72,0.009,44.75,32.99,SERVOING_MANUALLY_CONTROLLED
12.61,0.4402,0.0419,0.5246,0.6143,0.3011,0.3088,0.6608,7.41,17.92,115.53,-117.88,-76.73,104.73,145.57,0.009,44.75,33.00,SERVOING_MANUALLY_CONTROLLED
12.74,0.4402,0.0418,0.5246,0.6142,0.3010,0.3088,0.6609,7.41,17.93,115.54,-117.89,-76.72,104.75,145.56,0.009,44.74,33.00,SERVOING_MANUALLY_CONTROLLED
12.84,0.4402,0.0419,0.5248,0.6170,0.3014,0.3074,0.6588,7.62,17.75,115.33,-117.55,-77.14,104.43,145.88,0.009,44.75,33.00,SERVOING_MANUALLY_CONTROLLED
12.96,0.4403,0.0419,0.5249,0.6225,0.3020,0.3040,0.6549,7.93,17.49,114.98,-116.86,-77.97,103.94,146.52,0.009,44.75,33.00,SERVOING_MANUALLY_CONTROLLED
13.09,0.4402,0.0419,0.5250,0.6297,0.3028,0.2991,0.6498,8.31,17.18,114.55,-115.93,-79.07,103.37,147.38,0.009,44.75,33.00,SERVOING_MANUALLY_CONTROLLED
13.21,0.4402,0.0419,0.5249,0.6355,0.3038,0.2952,0.6455,8.64,16.93,114.21,-115.22,-79.96,102.89,148.08,0.009,44.75,33.00,SERVOING_MANUALLY_CONTROLLED
13.34,0.4402,0.0418,0.5247,0.6369,0.3043,0.2941,0.6444,8.72,16.88,114.14,-115.06,-80.17,102.76,148.25,0.009,44.75,33.00,SERVOING_MANUALLY_CONTROLLED
13.44,0.4402,0.0418,0.5248,0.6370,0.3043,0.2940,0.6444,8.73,16.87,114.13,-115.04,-80.19,102.75,148.27,0.009,44.74,33.00,SERVOING_MANUALLY_CONTROLLED
13.56,0.4402,0.0418,0.5248,0.6370,0.3043,0.2940,0.6443,8.73,16.87,114.13,-115.04,-80.19,102.75,148.27,0.009,44.74,33.00,SERVOING_MANUALLY_CONTROLLED
13.69,0.4402,0.0418,0.5247,0.6370,0.3043,0.2940,0.6444,8.73,16.87,114.13,-115.04,-80.19,102.75,148.27,0.009,44.74,33.00,SERVOING_MANUALLY_CONTROLLED
13.81,0.4402,0.0418,0.5247,0.6370,0.3043,0.2940,0.6444,8.73,16.87,114.13,-115.05,-80.19,102.75,148.26,0.009,44.74,33.00,SERVOING_MANUALLY_CONTROLLED
14.02,0.4402,0.0421,0.5247,0.6369,0.3045,0.2942,0.6443,8.69,16.87,114.13,-115.05,-80.19,102.75,148.26,0.009,44.78,32.99,SERVOING_MANUALLY_CONTROLLED
14.20,0.4387,0.0558,0.5247,0.6321,0.3145,0.3042,0.6396,6.87,16.87,114.13,-115.05,-80.19,102.75,148.26,0.009,46.85,32.26,SERVOING_MANUALLY_CONTROLLED
14.31,0.4365,0.0708,0.5246,0.6266,0.3253,0.3150,0.6343,4.91,16.87,114.14,-115.05,-80.20,102.76,148.26,0.009,49.26,31.56,SERVOING_MANUALLY_CONTROLLED
14.44,0.4359,0.0749,0.5246,0.6251,0.3282,0.3180,0.6328,4.39,16.87,114.14,-115.05,-80.20,102.75,148.26,0.009,49.94,31.39,SERVOING_MANUALLY_CONTROLLED
14.56,0.4358,0.0752,0.5246,0.6250,0.3285,0.3182,0.6327,4.35,16.87,114.14,-115.05,-80.20,102.76,148.26,0.009,49.99,31.38,SERVOING_MANUALLY_CONTROLLED
14.69,0.4358,0.0750,0.5246,0.6251,0.3283,0.3181,0.6327,4.38,16.87,114.14,-115.05,-80.20,102.75,148.26,0.009,49.96,31.38,SERVOING_MANUALLY_CONTROLLED
14.81,0.4358,0.0750,0.5246,0.6251,0.3283,0.3180,0.6327,4.38,16.87,114.14,-115.05,-80.20,102.75,148.26,0.009,49.96,31.38,SERVOING_MANUALLY_CONTROLLED
14.92,0.4364,0.0718,0.5246,0.6262,0.3260,0.3158,0.6339,4.82,16.87,114.14,-115.05,-80.20,102.75,148.26,0.009,49.42,31.52,SERVOING_MANUALLY_CONTROLLED
15.04,0.4373,0.0664,0.5246,0.6282,0.3221,0.3118,0.6359,5.53,16.87,114.14,-115.05,-80.19,102.75,148.26,0.009,48.52,31.76,SERVOING_MANUALLY_CONTROLLED
15.16,0.4376,0.0638,0.5246,0.6292,0.3203,0.3100,0.6367,5.85,16.87,114.14,-115.05,-80.20,102.75,148.26,0.009,48.12,31.87,SERVOING_MANUALLY_CONTROLLED
15.29,0.4379,0.0617,0.5246,0.6300,0.3188,0.3084,0.6375,6.13,16.87,114.14,-115.05,-80.19,102.75,148.26,0.009,47.78,31.97,SERVOING_MANUALLY_CONTROLLED
15.41,0.4380,0.0610,0.5246,0.6302,0.3182,0.3079,0.6378,6.22,16.87,114.14,-115.05,-80.19,102.75,148.26,0.009,47.66,32.01,SERVOING_MANUALLY_CONTROLLED
15.54,0.4380,0.0610,0.5246,0.6302,0.3183,0.3079,0.6378,6.22,16.87,114.14,-115.05,-80.19,102.75,148.26,0.009,47.66,32.01,SERVOING_MANUALLY_CONTROLLED
15.64,0.4383,0.0592,0.5247,0.6309,0.3169,0.3066,0.6384,6.47,16.87,114.14,-115.05,-80.19,102.75,148.26,0.009,47.37,32.10,SERVOING_MANUALLY_CONTROLLED
15.76,0.4391,0.0523,0.5247,0.6333,0.3120,0.3016,0.6408,7.38,16.87,114.14,-115.05,-80.19,102.75,148.26,0.009,46.31,32.44,SERVOING_MANUALLY_CONTROLLED
15.89,0.4403,0.0404,0.5247,0.6375,0.3033,0.2929,0.6449,8.93,16.87,114.14,-115.05,-80.19,102.75,148.26,0.009,44.54,33.08,SERVOING_MANUALLY_CONTROLLED
16.01,0.4409,0.0339,0.5247,0.6397,0.2986,0.2882,0.6470,9.76,16.87,114.14,-115.05,-80.19,102.75,148.26,0.009,43.62,33.46,SERVOING_MANUALLY_CONTROLLED
16.14,0.4409,0.0335,0.5247,0.6398,0.2983,0.2878,0.6472,9.82,16.87,114.14,-115.05,-80.19,102.75,148.26,0.009,43.56,33.48,SERVOING_MANUALLY_CONTROLLED
16.24,0.4409,0.0336,0.5247,0.6398,0.2984,0.2880,0.6471,9.79,16.87,114.14,-115.05,-80.19,102.75,148.26,0.009,43.58,33.47,SERVOING_MANUALLY_CONTROLLED
16.36,0.4409,0.0337,0.5247,0.6397,0.2985,0.2880,0.6471,9.78,16.87,114.14,-115.05,-80.19,102.75,148.26,0.009,43.59,33.47,SERVOING_MANUALLY_CONTROLLED
16.49,0.4409,0.0338,0.5247,0.6397,0.2985,0.2880,0.6471,9.78,16.87,114.14,-115.05,-80.19,102.75,148.26,0.009,43.60,33.47,SERVOING_MANUALLY_CONTROLLED
16.61,0.4409,0.0338,0.5247,0.6397,0.2985,0.2880,0.6470,9.77,16.87,114.14,-115.05,-80.19,102.75,148.26,0.009,43.60,33.46,SERVOING_MANUALLY_CONTROLLED
16.74,0.4409,0.0338,0.5247,0.6397,0.2985,0.2881,0.6470,9.77,16.87,114.14,-115.05,-80.19,102.75,148.26,0.009,43.60,33.46,SERVOING_MANUALLY_CONTROLLED
16.99,0.4409,0.0338,0.5247,0.6397,0.2985,0.2880,0.6470,9.77,16.87,114.14,-115.05,-80.19,102.75,148.26,0.009,43.60,33.46,SERVOING_MANUALLY_CONTROLLED
17.15,0.4409,0.0338,0.5247,0.6397,0.2985,0.2881,0.6470,9.77,16.87,114.14,-115.05,-80.19,102.75,148.26,0.009,43.60,33.46,SERVOING_MANUALLY_CONTROLLED
17.26,0.4409,0.0338,0.5247,0.6397,0.2985,0.2881,0.6470,9.77,16.87,114.14,-115.05,-80.19,102.75,148.26,0.009,43.60,33.46,SERVOING_MANUALLY_CONTROLLED
17.39,0.4409,0.0338,0.5247,0.6397,0.2985,0.2881,0.6470,9.77,16.87,114.14,-115.05,-80.19,102.75,148.26,0.009,43.60,33.46,SERVOING_MANUALLY_CONTROLLED
17.51,0.4409,0.0338,0.5247,0.6397,0.2985,0.2881,0.6470,9.77,16.87,114.14,-115.05,-80.19,102.75,148.26,0.009,43.60,33.46,SERVOING_MANUALLY_CONTROLLED
17.64,0.4409,0.0338,0.5247,0.6397,0.2985,0.2881,0.6470,9.77,16.87,114.14,-115.05,-80.19,102.75,148.26,0.009,43.60,33.46,SERVOING_MANUALLY_CONTROLLED
17.76,0.4374,0.0340,0.5249,0.6394,0.2987,0.2884,0.6471,9.83,16.42,113.86,-115.45,-80.64,102.78,148.09,0.009,44.02,33.72,SERVOING_MANUALLY_CONTROLLED
17.87,0.4267,0.0340,0.5251,0.6392,0.2987,0.2885,0.6473,10.06,15.11,113.08,-116.57,-82.05,102.84,147.55,0.009,45.15,34.54,SERVOING_MANUALLY_CONTROLLED
17.99,0.4163,0.0340,0.5252,0.6391,0.2986,0.2886,0.6474,10.28,13.80,112.31,-117.59,-83.46,102.84,147.06,0.009,46.20,35.36,SERVOING_MANUALLY_CONTROLLED
18.11,0.4042,0.0341,0.5253,0.6390,0.2986,0.2887,0.6474,10.56,12.18,111.40,-118.76,-85.16,102.73,146.54,0.009,47.37,36.32,SERVOING_MANUALLY_CONTROLLED
18.24,0.3916,0.0341,0.5255,0.6389,0.2985,0.2890,0.6475,10.89,10.41,110.45,-119.89,-86.98,102.49,146.06,0.009,48.52,37.34,SERVOING_MANUALLY_CONTROLLED
18.36,0.3791,0.0341,0.5255,0.6388,0.2983,0.2890,0.6476,11.28,8.51,109.52,-120.95,-88.86,102.07,145.68,0.009,49.60,38.38,SERVOING_MANUALLY_CONTROLLED
18.49,0.3665,0.0341,0.5256,0.6388,0.2982,0.2891,0.6477,11.72,6.43,108.63,-121.95,-90.79,101.43,145.40,0.009,50.63,39.43,SERVOING_MANUALLY_CONTROLLED
18.59,0.3539,0.0342,0.5258,0.6387,0.2981,0.2892,0.6478,12.24,4.10,107.85,-122.87,-92.78,100.45,145.28,0.009,51.60,40.48,SERVOING_MANUALLY_CONTROLLED
18.71,0.3434,0.0341,0.5259,0.6387,0.2978,0.2893,0.6478,12.66,1.90,107.42,-123.59,-94.51,99.31,145.31,0.009,52.38,41.38,SERVOING_MANUALLY_CONTROLLED
18.84,0.3312,0.0342,0.5260,0.6386,0.2977,0.2894,0.6479,12.95,-0.95,107.37,-124.36,-96.57,97.59,145.58,0.009,53.24,42.42,SERVOING_MANUALLY_CONTROLLED
18.96,0.3192,0.0341,0.5261,0.6386,0.2975,0.2896,0.6479,12.65,-4.01,108.04,-125.06,-98.67,95.66,146.08,0.009,54.04,43.46,SERVOING_MANUALLY_CONTROLLED
19.09,0.3074,0.0343,0.5261,0.6386,0.2977,0.2898,0.6478,11.67,-6.82,109.12,-125.68,-100.68,94.08,146.72,0.009,54.81,44.48,SERVOING_MANUALLY_CONTROLLED
19.21,0.2958,0.0343,0.5260,0.6387,0.2977,0.2899,0.6476,10.32,-9.29,110.24,-126.22,-102.59,93.00,147.42,0.009,55.51,45.50,SERVOING_MANUALLY_CONTROLLED
19.32,0.2841,0.0344,0.5260,0.6387,0.2978,0.2900,0.6475,8.78,-11.52,111.23,-126.70,-104.45,92.35,148.17,0.009,56.21,46.53,SERVOING_MANUALLY_CONTROLLED
19.44,0.2743,0.0345,0.5260,0.6387,0.2979,0.2901,0.6474,7.46,-13.22,111.92,-127.03,-105.96,92.07,148.82,0.009,56.76,47.40,SERVOING_MANUALLY_CONTROLLED
19.56,0.2632,0.0345,0.5260,0.6387,0.2979,0.2902,0.6473,5.97,-15.02,112.54,-127.35,-107.65,91.98,149.58,0.009,57.36,48.39,SERVOING_MANUALLY_CONTROLLED
19.69,0.2517,0.0345,0.5259,0.6388,0.2980,0.2904,0.6472,4.41,-16.80,113.06,-127.63,-109.37,92.08,150.41,0.009,57.95,49.42,SERVOING_MANUALLY_CONTROLLED
19.81,0.2401,0.0342,0.5259,0.6388,0.2980,0.2905,0.6471,2.86,-18.51,113.49,-127.85,-111.06,92.34,151.26,0.009,58.50,50.48,SERVOING_MANUALLY_CONTROLLED
19.92,0.2287,0.0339,0.5259,0.6388,0.2981,0.2905,0.6471,1.36,-20.14,113.78,-128.00,-112.73,92.76,152.14,0.009,59.01,51.53,SERVOING_MANUALLY_CONTROLLED
20.04,0.2189,0.0337,0.5259,0.6387,0.2982,0.2907,0.6470,0.13,-21.47,113.93,-128.07,-114.11,93.21,152.89,0.009,59.44,52.43,SERVOING_MANUALLY_CONTROLLED
20.16,0.2109,0.0334,0.5258,0.6389,0.2982,0.2902,0.6470,-0.80,-22.50,113.97,-128.08,-115.25,93.67,153.52,0.009,59.76,53.17,SERVOING_MANUALLY_CONTROLLED
20.29,0.2092,0.0332,0.5256,0.6391,0.2982,0.2899,0.6470,-0.99,-22.70,113.97,-128.08,-115.51,93.79,153.66,0.009,59.82,53.34,SERVOING_MANUALLY_CONTROLLED
20.41,0.2090,0.0332,0.5256,0.6391,0.2982,0.2898,0.6470,-1.00,-22.71,113.97,-128.07,-115.53,93.80,153.68,0.009,59.82,53.35,SERVOING_MANUALLY_CONTROLLED
20.54,0.2090,0.0332,0.5256,0.6391,0.2982,0.2898,0.6470,-1.00,-22.71,113.96,-128.07,-115.53,93.80,153.68,0.009,59.82,53.35,SERVOING_MANUALLY_CONTROLLED
20.64,0.2091,0.0332,0.5256,0.6391,0.2982,0.2898,0.6470,-1.00,-22.71,113.96,-128.07,-115.53,93.80,153.68,0.009,59.82,53.35,SERVOING_MANUALLY_CONTROLLED
20.76,0.2091,0.0332,0.5256,0.6392,0.2982,0.2897,0.6470,-0.99,-22.70,113.96,-128.07,-115.53,93.80,153.68,0.009,59.82,53.34,SERVOING_MANUALLY_CONTROLLED
21.00,0.2091,0.0332,0.5256,0.6392,0.2982,0.2897,0.6470,-1.00,-22.70,113.97,-128.07,-115.52,93.79,153.68,0.009,59.82,53.34,SERVOING_MANUALLY_CONTROLLED
21.17,0.2090,0.0330,0.5256,0.6353,0.3068,0.2984,0.6429,-3.62,-23.56,116.13,-128.81,-115.23,92.61,154.24,0.009,59.80,53.36,SERVOING_MANUALLY_CONTROLLED
21.29,0.2089,0.0329,0.5257,0.6311,0.3156,0.3072,0.6386,-6.12,-24.48,118.21,-129.53,-114.93,91.37,154.86,0.009,59.80,53.37,SERVOING_MANUALLY_CONTROLLED
21.41,0.2089,0.0329,0.5257,0.6279,0.3221,0.3136,0.6353,-7.89,-25.17,119.68,-130.06,-114.70,90.44,155.33,0.009,59.79,53.37,SERVOING_MANUALLY_CONTROLLED
21.52,0.2089,0.0329,0.5256,0.6246,0.3288,0.3203,0.6318,-9.65,-25.91,121.15,-130.59,-114.46,89.47,155.82,0.009,59.79,53.37,SERVOING_MANUALLY_CONTROLLED
21.64,0.2089,0.0329,0.5257,0.6218,0.3343,0.3258,0.6289,-11.09,-26.53,122.36,-131.03,-114.26,88.67,156.24,0.009,59.79,53.37,SERVOING_MANUALLY_CONTROLLED
21.76,0.2089,0.0328,0.5257,0.6185,0.3406,0.3320,0.6254,-12.70,-27.25,123.70,-131.53,-114.03,87.75,156.73,0.009,59.79,53.38,SERVOING_MANUALLY_CONTROLLED
21.89,0.2089,0.0328,0.5256,0.6150,0.3471,0.3385,0.6218,-14.34,-28.01,125.07,-132.04,-113.78,86.80,157.25,0.009,59.79,53.38,SERVOING_MANUALLY_CONTROLLED
22.01,0.2089,0.0328,0.5256,0.6115,0.3536,0.3450,0.6181,-15.95,-28.78,126.41,-132.54,-113.53,85.85,157.78,0.009,59.79,53.38,SERVOING_MANUALLY_CONTROLLED
22.14,0.2089,0.0328,0.5256,0.6079,0.3601,0.3514,0.6143,-17.53,-29.55,127.73,-133.03,-113.28,84.92,158.32,0.009,59.79,53.38,SERVOING_MANUALLY_CONTROLLED
22.24,0.2089,0.0328,0.5256,0.6042,0.3665,0.3577,0.6105,-19.08,-30.33,129.01,-133.52,-113.02,83.99,158.87,0.009,59.78,53.38,SERVOING_MANUALLY_CONTROLLED
22.36,0.2089,0.0327,0.5256,0.6010,0.3718,0.3631,0.6072,-20.38,-30.98,130.08,-133.92,-112.80,83.23,159.34,0.009,59.78,53.38,SERVOING_MANUALLY_CONTROLLED
22.49,0.2089,0.0327,0.5256,0.5974,0.3779,0.3691,0.6034,-21.83,-31.74,131.28,-134.37,-112.55,82.36,159.88,0.009,59.78,53.38,SERVOING_MANUALLY_CONTROLLED
22.61,0.2089,0.0327,0.5256,0.5935,0.3842,0.3753,0.5994,-23.33,-32.53,132.51,-134.83,-112.29,81.47,160.47,0.009,59.78,53.38,SERVOING_MANUALLY_CONTROLLED
22.74,0.2089,0.0326,0.5256,0.5896,0.3904,0.3815,0.5953,-24.82,-33.32,133.73,-135.27,-112.02,80.60,161.05,0.009,59.77,53.38,SERVOING_MANUALLY_CONTROLLED
22.86,0.2089,0.0327,0.5256,0.5856,0.3967,0.3877,0.5911,-26.29,-34.12,134.93,-135.71,-111.76,79.73,161.65,0.009,59.77,53.38,SERVOING_MANUALLY_CONTROLLED
22.97,0.2089,0.0326,0.5256,0.5815,0.4029,0.3938,0.5869,-27.75,-34.92,136.11,-136.14,-111.49,78.88,162.27,0.009,59.77,53.38,SERVOING_MANUALLY_CONTROLLED
23.09,0.2089,0.0326,0.5256,0.5780,0.4080,0.3989,0.5833,-28.97,-35.60,137.09,-136.49,-111.27,78.18,162.80,0.009,59.77,53.38,SERVOING_MANUALLY_CONTROLLED
23.21,0.2089,0.0326,0.5256,0.5740,0.4138,0.4048,0.5792,-30.35,-36.38,138.21,-136.88,-111.01,77.40,163.42,0.009,59.77,53.38,SERVOING_MANUALLY_CONTROLLED
23.34,0.2089,0.0326,0.5256,0.5698,0.4199,0.4107,0.5748,-31.78,-37.20,139.35,-137.27,-110.75,76.60,164.07,0.009,59.77,53.38,SERVOING_MANUALLY_CONTROLLED
23.45,0.2089,0.0326,0.5256,0.5654,0.4260,0.4167,0.5703,-33.20,-38.01,140.48,-137.65,-110.49,75.81,164.75,0.009,59.77,53.38,SERVOING_MANUALLY_CONTROLLED
23.56,0.2090,0.0326,0.5256,0.5616,0.4311,0.4219,0.5664,-34.45,-38.74,141.47,-137.97,-110.26,75.14,165.35,0.009,59.76,53.38,SERVOING_MANUALLY_CONTROLLED
23.69,0.2090,0.0325,0.5256,0.5575,0.4365,0.4274,0.5621,-35.76,-39.51,142.50,-138.30,-110.02,74.45,166.00,0.009,59.76,53.38,SERVOING_MANUALLY_CONTROLLED
23.81,0.2090,0.0325,0.5256,0.5530,0.4424,0.4332,0.5575,-37.16,-40.35,143.60,-138.64,-109.78,73.72,166.73,0.009,59.76,53.38,SERVOING_MANUALLY_CONTROLLED
23.94,0.2090,0.0325,0.5256,0.5485,0.4482,0.4390,0.5528,-38.57,-41.19,144.69,-138.97,-109.53,73.00,167.47,0.009,59.75,53.38,SERVOING_MANUALLY_CONTROLLED
24.06,0.2090,0.0325,0.5256,0.5439,0.4540,0.4447,0.5480,-39.95,-42.04,145.76,-139.28,-109.30,72.31,168.23,0.009,59.75,53.38,SERVOING_MANUALLY_CONTROLLED
24.17,0.2090,0.0326,0.5256,0.5411,0.4574,0.4478,0.5455,-40.71,-42.50,146.34,-139.44,-109.17,71.92,168.68,0.009,59.76,53.38,SERVOING_MANUALLY_CONTROLLED
24.29,0.2090,0.0326,0.5256,0.5406,0.4579,0.4483,0.5450,-40.82,-42.56,146.43,-139.46,-109.15,71.86,168.75,0.009,59.76,53.37,SERVOING_MANUALLY_CONTROLLED
24.41,0.2090,0.0326,0.5256,0.5406,0.4580,0.4483,0.5450,-40.82,-42.57,146.43,-139.47,-109.15,71.85,168.76,0.009,59.77,53.37,SERVOING_MANUALLY_CONTROLLED
24.54,0.2090,0.0326,0.5256,0.5406,0.4580,0.4483,0.5450,-40.82,-42.57,146.43,-139.47,-109.15,71.85,168.76,0.009,59.77,53.37,SERVOING_MANUALLY_CONTROLLED
24.66,0.2090,0.0326,0.5256,0.5406,0.4580,0.4483,0.5450,-40.82,-42.57,146.43,-139.46,-109.15,71.85,168.76,0.009,59.77,53.37,SERVOING_MANUALLY_CONTROLLED
24.79,0.2090,0.0326,0.5256,0.5406,0.4580,0.4483,0.5450,-40.82,-42.57,146.43,-139.46,-109.15,71.85,168.76,0.009,59.77,53.37,SERVOING_MANUALLY_CONTROLLED
25.06,0.2090,0.0326,0.5256,0.5406,0.4580,0.4483,0.5451,-40.82,-42.57,146.43,-139.46,-109.15,71.85,168.76,0.009,59.77,53.37,SERVOING_MANUALLY_CONTROLLED
25.22,0.2090,0.0237,0.5256,0.5411,0.4575,0.4486,0.5446,-42.18,-44.02,148.31,-139.99,-108.89,71.71,170.06,0.009,58.90,53.74,SERVOING_MANUALLY_CONTROLLED
25.34,0.2099,0.0078,0.5254,0.5414,0.4574,0.4486,0.5444,-44.53,-46.54,151.70,-140.87,-108.18,71.50,172.51,0.009,57.34,54.35,SERVOING_MANUALLY_CONTROLLED
25.46,0.2125,-0.0028,0.5253,0.5416,0.4575,0.4484,0.5443,-46.08,-48.01,154.29,-141.46,-107.22,71.22,174.00,0.009,56.22,54.60,SERVOING_MANUALLY_CONTROLLED
25.59,0.2171,-0.0116,0.5252,0.5415,0.4577,0.4482,0.5444,-47.39,-48.95,156.90,-142.02,-105.81,70.78,174.95,0.009,55.18,54.60,SERVOING_MANUALLY_CONTROLLED
25.71,0.2187,-0.0139,0.5255,0.5412,0.4577,0.4482,0.5447,-47.75,-49.18,157.66,-142.17,-105.32,70.62,175.19,0.009,54.89,54.58,SERVOING_MANUALLY_CONTROLLED
25.84,0.2189,-0.0154,0.5254,0.5413,0.4576,0.4483,0.5446,-47.96,-49.44,158.01,-142.23,-105.21,70.60,175.44,0.009,54.74,54.63,SERVOING_MANUALLY_CONTROLLED
25.94,0.2199,-0.0243,0.5253,0.5417,0.4574,0.4485,0.5442,-49.16,-50.92,159.92,-142.54,-104.61,70.55,176.95,0.009,53.87,54.98,SERVOING_MANUALLY_CONTROLLED
26.06,0.2221,-0.0343,0.5252,0.5419,0.4573,0.4485,0.5441,-50.48,-52.47,162.20,-142.86,-103.70,70.45,178.60,0.009,52.86,55.30,SERVOING_MANUALLY_CONTROLLED
26.19,0.2251,-0.0463,0.5251,0.5421,0.4573,0.4485,0.5439,-52.06,-54.33,164.95,-143.16,-102.47,70.35,-179.38,0.009,51.65,55.67,SERVOING_MANUALLY_CONTROLLED
26.31,0.2282,-0.0587,0.5251,0.5422,0.4572,0.4486,0.5438,-53.65,-56.30,167.74,-143.35,-101.18,70.30,-177.20,0.009,50.40,56.07,SERVOING_MANUALLY_CONTROLLED
26.44,0.2318,-0.0709,0.5250,0.5424,0.4572,0.4485,0.5437,-55.18,-58.21,170.49,-143.45,-99.79,70.28,-175.02,0.009,49.17,56.46,SERVOING_MANUALLY_CONTROLLED
26.56,0.2368,-0.0821,0.5249,0.5425,0.4573,0.4484,0.5436,-56.69,-59.81,173.33,-143.50,-98.10,70.19,-173.15,0.009,47.94,56.70,SERVOING_MANUALLY_CONTROLLED
26.67,0.2427,-0.0928,0.5247,0.5426,0.4574,0.4483,0.5436,-58.17,-61.23,176.19,-143.50,-96.24,70.07,-171.48,0.009,46.73,56.86,SERVOING_MANUALLY_CONTROLLED
26.79,0.2478,-0.1014,0.5247,0.5426,0.4573,0.4483,0.5435,-59.38,-62.38,178.53,-143.42,-94.65,69.97,-170.11,0.009,45.72,56.98,SERVOING_MANUALLY_CONTROLLED
26.91,0.2541,-0.1113,0.5246,0.5429,0.4573,0.4482,0.5434,-60.74,-63.66,-178.82,-143.25,-92.80,69.84,-168.55,0.009,44.56,57.10,SERVOING_MANUALLY_CONTROLLED
27.04,0.2609,-0.1213,0.5246,0.5429,0.4573,0.4482,0.5434,-62.13,-64.96,-176.11,-142.99,-90.85,69.69,-166.96,0.009,43.35,57.22,SERVOING_MANUALLY_CONTROLLED
27.16,0.2678,-0.1310,0.5246,0.5429,0.4572,0.4482,0.5434,-63.48,-66.22,-173.49,-142.64,-88.90,69.52,-165.38,0.009,42.17,57.33,SERVOING_MANUALLY_CONTROLLED
27.27,0.2753,-0.1406,0.5244,0.5432,0.4573,0.4481,0.5432,-64.83,-67.42,-170.88,-142.20,-86.92,69.34,-163.84,0.009,40.95,57.42,SERVOING_MANUALLY_CONTROLLED
27.39,0.2819,-0.1485,0.5245,0.5432,0.4572,0.4481,0.5432,-65.95,-68.39,-168.74,-141.77,-85.24,69.16,-162.58,0.009,39.93,57.49,SERVOING_MANUALLY_CONTROLLED
27.51,0.2896,-0.1576,0.5244,0.5433,0.4572,0.4480,0.5432,-67.22,-69.52,-166.33,-141.19,-83.35,68.92,-161.08,0.009,38.74,57.57,SERVOING_MANUALLY_CONTROLLED
27.64,0.2977,-0.1671,0.5244,0.5434,0.4571,0.4480,0.5431,-68.48,-70.68,-163.96,-140.48,-81.46,68.63,-159.50,0.009,37.50,57.68,SERVOING_MANUALLY_CONTROLLED
27.76,0.3058,-0.1765,0.5243,0.5435,0.4570,0.4480,0.5431,-69.67,-71.84,-161.71,-139.69,-79.69,68.29,-157.87,0.009,36.28,57.82,SERVOING_MANUALLY_CONTROLLED
27.89,0.3139,-0.1861,0.5243,0.5436,0.4570,0.4480,0.5431,-70.79,-73.01,-159.58,-138.80,-78.00,67.89,-156.17,0.009,35.05,57.99,SERVOING_MANUALLY_CONTROLLED
27.99,0.3188,-0.1967,0.5245,0.5437,0.4565,0.4481,0.5433,-71.35,-74.45,-158.07,-137.80,-77.05,67.33,-154.00,0.009,34.00,58.47,SERVOING_MANUALLY_CONTROLLED
28.11,0.3183,-0.2053,0.5247,0.5436,0.4563,0.4482,0.5436,-71.12,-75.82,-157.65,-137.01,-77.26,66.76,-151.78,0.009,33.50,59.17,SERVOING_MANUALLY_CONTROLLED
28.24,0.3169,-0.2155,0.5247,0.5437,0.4561,0.4482,0.5435,-70.76,-77.39,-157.25,-136.05,-77.73,66.10,-149.12,0.009,32.98,60.04,SERVOING_MANUALLY_CONTROLLED
28.36,0.3173,-0.2263,0.5246,0.5436,0.4563,0.4481,0.5436,-70.66,-78.90,-156.58,-134.95,-77.93,65.46,-146.44,0.009,32.31,60.86,SERVOING_MANUALLY_CONTROLLED
28.49,0.3176,-0.2304,0.5247,0.5432,0.4567,0.4478,0.5439,-70.64,-79.42,-156.31,-134.53,-77.99,65.20,-145.40,0.009,32.05,61.16,SERVOING_MANUALLY_CONTROLLED
28.61,0.3176,-0.2308,0.5247,0.5431,0.4567,0.4478,0.5439,-70.64,-79.48,-156.28,-134.47,-77.99,65.17,-145.27,0.009,32.02,61.19,SERVOING_MANUALLY_CONTROLLED
28.72,0.3181,-0.2309,0.5246,0.5431,0.4569,0.4478,0.5439,-70.72,-79.47,-156.20,-134.46,-77.90,65.17,-145.28,0.009,31.98,61.16,SERVOING_MANUALLY_CONTROLLED
28.84,0.3238,-0.2318,0.5244,0.5433,0.4572,0.4478,0.5434,-71.53,-79.37,-155.32,-134.23,-76.89,65.17,-145.47,0.009,31.51,60.88,SERVOING_MANUALLY_CONTROLLED
28.96,0.3346,-0.2341,0.5242,0.5434,0.4574,0.4477,0.5432,-73.05,-79.24,-153.69,-133.72,-74.92,65.17,-145.75,0.009,30.56,60.41,SERVOING_MANUALLY_CONTROLLED
29.09,0.3469,-0.2367,0.5242,0.5434,0.4574,0.4477,0.5432,-74.77,-79.14,-151.88,-133.07,-72.75,65.17,-145.99,0.009,29.47,59.90,SERVOING_MANUALLY_CONTROLLED
29.21,0.3594,-0.2394,0.5240,0.5436,0.4575,0.4477,0.5430,-76.48,-79.10,-150.10,-132.32,-70.65,65.13,-146.15,0.009,28.35,59.39,SERVOING_MANUALLY_CONTROLLED
29.34,0.3718,-0.2421,0.5239,0.5437,0.4575,0.4476,0.5429,-78.16,-79.09,-148.38,-131.49,-68.62,65.06,-146.20,0.009,27.21,58.92,SERVOING_MANUALLY_CONTROLLED
29.44,0.3842,-0.2446,0.5239,0.5437,0.4575,0.4475,0.5430,-79.80,-79.10,-146.72,-130.58,-66.70,64.95,-146.20,0.009,26.05,58.47,SERVOING_MANUALLY_CONTROLLED
29.56,0.3947,-0.2470,0.5238,0.5439,0.4574,0.4475,0.5429,-81.18,-79.17,-145.36,-129.75,-65.14,64.82,-146.11,0.009,25.06,58.11,SERVOING_MANUALLY_CONTROLLED
29.69,0.4064,-0.2496,0.5237,0.5439,0.4574,0.4474,0.5429,-82.68,-79.25,-143.89,-128.75,-63.46,64.64,-145.97,0.009,23.93,57.73,SERVOING_MANUALLY_CONTROLLED
29.81,0.4189,-0.2520,0.5237,0.5441,0.4574,0.4474,0.5428,-84.26,-79.35,-142.41,-127.64,-61.77,64.41,-145.80,0.009,22.73,57.34,SERVOING_MANUALLY_CONTROLLED
29.94,0.4314,-0.2535,0.5236,0.5440,0.4574,0.4474,0.5428,-85.88,-79.37,-141.00,-126.57,-60.10,64.26,-145.77,0.009,21.56,56.87,SERVOING_MANUALLY_CONTROLLED
30.06,0.4439,-0.2538,0.5235,0.5441,0.4574,0.4474,0.5427,-87.54,-79.31,-139.65,-125.55,-58.45,64.19,-145.90,0.009,20.41,56.33,SERVOING_MANUALLY_CONTROLLED
30.17,0.4564,-0.2539,0.5235,0.5441,0.4574,0.4474,0.5427,-89.20,-79.25,-138.35,-124.48,-56.83,64.11,-146.03,0.009,19.26,55.78,SERVOING_MANUALLY_CONTROLLED
30.29,0.4670,-0.2539,0.5234,0.5442,0.4574,0.4473,0.5427,-90.57,-79.22,-137.29,-123.54,-55.55,64.01,-146.09,0.009,18.27,55.34,SERVOING_MANUALLY_CONTROLLED
30.41,0.4790,-0.2539,0.5234,0.5442,0.4574,0.4473,0.5427,-92.11,-79.19,-136.12,-122.40,-54.14,63.86,-146.11,0.009,17.13,54.84,SERVOING_MANUALLY_CONTROLLED
30.54,0.4915,-0.2540,0.5233,0.5444,0.4574,0.4472,0.5427,-93.69,-79.19,-134.94,-121.15,-52.73,63.65,-146.09,0.009,15.91,54.37,SERVOING_MANUALLY_CONTROLLED
30.66,0.5040,-0.2540,0.5233,0.5444,0.4574,0.4472,0.5427,-95.25,-79.19,-133.81,-119.84,-51.40,63.38,-146.01,0.009,14.68,53.91,SERVOING_MANUALLY_CONTROLLED
30.77,0.5166,-0.2540,0.5232,0.5445,0.4573,0.4472,0.5426,-96.78,-79.23,-132.72,-118.48,-50.14,63.06,-145.89,0.009,13.42,53.48,SERVOING_MANUALLY_CONTROLLED
30.89,0.5271,-0.2540,0.5232,0.5446,0.4574,0.4471,0.5425,-98.05,-79.26,-131.85,-117.27,-49.14,62.76,-145.76,0.009,12.35,53.13,SERVOING_MANUALLY_CONTROLLED
31.01,0.5391,-0.2542,0.5231,0.5446,0.4573,0.4470,0.5426,-99.48,-79.30,-130.88,-115.85,-48.03,62.36,-145.58,0.009,11.12,52.77,SERVOING_MANUALLY_CONTROLLED
31.14,0.5517,-0.2542,0.5230,0.5447,0.4573,0.4471,0.5425,-100.96,-79.36,-129.93,-114.31,-46.95,61.90,-145.36,0.009,9.80,52.41,SERVOING_MANUALLY_CONTROLLED
31.26,0.5642,-0.2542,0.5230,0.5448,0.4573,0.4470,0.5425,-102.41,-79.40,-129.00,-112.72,-45.93,61.39,-145.11,0.009,8.48,52.08,SERVOING_MANUALLY_CONTROLLED
31.39,0.5767,-0.2543,0.5229,0.5449,0.4573,0.4469,0.5425,-103.84,-79.46,-128.12,-111.08,-44.97,60.84,-144.83,0.009,7.14,51.79,SERVOING_MANUALLY_CONTROLLED
31.49,0.5893,-0.2543,0.5228,0.5449,0.4573,0.4469,0.5424,-105.27,-79.51,-127.28,-109.37,-44.07,60.23,-144.52,0.009,5.78,51.51,SERVOING_MANUALLY_CONTROLLED
31.61,0.5997,-0.2543,0.5227,0.5450,0.4572,0.4469,0.5424,-106.44,-79.55,-126.60,-107.92,-43.37,59.70,-144.25,0.009,4.64,51.31,SERVOING_MANUALLY_CONTROLLED
31.74,0.6100,-0.2543,0.5228,0.5449,0.4572,0.4469,0.5425,-107.58,-79.58,-125.97,-106.46,-42.70,59.13,-143.97,0.009,3.51,51.12,SERVOING_MANUALLY_CONTROLLED
31.86,0.6130,-0.2532,0.5228,0.5446,0.4573,0.4470,0.5426,-107.99,-79.57,-125.80,-106.14,-42.42,59.09,-144.00,0.009,3.20,50.96,SERVOING_MANUALLY_CONTROLLED
31.99,0.6132,-0.2442,0.5230,0.5442,0.4577,0.4471,0.5426,-108.72,-79.22,-125.71,-106.89,-41.79,60.23,-145.07,0.009,3.34,50.07,SERVOING_MANUALLY_CONTROLLED
32.11,0.6132,-0.2318,0.5231,0.5439,0.4579,0.4472,0.5427,-109.72,-78.71,-125.60,-107.93,-40.95,61.87,-146.54,0.009,3.59,48.85,SERVOING_MANUALLY_CONTROLLED
32.22,0.6130,-0.2192,0.5231,0.5438,0.4580,0.4473,0.5427,-110.78,-78.16,-125.46,-108.95,-40.16,63.59,-148.04,0.009,3.87,47.61,SERVOING_MANUALLY_CONTROLLED
32.34,0.6121,-0.2087,0.5232,0.5436,0.4580,0.4473,0.5428,-111.62,-77.66,-125.35,-109.86,-39.59,65.06,-149.28,0.009,4.20,46.59,SERVOING_MANUALLY_CONTROLLED
32.46,0.6100,-0.1964,0.5233,0.5434,0.4581,0.4474,0.5429,-112.54,-77.04,-125.28,-111.02,-39.05,66.85,-150.73,0.009,4.75,45.42,SERVOING_MANUALLY_CONTROLLED
32.59,0.6070,-0.1839,0.5233,0.5434,0.4581,0.4473,0.5429,-113.45,-76.35,-125.22,-112.27,-38.62,68.78,-152.23,0.009,5.43,44.26,SERVOING_MANUALLY_CONTROLLED
32.71,0.6038,-0.1713,0.5234,0.5433,0.4581,0.4474,0.5429,-114.40,-75.60,-125.16,-113.48,-38.26,70.72,-153.72,0.009,6.19,43.09,SERVOING_MANUALLY_CONTROLLED
32.84,0.6006,-0.1588,0.5234,0.5433,0.4581,0.4474,0.5430,-115.42,-74.81,-125.07,-114.63,-37.96,72.67,-155.19,0.009,6.99,41.95,SERVOING_MANUALLY_CONTROLLED
32.94,0.5978,-0.1488,0.5235,0.5435,0.4579,0.4473,0.5430,-116.27,-74.14,-124.98,-115.51,-37.77,74.29,-156.38,0.009,7.68,41.04,SERVOING_MANUALLY_CONTROLLED
33.06,0.5972,-0.1466,0.5234,0.5438,0.4576,0.4472,0.5429,-116.48,-73.99,-124.94,-115.70,-37.73,74.69,-156.68,0.009,7.84,40.84,SERVOING_MANUALLY_CONTROLLED
33.19,0.5971,-0.1464,0.5233,0.5441,0.4575,0.4471,0.5430,-116.50,-73.97,-124.94,-115.72,-37.72,74.76,-156.72,0.009,7.86,40.82,SERVOING_MANUALLY_CONTROLLED
33.31,0.5971,-0.1462,0.5234,0.5440,0.4575,0.4472,0.5429,-116.53,-73.95,-124.94,-115.74,-37.72,74.78,-156.75,0.009,7.87,40.80,SERVOING_MANUALLY_CONTROLLED
33.44,0.5951,-0.1393,0.5235,0.5434,0.4579,0.4474,0.5430,-117.09,-73.48,-124.89,-116.34,-37.65,75.80,-157.48,0.009,8.38,40.19,SERVOING_MANUALLY_CONTROLLED
33.56,0.5925,-0.1323,0.5235,0.5438,0.4576,0.4473,0.5430,-117.69,-72.96,-124.85,-117.00,-37.61,77.01,-158.35,0.009,9.01,39.57,SERVOING_MANUALLY_CONTROLLED
33.67,0.5920,-0.1309,0.5234,0.5440,0.4575,0.4472,0.5429,-117.81,-72.87,-124.84,-117.13,-37.61,77.26,-158.53,0.009,9.13,39.46,SERVOING_MANUALLY_CONTROLLED
33.79,0.5919,-0.1310,0.5234,0.5441,0.4574,0.4471,0.5430,-117.81,-72.86,-124.84,-117.14,-37.61,77.29,-158.55,0.009,9.14,39.46,SERVOING_MANUALLY_CONTROLLED
33.91,0.5916,-0.1287,0.5235,0.5437,0.4577,0.4473,0.5430,-118.02,-72.71,-124.81,-117.28,-37.58,77.56,-158.75,0.009,9.28,39.26,SERVOING_MANUALLY_CONTROLLED
34.04,0.5888,-0.1194,0.5236,0.5434,0.4579,0.4474,0.5431,-118.89,-72.01,-124.69,-118.02,-37.54,79.02,-159.79,0.009,10.05,38.43,SERVOING_MANUALLY_CONTROLLED
34.16,0.5873,-0.1144,0.5235,0.5438,0.4575,0.4473,0.5430,-119.39,-71.64,-124.61,-118.39,-37.52,79.86,-160.39,0.009,10.47,38.00,SERVOING_MANUALLY_CONTROLLED
34.27,0.5871,-0.1137,0.5235,0.5439,0.4575,0.4472,0.5430,-119.46,-71.58,-124.60,-118.44,-37.51,79.99,-160.49,0.009,10.53,37.94,SERVOING_MANUALLY_CONTROLLED
34.39,0.5871,-0.1138,0.5235,0.5440,0.4574,0.4472,0.5430,-119.47,-71.58,-124.60,-118.44,-37.51,80.00,-160.49,0.009,10.53,37.94,SERVOING_MANUALLY_CONTROLLED
34.51,0.5860,-0.1095,0.5236,0.5435,0.4578,0.4474,0.5431,-119.88,-71.26,-124.53,-118.73,-37.51,80.59,-160.91,0.009,10.87,37.57,SERVOING_MANUALLY_CONTROLLED
34.64,0.5828,-0.1002,0.5237,0.5434,0.4578,0.4475,0.5431,-120.79,-70.52,-124.42,-119.45,-37.56,82.11,-161.98,0.009,11.79,36.78,SERVOING_MANUALLY_CONTROLLED
34.76,0.5816,-0.0974,0.5235,0.5438,0.4575,0.4473,0.5430,-121.09,-70.28,-124.38,-119.68,-37.59,82.65,-162.36,0.009,12.09,36.55,SERVOING_MANUALLY_CONTROLLED
34.89,0.5815,-0.0970,0.5236,0.5438,0.4575,0.4473,0.5431,-121.13,-70.25,-124.37,-119.71,-37.60,82.71,-162.40,0.009,12.13,36.51,SERVOING_MANUALLY_CONTROLLED
34.99,0.5815,-0.0970,0.5235,0.5439,0.4575,0.4473,0.5430,-121.13,-70.24,-124.37,-119.71,-37.60,82.72,-162.40,0.009,12.13,36.51,SERVOING_MANUALLY_CONTROLLED
35.11,0.5809,-0.0930,0.5236,0.5436,0.4577,0.4473,0.5431,-121.58,-69.95,-124.25,-119.88,-37.57,83.25,-162.78,0.009,12.42,36.15,SERVOING_MANUALLY_CONTROLLED
35.24,0.5785,-0.0826,0.5237,0.5433,0.4578,0.4474,0.5432,-122.77,-69.12,-123.97,-120.44,-37.58,84.81,-163.89,0.009,13.34,35.26,SERVOING_MANUALLY_CONTROLLED
35.36,0.5750,-0.0703,0.5238,0.5431,0.4580,0.4475,0.5432,-124.21,-68.11,-123.66,-121.11,-37.70,86.72,-165.22,0.009,14.59,34.21,SERVOING_MANUALLY_CONTROLLED
35.49,0.5729,-0.0631,0.5238,0.5434,0.4576,0.4475,0.5432,-125.07,-67.52,-123.47,-121.45,-37.79,87.85,-166.00,0.009,15.34,33.63,SERVOING_MANUALLY_CONTROLLED
35.61,0.5726,-0.0621,0.5236,0.5436,0.4576,0.4474,0.5430,-125.21,-67.44,-123.42,-121.50,-37.81,88.03,-166.14,0.009,15.45,33.54,SERVOING_MANUALLY_CONTROLLED
35.72,0.5726,-0.0621,0.5236,0.5437,0.4575,0.4474,0.5431,-125.21,-67.43,-123.42,-121.50,-37.81,88.05,-166.15,0.009,15.46,33.54,SERVOING_MANUALLY_CONTROLLED
35.84,0.5726,-0.0621,0.5236,0.5437,0.4575,0.4474,0.5431,-125.21,-67.43,-123.42,-121.50,-37.81,88.05,-166.15,0.009,15.45,33.54,SERVOING_MANUALLY_CONTROLLED
35.96,0.5726,-0.0622,0.5236,0.5437,0.4575,0.4473,0.5431,-125.20,-67.43,-123.42,-121.50,-37.80,88.05,-166.15,0.009,15.45,33.55,SERVOING_MANUALLY_CONTROLLED
36.09,0.5726,-0.0622,0.5236,0.5437,0.4575,0.4473,0.5431,-125.20,-67.43,-123.42,-121.50,-37.80,88.05,-166.15,0.009,15.45,33.55,SERVOING_MANUALLY_CONTROLLED
36.21,0.5726,-0.0623,0.5236,0.5438,0.4574,0.4473,0.5431,-125.20,-67.43,-123.42,-121.49,-37.80,88.05,-166.14,0.009,15.44,33.56,SERVOING_MANUALLY_CONTROLLED
36.34,0.5718,-0.0625,0.5237,0.5438,0.4573,0.4474,0.5431,-125.11,-67.42,-123.53,-121.63,-37.89,88.13,-166.18,0.009,15.56,33.61,SERVOING_MANUALLY_CONTROLLED
36.44,0.5651,-0.0654,0.5238,0.5436,0.4573,0.4476,0.5432,-124.23,-67.38,-124.37,-122.56,-38.54,88.43,-166.22,0.009,16.42,34.13,SERVOING_MANUALLY_CONTROLLED
36.56,0.5566,-0.0698,0.5240,0.5434,0.4572,0.4477,0.5433,-123.04,-67.37,-125.49,-123.70,-39.42,88.74,-166.20,0.009,17.43,34.86,SERVOING_MANUALLY_CONTROLLED
36.69,0.5465,-0.0754,0.5242,0.5434,0.4570,0.4476,0.5436,-121.55,-67.40,-126.90,-125.01,-40.53,89.04,-166.12,0.009,18.55,35.79,SERVOING_MANUALLY_CONTROLLED
36.81,0.5420,-0.0786,0.5240,0.5436,0.4572,0.4476,0.5433,-120.79,-67.51,-127.58,-125.56,-41.09,89.07,-165.99,0.009,18.99,36.27,SERVOING_MANUALLY_CONTROLLED
36.94,0.5414,-0.0791,0.5239,0.5436,0.4572,0.4475,0.5432,-120.68,-67.53,-127.68,-125.62,-41.17,89.06,-165.97,0.009,19.04,36.34,SERVOING_MANUALLY_CONTROLLED
37.06,0.5414,-0.0791,0.5239,0.5436,0.4572,0.4475,0.5432,-120.67,-67.53,-127.68,-125.63,-41.17,89.06,-165.96,0.009,19.04,36.35,SERVOING_MANUALLY_CONTROLLED
37.17,0.5414,-0.0791,0.5239,0.5436,0.4573,0.4475,0.5432,-120.68,-67.53,-127.68,-125.62,-41.17,89.06,-165.96,0.009,19.04,36.35,SERVOING_MANUALLY_CONTROLLED
37.29,0.5414,-0.0791,0.5239,0.5436,0.4573,0.4475,0.5432,-120.68,-67.53,-127.68,-125.62,-41.17,89.06,-165.96,0.009,19.04,36.34,SERVOING_MANUALLY_CONTROLLED
37.41,0.5414,-0.0791,0.5239,0.5437,0.4573,0.4475,0.5432,-120.68,-67.53,-127.67,-125.62,-41.17,89.06,-165.96,0.009,19.03,36.34,SERVOING_MANUALLY_CONTROLLED
37.54,0.5415,-0.0791,0.5238,0.5437,0.4573,0.4475,0.5432,-120.69,-67.53,-127.67,-125.62,-41.17,89.06,-165.96,0.009,19.03,36.34,SERVOING_MANUALLY_CONTROLLED
37.66,0.5415,-0.0790,0.5238,0.5437,0.4573,0.4475,0.5432,-120.69,-67.53,-127.67,-125.62,-41.17,89.06,-165.96,0.009,19.03,36.34,SERVOING_MANUALLY_CONTROLLED
37.77,0.5415,-0.0790,0.5238,0.5437,0.4573,0.4475,0.5432,-120.69,-67.53,-127.67,-125.62,-41.17,89.06,-165.96,0.009,19.03,36.34,SERVOING_MANUALLY_CONTROLLED
38.02,0.5415,-0.0790,0.5238,0.5437,0.4573,0.4475,0.5432,-120.69,-67.53,-127.67,-125.62,-41.17,89.06,-165.96,0.009,19.03,36.34,SERVOING_MANUALLY_CONTROLLED
38.20,0.5414,-0.0795,0.5240,0.5414,0.4654,0.4516,0.5351,-119.87,-68.13,-128.75,-125.24,-42.52,87.36,-164.64,0.009,19.01,36.38,SERVOING_MANUALLY_CONTROLLED
38.31,0.5414,-0.0795,0.5241,0.5398,0.4756,0.4549,0.5249,-119.04,-68.63,-129.96,-124.61,-44.46,85.56,-163.02,0.009,19.01,36.38,SERVOING_MANUALLY_CONTROLLED
38.44,0.5414,-0.0796,0.5241,0.5391,0.4817,0.4565,0.5186,-118.57,-68.90,-130.65,-124.17,-45.70,84.53,-162.03,0.009,19.00,36.39,SERVOING_MANUALLY_CONTROLLED
38.56,0.5415,-0.0796,0.5241,0.5382,0.4886,0.4582,0.5115,-118.07,-69.19,-131.41,-123.65,-47.11,83.41,-160.87,0.009,18.99,36.39,SERVOING_MANUALLY_CONTROLLED
38.67,0.5414,-0.0796,0.5241,0.5367,0.4953,0.4605,0.5045,-117.58,-69.56,-132.12,-123.17,-48.43,82.26,-159.68,0.009,19.00,36.39,SERVOING_MANUALLY_CONTROLLED
38.79,0.5415,-0.0796,0.5239,0.5336,0.4999,0.4641,0.5000,-117.17,-70.09,-132.60,-123.00,-49.07,81.20,-158.77,0.009,19.00,36.39,SERVOING_MANUALLY_CONTROLLED
38.91,0.5415,-0.0796,0.5238,0.5291,0.5043,0.4692,0.4956,-116.73,-70.81,-133.09,-122.90,-49.54,79.93,-157.76,0.009,18.99,36.39,SERVOING_MANUALLY_CONTROLLED
39.04,0.5415,-0.0797,0.5239,0.5243,0.5090,0.4746,0.4907,-116.27,-71.55,-133.60,-122.74,-50.13,78.58,-156.65,0.009,18.99,36.39,SERVOING_MANUALLY_CONTROLLED
39.16,0.5415,-0.0797,0.5239,0.5195,0.5138,0.4799,0.4856,-115.81,-72.28,-134.10,-122.53,-50.82,77.20,-155.48,0.009,18.98,36.40,SERVOING_MANUALLY_CONTROLLED
39.29,0.5415,-0.0797,0.5238,0.5147,0.5187,0.4851,0.4804,-115.38,-73.00,-134.59,-122.28,-51.56,75.84,-154.27,0.009,18.98,36.40,SERVOING_MANUALLY_CONTROLLED
39.39,0.5415,-0.0798,0.5238,0.5099,0.5234,0.4901,0.4753,-114.97,-73.70,-135.04,-122.01,-52.33,74.50,-153.04,0.009,18.97,36.40,SERVOING_MANUALLY_CONTROLLED
39.51,0.5415,-0.0795,0.5239,0.5074,0.5258,0.4924,0.4730,-114.80,-73.98,-135.23,-121.89,-52.70,73.89,-152.48,0.009,18.99,36.37,SERVOING_MANUALLY_CONTROLLED
39.64,0.5415,-0.0793,0.5238,0.5068,0.5264,0.4928,0.4724,-114.77,-74.04,-135.26,-121.87,-52.79,73.76,-152.35,0.009,19.00,36.36,SERVOING_MANUALLY_CONTROLLED
39.89,0.5415,-0.0793,0.5238,0.5068,0.5264,0.4929,0.4723,-114.77,-74.05,-135.26,-121.86,-52.80,73.75,-152.34,0.009,19.00,36.36,SERVOING_MANUALLY_CONTROLLED
40.05,0.5324,-0.0655,0.5240,0.5058,0.5270,0.4930,0.4727,-115.52,-72.57,-135.64,-123.61,-52.92,75.83,-154.84,0.009,21.29,35.53,SERVOING_MANUALLY_CONTROLLED
40.16,0.5233,-0.0516,0.5241,0.5055,0.5271,0.4930,0.4729,-116.43,-70.95,-135.98,-125.24,-53.14,78.02,-157.46,0.009,23.68,34.74,SERVOING_MANUALLY_CONTROLLED
40.29,0.5186,-0.0440,0.5241,0.5058,0.5269,0.4930,0.4727,-116.97,-70.04,-136.13,-126.05,-53.30,79.21,-158.91,0.009,25.00,34.34,SERVOING_MANUALLY_CONTROLLED
40.39,0.5173,-0.0422,0.5240,0.5062,0.5267,0.4930,0.4726,-117.12,-69.79,-136.17,-126.25,-53.36,79.55,-159.32,0.009,25.33,34.24,SERVOING_MANUALLY_CONTROLLED
40.51,0.5167,-0.0397,0.5241,0.5059,0.5269,0.4931,0.4726,-117.38,-69.52,-136.12,-126.39,-53.32,79.83,-159.69,0.009,25.63,34.06,SERVOING_MANUALLY_CONTROLLED
40.64,0.5137,-0.0300,0.5242,0.5054,0.5272,0.4931,0.4727,-118.36,-68.43,-135.93,-127.01,-53.26,81.06,-161.26,0.009,26.95,33.41,SERVOING_MANUALLY_CONTROLLED
40.76,0.5090,-0.0179,0.5243,0.5052,0.5273,0.4931,0.4728,-119.61,-66.96,-135.74,-127.81,-53.32,82.72,-163.34,0.009,28.81,32.67,SERVOING_MANUALLY_CONTROLLED
40.89,0.5039,-0.0057,0.5243,0.5052,0.5272,0.4931,0.4729,-120.90,-65.40,-135.56,-128.59,-53.52,84.43,-165.47,0.009,30.81,31.99,SERVOING_MANUALLY_CONTROLLED
41.01,0.4997,0.0040,0.5243,0.5055,0.5270,0.4931,0.4728,-121.99,-64.15,-135.38,-129.15,-53.73,85.79,-167.17,0.009,32.48,31.48,SERVOING_MANUALLY_CONTROLLED
41.12,0.4987,0.0061,0.5242,0.5059,0.5268,0.4931,0.4726,-122.25,-63.85,-135.32,-129.26,-53.79,86.14,-167.61,0.009,32.87,31.37,SERVOING_MANUALLY_CONTROLLED
41.24,0.4987,0.0062,0.5242,0.5061,0.5267,0.4930,0.4726,-122.27,-63.82,-135.31,-129.27,-53.80,86.17,-167.65,0.009,32.88,31.37,SERVOING_MANUALLY_CONTROLLED
41.36,0.4987,0.0062,0.5242,0.5061,0.5267,0.4930,0.4726,-122.27,-63.82,-135.31,-129.27,-53.80,86.17,-167.65,0.009,32.89,31.37,SERVOING_MANUALLY_CONTROLLED
41.49,0.4978,0.0084,0.5242,0.5058,0.5269,0.4931,0.4727,-122.51,-63.55,-135.28,-129.38,-53.85,86.43,-167.98,0.009,33.26,31.26,SERVOING_MANUALLY_CONTROLLED
41.61,0.4930,0.0172,0.5244,0.5053,0.5270,0.4932,0.4728,-123.48,-62.29,-135.22,-129.94,-54.23,87.69,-169.53,0.009,34.99,30.90,SERVOING_MANUALLY_CONTROLLED
41.74,0.4869,0.0279,0.5244,0.5051,0.5272,0.4932,0.4729,-124.69,-60.74,-135.12,-130.57,-54.78,89.24,-171.46,0.009,37.18,30.51,SERVOING_MANUALLY_CONTROLLED
41.84,0.4845,0.0325,0.5243,0.5057,0.5268,0.4932,0.4727,-125.27,-60.07,-135.01,-130.78,-55.02,89.92,-172.34,0.009,38.09,30.35,SERVOING_MANUALLY_CONTROLLED
41.96,0.4843,0.0330,0.5242,0.5059,0.5267,0.4931,0.4727,-125.35,-59.98,-134.99,-130.81,-55.05,90.01,-172.47,0.009,38.20,30.33,SERVOING_MANUALLY_CONTROLLED
42.09,0.4843,0.0331,0.5242,0.5060,0.5267,0.4932,0.4726,-125.36,-59.98,-134.99,-130.81,-55.05,90.02,-172.48,0.009,38.21,30.32,SERVOING_MANUALLY_CONTROLLED
42.21,0.4842,0.0334,0.5242,0.5059,0.5268,0.4931,0.4726,-125.41,-59.93,-134.96,-130.81,-55.05,90.05,-172.52,0.009,38.26,30.30,SERVOING_MANUALLY_CONTROLLED
42.34,0.4821,0.0400,0.5244,0.5054,0.5271,0.4932,0.4728,-126.29,-59.05,-134.64,-130.96,-55.21,90.79,-173.53,0.009,39.43,29.99,SERVOING_MANUALLY_CONTROLLED
42.44,0.4774,0.0512,0.5244,0.5051,0.5272,0.4932,0.4729,-127.79,-57.49,-134.18,-131.28,-55.67,92.15,-175.37,0.009,41.62,29.57,SERVOING_MANUALLY_CONTROLLED
42.57,0.4750,0.0568,0.5244,0.5055,0.5269,0.4932,0.4728,-128.58,-56.68,-133.91,-131.40,-55.93,92.87,-176.36,0.009,42.74,29.38,SERVOING_MANUALLY_CONTROLLED
42.69,0.4745,0.0580,0.5243,0.5058,0.5268,0.4932,0.4727,-128.77,-56.49,-133.84,-131.43,-56.00,93.05,-176.61,0.009,43.00,29.33,SERVOING_MANUALLY_CONTROLLED
42.81,0.4743,0.0583,0.5243,0.5058,0.5268,0.4932,0.4726,-128.81,-56.45,-133.83,-131.43,-56.02,93.08,-176.65,0.009,43.06,29.33,SERVOING_MANUALLY_CONTROLLED
42.94,0.4713,0.0646,0.5244,0.5051,0.5272,0.4933,0.4729,-129.67,-55.54,-133.58,-131.59,-56.35,93.81,-177.63,0.009,44.37,29.15,SERVOING_MANUALLY_CONTROLLED
43.07,0.4667,0.0747,0.5244,0.5053,0.5271,0.4933,0.4728,-131.16,-54.06,-133.05,-131.75,-56.92,95.01,-179.34,0.009,46.51,28.89,SERVOING_MANUALLY_CONTROLLED
43.17,0.4651,0.0786,0.5243,0.5056,0.5269,0.4933,0.4727,-131.76,-53.51,-132.78,-131.77,-57.11,95.45,180.00,0.009,47.31,28.78,SERVOING_MANUALLY_CONTROLLED
43.29,0.4650,0.0790,0.5243,0.5057,0.5268,0.4932,0.4727,-131.82,-53.45,-132.74,-131.77,-57.14,95.50,179.92,0.009,47.39,28.77,SERVOING_MANUALLY_CONTROLLED
43.41,0.4650,0.0790,0.5243,0.5058,0.5268,0.4932,0.4727,-131.83,-53.44,-132.74,-131.77,-57.14,95.51,179.91,0.009,47.39,28.77,SERVOING_MANUALLY_CONTROLLED
43.54,0.4650,0.0790,0.5243,0.5058,0.5268,0.4932,0.4727,-131.83,-53.44,-132.74,-131.77,-57.14,95.51,179.92,0.009,47.39,28.77,SERVOING_MANUALLY_CONTROLLED
43.66,0.4650,0.0789,0.5243,0.5058,0.5268,0.4932,0.4727,-131.82,-53.45,-132.74,-131.76,-57.14,95.51,179.92,0.009,47.38,28.77,SERVOING_MANUALLY_CONTROLLED
43.79,0.4650,0.0789,0.5243,0.5058,0.5267,0.4932,0.4727,-131.82,-53.45,-132.74,-131.76,-57.14,95.51,179.92,0.009,47.38,28.77,SERVOING_MANUALLY_CONTROLLED
43.89,0.4650,0.0789,0.5243,0.5058,0.5267,0.4932,0.4727,-131.82,-53.45,-132.74,-131.76,-57.14,95.51,179.92,0.009,47.38,28.77,SERVOING_MANUALLY_CONTROLLED
44.02,0.4649,0.0799,0.5243,0.5057,0.5268,0.4932,0.4726,-131.99,-53.33,-132.63,-131.74,-57.14,95.58,179.79,0.009,47.55,28.72,SERVOING_MANUALLY_CONTROLLED
44.14,0.4630,0.0884,0.5244,0.5053,0.5272,0.4932,0.4728,-133.34,-52.25,-131.83,-131.61,-57.33,96.26,178.65,0.009,49.15,28.38,SERVOING_MANUALLY_CONTROLLED
44.26,0.4592,0.1006,0.5244,0.5050,0.5274,0.4932,0.4729,-135.33,-50.63,-130.74,-131.44,-57.80,97.33,176.91,0.009,51.65,28.03,SERVOING_MANUALLY_CONTROLLED
44.39,0.4553,0.1121,0.5244,0.5052,0.5272,0.4933,0.4728,-137.28,-49.09,-129.65,-131.23,-58.33,98.33,175.22,0.009,54.10,27.78,SERVOING_MANUALLY_CONTROLLED
44.52,0.4540,0.1161,0.5243,0.5055,0.5269,0.4933,0.4727,-137.97,-48.57,-129.22,-131.12,-58.51,98.67,174.62,0.009,54.95,27.69,SERVOING_MANUALLY_CONTROLLED
44.62,0.4539,0.1166,0.5243,0.5056,0.5269,0.4933,0.4727,-138.06,-48.51,-129.17,-131.11,-58.53,98.70,174.55,0.009,55.05,27.68,SERVOING_MANUALLY_CONTROLLED
44.74,0.4539,0.1166,0.5243,0.5056,0.5269,0.4933,0.4727,-138.06,-48.51,-129.17,-131.11,-58.53,98.71,174.55,0.009,55.05,27.68,SERVOING_MANUALLY_CONTROLLED
44.87,0.4529,0.1166,0.5244,0.5056,0.5269,0.4933,0.4726,-138.04,-48.44,-129.32,-131.20,-58.68,98.82,174.47,0.009,55.14,27.77,SERVOING_MANUALLY_CONTROLLED
44.99,0.4495,0.1166,0.5245,0.5055,0.5268,0.4934,0.4727,-137.98,-48.16,-129.83,-131.51,-59.21,99.21,174.18,0.009,55.48,28.07,SERVOING_MANUALLY_CONTROLLED
45.11,0.4462,0.1165,0.5244,0.5056,0.5268,0.4934,0.4727,-137.93,-47.91,-130.31,-131.80,-59.73,99.59,173.89,0.009,55.78,28.36,SERVOING_MANUALLY_CONTROLLED
45.24,0.4454,0.1164,0.5244,0.5057,0.5268,0.4933,0.4727,-137.92,-47.85,-130.43,-131.88,-59.87,99.69,173.81,0.009,55.84,28.44,SERVOING_MANUALLY_CONTROLLED
45.34,0.4453,0.1164,0.5244,0.5057,0.5268,0.4933,0.4727,-137.92,-47.84,-130.44,-131.88,-59.88,99.70,173.81,0.009,55.86,28.45,SERVOING_MANUALLY_CONTROLLED
45.47,0.4453,0.1164,0.5244,0.5057,0.5268,0.4933,0.4727,-137.92,-47.84,-130.44,-131.88,-59.88,99.70,173.81,0.009,55.85,28.45,SERVOING_MANUALLY_CONTROLLED
45.59,0.4428,0.1166,0.5246,0.5053,0.5268,0.4937,0.4728,-137.89,-47.63,-130.81,-132.10,-60.24,99.96,173.61,0.009,56.12,28.65,SERVOING_MANUALLY_CONTROLLED
45.72,0.4330,0.1169,0.5259,0.5049,0.5267,0.4941,0.4727,-137.71,-46.79,-132.46,-132.77,-61.89,101.02,172.91,0.009,57.04,29.52,SERVOING_MANUALLY_CONTROLLED
45.84,0.4206,0.1169,0.5337,0.5050,0.5263,0.4946,0.4727,-137.14,-45.62,-135.41,-132.53,-64.37,102.14,173.12,0.009,58.08,30.63,SERVOING_MANUALLY_CONTROLLED
45.94,0.4080,0.1169,0.5457,0.5049,0.5262,0.4948,0.4725,-136.40,-44.41,-138.91,-131.51,-67.02,103.19,174.15,0.009,59.08,31.77,SERVOING_MANUALLY_CONTROLLED
46.07,0.3975,0.1170,0.5561,0.5049,0.5262,0.4950,0.4724,-135.82,-43.44,-141.80,-130.45,-69.11,104.13,175.17,0.009,59.86,32.73,SERVOING_MANUALLY_CONTROLLED
46.19,0.3853,0.1170,0.5684,0.5049,0.5261,0.4951,0.4724,-135.21,-42.34,-145.03,-129.07,-71.32,105.29,176.41,0.009,60.69,33.84,SERVOING_MANUALLY_CONTROLLED
46.32,0.3733,0.1167,0.5785,0.5048,0.5263,0.4949,0.4725,-134.71,-41.33,-147.98,-127.93,-73.34,106.57,177.40,0.009,61.42,34.96,SERVOING_MANUALLY_CONTROLLED
46.44,0.3618,0.1149,0.5799,0.5045,0.5265,0.4949,0.4726,-134.35,-40.66,-150.35,-128.27,-75.20,108.02,177.00,0.009,61.85,36.09,SERVOING_MANUALLY_CONTROLLED
46.57,0.3505,0.1120,0.5745,0.5042,0.5268,0.4946,0.4730,-134.11,-40.14,-152.37,-129.75,-77.22,109.60,175.46,0.009,62.08,37.25,SERVOING_MANUALLY_CONTROLLED
46.67,0.3391,0.1089,0.5640,0.5038,0.5269,0.4946,0.4732,-134.05,-39.56,-154.11,-132.08,-79.53,111.20,172.77,0.009,62.28,38.42,SERVOING_MANUALLY_CONTROLLED
46.79,0.3297,0.1063,0.5576,0.5040,0.5266,0.4950,0.4730,-133.97,-38.99,-155.80,-133.53,-81.59,112.47,170.80,0.009,62.43,39.39,SERVOING_MANUALLY_CONTROLLED
46.92,0.3187,0.1034,0.5557,0.5040,0.5266,0.4952,0.4727,-133.71,-38.33,-158.27,-134.18,-83.94,113.93,169.67,0.009,62.61,40.52,SERVOING_MANUALLY_CONTROLLED
47.04,0.3074,0.1003,0.5556,0.5041,0.5265,0.4953,0.4727,-133.43,-37.63,-160.99,-134.47,-86.34,115.48,168.82,0.009,62.77,41.69,SERVOING_MANUALLY_CONTROLLED
47.17,0.2983,0.0975,0.5555,0.5044,0.5265,0.4949,0.4727,-133.20,-37.05,-163.18,-134.61,-88.34,116.75,168.13,0.009,62.86,42.64,SERVOING_MANUALLY_CONTROLLED
47.29,0.2961,0.0967,0.5553,0.5048,0.5264,0.4946,0.4726,-133.15,-36.92,-163.70,-134.63,-88.86,117.07,167.94,0.009,62.86,42.87,SERVOING_MANUALLY_CONTROLLED
47.39,0.2960,0.0966,0.5553,0.5049,0.5264,0.4945,0.4727,-133.15,-36.90,-163.74,-134.63,-88.91,117.10,167.92,0.009,62.86,42.89,SERVOING_MANUALLY_CONTROLLED
47.52,0.2960,0.0966,0.5553,0.5049,0.5264,0.4944,0.4727,-133.14,-36.90,-163.74,-134.63,-88.91,117.10,167.92,0.009,62.85,42.89,SERVOING_MANUALLY_CONTROLLED
47.64,0.2960,0.0965,0.5553,0.5050,0.5264,0.4944,0.4727,-133.14,-36.90,-163.72,-134.63,-88.91,117.10,167.92,0.009,62.85,42.89,SERVOING_MANUALLY_CONTROLLED
47.77,0.2960,0.0965,0.5552,0.5050,0.5264,0.4943,0.4727,-133.14,-36.90,-163.72,-134.63,-88.91,117.10,167.92,0.009,62.85,42.89,SERVOING_MANUALLY_CONTROLLED
47.89,0.2961,0.0965,0.5552,0.5050,0.5264,0.4943,0.4728,-133.15,-36.90,-163.71,-134.63,-88.91,117.10,167.92,0.009,62.84,42.88,SERVOING_MANUALLY_CONTROLLED
48.02,0.2961,0.0965,0.5552,0.5050,0.5264,0.4943,0.4727,-133.15,-36.91,-163.71,-134.62,-88.91,117.10,167.92,0.009,62.84,42.88,SERVOING_MANUALLY_CONTROLLED
48.12,0.2961,0.0965,0.5552,0.5051,0.5264,0.4943,0.4727,-133.15,-36.91,-163.71,-134.62,-88.91,117.10,167.92,0.009,62.84,42.88,SERVOING_MANUALLY_CONTROLLED
48.24,0.2961,0.0965,0.5552,0.5051,0.5264,0.4943,0.4727,-133.15,-36.91,-163.71,-134.62,-88.91,117.10,167.92,0.009,62.84,42.88,SERVOING_MANUALLY_CONTROLLED
48.37,0.2961,0.0965,0.5552,0.5051,0.5264,0.4943,0.4727,-133.15,-36.91,-163.71,-134.62,-88.91,117.10,167.92,0.009,62.84,42.88,SERVOING_MANUALLY_CONTROLLED
48.49,0.2961,0.0965,0.5552,0.5051,0.5264,0.4943,0.4727,-133.15,-36.91,-163.71,-134.62,-88.91,117.10,167.92,0.009,62.84,42.88,SERVOING_MANUALLY_CONTROLLED
48.62,0.2961,0.0965,0.5552,0.5051,0.5264,0.4943,0.4727,-133.15,-36.91,-163.71,-134.62,-88.91,117.10,167.92,0.009,62.84,42.88,SERVOING_MANUALLY_CONTROLLED
48.74,0.2961,0.0965,0.5552,0.5051,0.5264,0.4943,0.4727,-133.15,-36.91,-163.71,-134.62,-88.91,117.10,167.92,0.009,62.84,42.88,SERVOING_MANUALLY_CONTROLLED
48.84,0.2961,0.0965,0.5552,0.5051,0.5264,0.4943,0.4727,-133.15,-36.91,-163.71,-134.62,-88.91,117.10,167.92,0.009,62.84,42.88,SERVOING_MANUALLY_CONTROLLED
49.09,0.2961,0.0965,0.5552,0.5051,0.5264,0.4943,0.4727,-133.15,-36.91,-163.71,-134.62,-88.91,117.10,167.92,0.009,62.84,42.88,SERVOING_MANUALLY_CONTROLLED
49.28,0.2961,0.0965,0.5552,0.5051,0.5264,0.4943,0.4727,-133.15,-36.91,-163.71,-134.62,-88.91,117.10,167.92,0.009,62.84,42.88,SERVOING_MANUALLY_CONTROLLED
49.39,0.2961,0.0965,0.5552,0.5051,0.5264,0.4943,0.4727,-133.15,-36.91,-163.71,-134.62,-88.91,117.10,167.92,0.009,62.84,42.88,SERVOING_MANUALLY_CONTROLLED
49.52,0.2961,0.0965,0.5552,0.5051,0.5264,0.4943,0.4727,-133.15,-36.91,-163.71,-134.62,-88.91,117.10,167.92,0.009,62.84,42.88,SERVOING_MANUALLY_CONTROLLED
49.62,0.2961,0.0965,0.5552,0.5051,0.5264,0.4943,0.4727,-133.15,-36.91,-163.71,-134.62,-88.91,117.10,167.92,0.009,62.84,42.88,SERVOING_MANUALLY_CONTROLLED
49.74,0.2961,0.0965,0.5552,0.5051,0.5264,0.4943,0.4727,-133.15,-36.91,-163.71,-134.62,-88.91,117.10,167.92,0.009,62.84,42.88,SERVOING_MANUALLY_CONTROLLED
49.96,0.2961,0.0965,0.5552,0.5051,0.5264,0.4943,0.4727,-133.15,-36.91,-163.71,-134.62,-88.91,117.10,167.92,0.009,62.84,42.88,SERVOING_MANUALLY_CONTROLLED
50.14,0.2961,0.0965,0.5552,0.5051,0.5264,0.4943,0.4727,-133.15,-36.91,-163.71,-134.62,-88.91,117.10,167.92,0.009,62.84,42.88,SERVOING_MANUALLY_CONTROLLED
50.27,0.2961,0.0965,0.5552,0.5051,0.5264,0.4943,0.4727,-133.15,-36.91,-163.71,-134.62,-88.91,117.10,167.92,0.009,62.84,42.88,SERVOING_MANUALLY_CONTROLLED
50.39,0.2968,0.0944,0.5552,0.5070,0.5246,0.4926,0.4745,-132.71,-36.91,-163.71,-134.62,-88.91,117.10,167.92,0.009,62.54,42.90,SERVOING_MANUALLY_CONTROLLED
50.52,0.2989,0.0874,0.5552,0.5131,0.5186,0.4869,0.4803,-131.35,-36.91,-163.71,-134.62,-88.91,117.10,167.92,0.009,61.57,42.96,SERVOING_MANUALLY_CONTROLLED
50.62,0.3020,0.0756,0.5553,0.5232,0.5084,0.4774,0.4898,-129.08,-36.91,-163.71,-134.62,-88.91,117.10,167.92,0.009,59.96,43.13,SERVOING_MANUALLY_CONTROLLED
50.74,0.3050,0.0622,0.5553,0.5342,0.4967,0.4666,0.5003,-126.55,-36.91,-163.71,-134.62,-88.91,117.10,167.92,0.009,58.19,43.42,SERVOING_MANUALLY_CONTROLLED
50.87,0.3078,0.0458,0.5553,0.5472,0.4822,0.4530,0.5127,-123.51,-36.91,-163.71,-134.62,-88.91,117.10,167.92,0.009,56.10,43.90,SERVOING_MANUALLY_CONTROLLED
50.99,0.3097,0.0301,0.5554,0.5593,0.4680,0.4398,0.5241,-120.58,-36.91,-163.71,-134.62,-88.91,117.10,167.92,0.009,54.19,44.49,SERVOING_MANUALLY_CONTROLLED
51.12,0.3107,0.0151,0.5554,0.5704,0.4544,0.4270,0.5346,-117.79,-36.91,-163.71,-134.62,-88.91,117.10,167.92,0.009,52.47,45.16,SERVOING_MANUALLY_CONTROLLED
51.24,0.3110,0.0004,0.5555,0.5810,0.4407,0.4142,0.5446,-115.07,-36.91,-163.71,-134.62,-88.91,117.10,167.92,0.009,50.88,45.92,SERVOING_MANUALLY_CONTROLLED
51.34,0.3106,-0.0140,0.5555,0.5911,0.4270,0.4015,0.5542,-112.41,-36.91,-163.71,-134.62,-88.91,117.10,167.92,0.009,49.42,46.74,SERVOING_MANUALLY_CONTROLLED
51.45,0.3098,-0.0260,0.5555,0.5992,0.4155,0.3907,0.5619,-110.20,-36.91,-163.71,-134.62,-88.91,117.10,167.92,0.009,48.29,47.50,SERVOING_MANUALLY_CONTROLLED
51.57,0.3085,-0.0381,0.5556,0.6071,0.4037,0.3798,0.5694,-107.96,-36.91,-163.71,-134.62,-88.91,117.10,167.92,0.009,47.21,48.31,SERVOING_MANUALLY_CONTROLLED
51.69,0.3065,-0.0516,0.5556,0.6158,0.3902,0.3671,0.5777,-105.44,-36.91,-163.71,-134.62,-88.91,117.10,167.92,0.009,46.09,49.29,SERVOING_MANUALLY_CONTROLLED
51.82,0.3036,-0.0659,0.5557,0.6248,0.3756,0.3535,0.5862,-102.74,-36.91,-163.71,-134.62,-88.91,117.10,167.92,0.009,45.00,50.40,SERVOING_MANUALLY_CONTROLLED
51.94,0.3002,-0.0800,0.5557,0.6334,0.3608,0.3397,0.5943,-100.06,-36.91,-163.71,-134.62,-88.91,117.10,167.92,0.009,44.02,51.56,SERVOING_MANUALLY_CONTROLLED
52.05,0.2960,-0.0940,0.5557,0.6416,0.3459,0.3257,0.6022,-97.38,-36.91,-163.71,-134.62,-88.91,117.10,167.92,0.009,43.14,52.78,SERVOING_MANUALLY_CONTROLLED
52.17,0.2920,-0.1055,0.5558,0.6483,0.3332,0.3139,0.6085,-95.13,-36.91,-163.71,-134.62,-88.91,117.10,167.92,0.009,42.48,53.83,SERVOING_MANUALLY_CONTROLLED
52.29,0.2870,-0.1184,0.5558,0.6555,0.3186,0.3003,0.6153,-92.57,-36.91,-163.71,-134.62,-88.91,117.10,167.92,0.009,41.82,55.06,SERVOING_MANUALLY_CONTROLLED
52.42,0.2810,-0.1317,0.5559,0.6628,0.3031,0.2858,0.6223,-89.88,-36.91,-163.71,-134.62,-88.91,117.10,167.92,0.009,41.22,56.40,SERVOING_MANUALLY_CONTROLLED
52.54,0.2745,-0.1446,0.5559,0.6696,0.2875,0.2712,0.6288,-87.21,-36.91,-163.71,-134.62,-88.91,117.10,167.92,0.009,40.71,57.76,SERVOING_MANUALLY_CONTROLLED
52.67,0.2674,-0.1573,0.5560,0.6761,0.2718,0.2565,0.6350,-84.53,-36.91,-163.71,-134.62,-88.91,117.10,167.92,0.009,40.28,59.14,SERVOING_MANUALLY_CONTROLLED
52.77,0.2597,-0.1696,0.5560,0.6823,0.2559,0.2416,0.6409,-81.85,-36.91,-163.71,-134.62,-88.91,117.10,167.92,0.009,39.94,60.55,SERVOING_MANUALLY_CONTROLLED
52.89,0.2528,-0.1796,0.5560,0.6871,0.2424,0.2290,0.6455,-79.63,-36.91,-163.71,-134.62,-88.91,117.10,167.92,0.009,39.71,61.74,SERVOING_MANUALLY_CONTROLLED
53.02,0.2444,-0.1907,0.5561,0.6923,0.2269,0.2145,0.6505,-77.03,-36.91,-163.71,-134.62,-88.91,117.10,167.92,0.009,39.51,63.12,SERVOING_MANUALLY_CONTROLLED
53.14,0.2352,-0.2019,0.5561,0.6974,0.2106,0.1993,0.6554,-74.36,-36.91,-163.71,-134.62,-88.91,117.10,167.92,0.009,39.37,64.56,SERVOING_MANUALLY_CONTROLLED
53.27,0.2254,-0.2127,0.5562,0.7021,0.1942,0.1840,0.6599,-71.68,-36.91,-163.71,-134.62,-88.91,117.10,167.92,0.009,39.30,66.01,SERVOING_MANUALLY_CONTROLLED
53.39,0.2152,-0.2230,0.5562,0.7065,0.1777,0.1685,0.6640,-69.00,-36.91,-163.71,-134.62,-88.91,117.10,167.92,0.009,39.29,67.46,SERVOING_MANUALLY_CONTROLLED
53.50,0.2058,-0.2316,0.5562,0.7099,0.1631,0.1549,0.6674,-66.66,-36.91,-163.71,-134.62,-88.91,117.10,167.92,0.009,39.32,68.74,SERVOING_MANUALLY_CONTROLLED
53.62,0.2006,-0.2361,0.5562,0.7117,0.1552,0.1475,0.6691,-65.40,-36.91,-163.71,-134.62,-88.91,117.10,167.92,0.009,39.36,69.42,SERVOING_MANUALLY_CONTROLLED
53.74,0.1978,-0.2384,0.5563,0.7126,0.1511,0.1437,0.6699,-64.76,-36.91,-163.71,-134.62,-88.91,117.10,167.92,0.009,39.38,69.78,SERVOING_MANUALLY_CONTROLLED
54.04,0.1977,-0.2384,0.5563,0.7126,0.1510,0.1436,0.6699,-64.74,-36.91,-163.71,-134.62,-88.91,117.10,167.92,0.009,39.38,69.79,SERVOING_MANUALLY_CONTROLLED
54.22,0.1979,-0.2383,0.5563,0.7125,0.1513,0.1438,0.6699,-64.79,-36.91,-163.71,-134.62,-88.91,117.10,167.92,0.009,39.38,69.76,SERVOING_MANUALLY_CONTROLLED
54.53,0.1979,-0.2383,0.5563,0.7130,0.1536,0.1463,0.6682,-64.86,-37.30,-164.06,-134.56,-88.95,117.05,168.33,0.009,39.38,69.76,SERVOING_MANUALLY_CONTROLLED
54.64,0.1979,-0.2383,0.5563,0.7177,0.1694,0.1600,0.6563,-65.27,-39.65,-166.10,-133.86,-89.46,116.63,171.13,0.009,39.38,69.77,SERVOING_MANUALLY_CONTROLLED
54.77,0.1979,-0.2384,0.5563,0.7194,0.1754,0.1651,0.6516,-65.42,-40.51,-166.83,-133.56,-89.68,116.45,172.18,0.009,39.38,69.77,SERVOING_MANUALLY_CONTROLLED
54.89,0.1978,-0.2384,0.5563,0.7212,0.1819,0.1706,0.6463,-65.60,-41.45,-167.62,-133.21,-89.94,116.26,173.34,0.009,39.38,69.78,SERVOING_MANUALLY_CONTROLLED
55.02,0.1979,-0.2384,0.5563,0.7229,0.1887,0.1762,0.6410,-65.79,-42.38,-168.38,-132.84,-90.21,116.05,174.51,0.009,39.38,69.78,SERVOING_MANUALLY_CONTROLLED
55.12,0.1978,-0.2384,0.5564,0.7245,0.1952,0.1817,0.6356,-65.98,-43.29,-169.11,-132.45,-90.49,115.83,175.66,0.009,39.38,69.78,SERVOING_MANUALLY_CONTROLLED
55.24,0.1978,-0.2384,0.5564,0.7259,0.2007,0.1863,0.6310,-66.14,-44.05,-169.70,-132.11,-90.73,115.66,176.61,0.009,39.38,69.78,SERVOING_MANUALLY_CONTROLLED
55.37,0.1978,-0.2385,0.5564,0.7273,0.2070,0.1916,0.6257,-66.33,-44.90,-170.36,-131.72,-91.02,115.44,177.70,0.009,39.38,69.79,SERVOING_MANUALLY_CONTROLLED
55.49,0.1978,-0.2385,0.5564,0.7287,0.2136,0.1970,0.6202,-66.54,-45.77,-171.02,-131.30,-91.33,115.22,178.82,0.009,39.38,69.79,SERVOING_MANUALLY_CONTROLLED
55.62,0.1978,-0.2385,0.5563,0.7292,0.2201,0.2029,0.6154,-66.75,-46.67,-171.69,-131.00,-91.57,114.99,179.88,0.009,39.38,69.79,SERVOING_MANUALLY_CONTROLLED
55.74,0.1978,-0.2385,0.5562,0.7264,0.2246,0.2087,0.6150,-66.90,-47.39,-172.25,-131.28,-91.41,114.76,-179.54,0.009,39.38,69.79,SERVOING_MANUALLY_CONTROLLED
55.85,0.1978,-0.2384,0.5562,0.7214,0.2259,0.2129,0.6191,-66.96,-47.75,-172.56,-132.02,-90.90,114.62,-179.57,0.009,39.38,69.79,SERVOING_MANUALLY_CONTROLLED
55.97,0.1978,-0.2384,0.5562,0.7167,0.2255,0.2156,0.6237,-66.96,-47.90,-172.69,-132.76,-90.38,114.53,-179.84,0.009,39.38,69.79,SERVOING_MANUALLY_CONTROLLED
56.09,0.1978,-0.2384,0.5561,0.7110,0.2250,0.2190,0.6293,-66.98,-48.12,-172.86,-133.65,-89.74,114.44,179.86,0.009,39.38,69.79,SERVOING_MANUALLY_CONTROLLED
56.22,0.1977,-0.2385,0.5562,0.7055,0.2269,0.2247,0.6327,-67.09,-48.69,-173.28,-134.37,-89.21,114.24,-179.99,0.009,39.38,69.79,SERVOING_MANUALLY_CONTROLLED
56.34,0.1977,-0.2385,0.5563,0.7018,0.2315,0.2316,0.6326,-67.28,-49.55,-173.91,-134.69,-88.97,113.94,-179.28,0.009,39.38,69.79,SERVOING_MANUALLY_CONTROLLED
56.47,0.1977,-0.2385,0.5563,0.6993,0.2374,0.2385,0.6306,-67.50,-50.54,-174.61,-134.75,-88.93,113.60,-178.29,0.009,39.38,69.80,SERVOING_MANUALLY_CONTROLLED
56.57,0.1977,-0.2385,0.5563,0.6969,0.2437,0.2458,0.6282,-67.74,-51.56,-175.33,-134.76,-88.93,113.23,-177.22,0.009,39.38,69.80,SERVOING_MANUALLY_CONTROLLED
56.69,0.1977,-0.2385,0.5563,0.6947,0.2490,0.2516,0.6261,-67.95,-52.42,-175.92,-134.76,-88.94,112.92,-176.29,0.009,39.38,69.80,SERVOING_MANUALLY_CONTROLLED
56.82,0.1977,-0.2386,0.5563,0.6923,0.2550,0.2583,0.6237,-68.20,-53.38,-176.57,-134.72,-88.98,112.56,-175.25,0.009,39.38,69.80,SERVOING_MANUALLY_CONTROLLED
56.94,0.1976,-0.2386,0.5563,0.6898,0.2610,0.2652,0.6211,-68.45,-54.38,-177.24,-134.67,-89.03,112.18,-174.17,0.009,39.38,69.81,SERVOING_MANUALLY_CONTROLLED
57.07,0.1976,-0.2386,0.5563,0.6871,0.2672,0.2720,0.6185,-68.73,-55.37,-177.88,-134.61,-89.09,111.80,-173.07,0.009,39.38,69.81,SERVOING_MANUALLY_CONTROLLED
57.17,0.1976,-0.2386,0.5563,0.6844,0.2732,0.2788,0.6158,-69.00,-56.36,-178.52,-134.51,-89.17,111.41,-171.97,0.009,39.38,69.81,SERVOING_MANUALLY_CONTROLLED
57.29,0.1976,-0.2386,0.5563,0.6821,0.2782,0.2844,0.6135,-69.24,-57.19,-179.04,-134.43,-89.25,111.09,-171.04,0.009,39.38,69.81,SERVOING_MANUALLY_CONTROLLED
57.42,0.1976,-0.2387,0.5563,0.6794,0.2840,0.2909,0.6108,-69.53,-58.13,-179.63,-134.31,-89.35,110.71,-169.97,0.009,39.38,69.82,SERVOING_MANUALLY_CONTROLLED
57.54,0.1976,-0.2387,0.5563,0.6765,0.2900,0.2976,0.6080,-69.83,-59.11,179.77,-134.17,-89.47,110.32,-168.86,0.009,39.38,69.82,SERVOING_MANUALLY_CONTROLLED
57.67,0.1976,-0.2387,0.5563,0.6736,0.2960,0.3043,0.6051,-70.15,-60.08,179.19,-134.02,-89.61,109.92,-167.73,0.009,39.38,69.82,SERVOING_MANUALLY_CONTROLLED
57.79,0.1976,-0.2387,0.5563,0.6706,0.3019,0.3109,0.6021,-70.47,-61.04,178.61,-133.84,-89.76,109.53,-166.60,0.009,39.38,69.82,SERVOING_MANUALLY_CONTROLLED
57.89,0.1976,-0.2387,0.5563,0.6675,0.3078,0.3174,0.5991,-70.79,-61.99,178.06,-133.65,-89.94,109.13,-165.48,0.009,39.38,69.82,SERVOING_MANUALLY_CONTROLLED
58.02,0.1975,-0.2387,0.5563,0.6649,0.3127,0.3229,0.5966,-71.07,-62.78,177.60,-133.48,-90.09,108.80,-164.54,0.009,39.38,69.82,SERVOING_MANUALLY_CONTROLLED
58.14,0.1975,-0.2388,0.5564,0.6618,0.3182,0.3292,0.5936,-71.41,-63.68,177.08,-133.26,-90.27,108.43,-163.45,0.009,39.38,69.83,SERVOING_MANUALLY_CONTROLLED
58.27,0.1975,-0.2388,0.5564,0.6587,0.3240,0.3357,0.5903,-71.76,-64.60,176.56,-133.01,-90.49,108.04,-162.33,0.009,39.38,69.83,SERVOING_MANUALLY_CONTROLLED
58.39,0.1975,-0.2388,0.5564,0.6557,0.3300,0.3419,0.5867,-72.11,-65.49,176.06,-132.69,-90.76,107.67,-161.18,0.009,39.37,69.83,SERVOING_MANUALLY_CONTROLLED
58.52,0.1975,-0.2388,0.5564,0.6531,0.3358,0.3476,0.5830,-72.45,-66.31,175.61,-132.32,-91.07,107.34,-160.07,0.009,39.37,69.83,SERVOING_MANUALLY_CONTROLLED
58.62,0.1976,-0.2387,0.5563,0.6521,0.3384,0.3495,0.5814,-72.57,-66.60,175.46,-132.16,-91.22,107.21,-159.62,0.009,39.38,69.82,SERVOING_MANUALLY_CONTROLLED
58.74,0.1976,-0.2387,0.5564,0.6520,0.3387,0.3497,0.5812,-72.58,-66.63,175.44,-132.14,-91.23,107.19,-159.57,0.009,39.38,69.82,SERVOING_MANUALLY_CONTROLLED
58.87,0.1976,-0.2387,0.5564,0.6518,0.3390,0.3501,0.5811,-72.61,-66.69,175.40,-132.13,-91.25,107.17,-159.50,0.009,39.38,69.82,SERVOING_MANUALLY_CONTROLLED
58.99,0.1975,-0.2388,0.5564,0.6496,0.3427,0.3547,0.5786,-72.88,-67.32,175.07,-131.91,-91.42,106.92,-158.74,0.009,39.37,69.83,SERVOING_MANUALLY_CONTROLLED
59.12,0.1975,-0.2388,0.5565,0.6478,0.3489,0.3598,0.5737,-73.20,-68.03,174.68,-131.33,-91.88,106.64,-157.60,0.009,39.37,69.83,SERVOING_MANUALLY_CONTROLLED
59.24,0.1976,-0.2387,0.5566,0.6513,0.3541,0.3593,0.5668,-73.26,-68.02,174.72,-130.35,-92.64,106.69,-156.91,0.009,39.37,69.82,SERVOING_MANUALLY_CONTROLLED
59.35,0.1976,-0.2387,0.5566,0.6574,0.3578,0.3551,0.5601,-73.14,-67.57,175.02,-129.31,-93.43,106.96,-156.60,0.009,39.37,69.82,SERVOING_MANUALLY_CONTROLLED
59.45,0.1976,-0.2387,0.5565,0.6631,0.3592,0.3498,0.5558,-72.95,-67.00,175.39,-128.59,-93.96,107.26,-156.63,0.009,39.37,69.81,SERVOING_MANUALLY_CONTROLLED
59.57,0.1976,-0.2387,0.5565,0.6670,0.3603,0.3470,0.5522,-72.86,-66.69,175.60,-128.03,-94.37,107.45,-156.59,0.009,39.37,69.82,SERVOING_MANUALLY_CONTROLLED
59.69,0.1975,-0.2388,0.5564,0.6661,0.3645,0.3504,0.5484,-73.10,-67.16,175.37,-127.63,-94.70,107.32,-155.86,0.009,39.37,69.83,SERVOING_MANUALLY_CONTROLLED
59.82,0.1976,-0.2388,0.5564,0.6635,0.3703,0.3564,0.5437,-73.47,-67.90,174.98,-127.15,-95.08,107.07,-154.83,0.009,39.37,69.83,SERVOING_MANUALLY_CONTROLLED
59.94,0.1976,-0.2388,0.5565,0.6633,0.3766,0.3599,0.5372,-73.76,-68.35,174.79,-126.36,-95.67,106.98,-153.85,0.009,39.37,69.83,SERVOING_MANUALLY_CONTROLLED
60.05,0.1975,-0.2388,0.5566,0.6665,0.3821,0.3595,0.5296,-73.85,-68.33,174.88,-125.32,-96.42,107.12,-153.15,0.009,39.37,69.83,SERVOING_MANUALLY_CONTROLLED
60.17,0.1976,-0.2388,0.5566,0.6710,0.3857,0.3563,0.5235,-73.82,-67.99,175.16,-124.41,-97.05,107.37,-152.82,0.009,39.37,69.82,SERVOING_MANUALLY_CONTROLLED
60.29,0.1977,-0.2387,0.5565,0.6769,0.3870,0.3499,0.5192,-73.61,-67.32,175.63,-123.70,-97.55,107.74,-152.88,0.009,39.37,69.81,SERVOING_MANUALLY_CONTROLLED
60.42,0.1976,-0.2387,0.5562,0.6782,0.3832,0.3462,0.5229,-73.38,-66.94,175.81,-124.13,-97.26,107.86,-153.51,0.009,39.37,69.82,SERVOING_MANUALLY_CONTROLLED
60.54,0.1975,-0.2387,0.5562,0.6737,0.3791,0.3486,0.5299,-73.36,-67.19,175.56,-125.12,-96.57,107.61,-153.95,0.009,39.38,69.82,SERVOING_MANUALLY_CONTROLLED
60.65,0.1975,-0.2388,0.5562,0.6675,0.3785,0.3554,0.5337,-73.62,-67.93,175.08,-125.81,-96.11,107.24,-153.78,0.009,39.37,69.83,SERVOING_MANUALLY_CONTROLLED
60.77,0.1975,-0.2388,0.5563,0.6626,0.3802,0.3618,0.5343,-73.92,-68.64,174.64,-126.06,-95.96,106.92,-153.31,0.009,39.37,69.83,SERVOING_MANUALLY_CONTROLLED
60.89,0.1975,-0.2388,0.5563,0.6576,0.3833,0.3687,0.5336,-74.28,-69.44,174.18,-126.13,-95.93,106.58,-152.61,0.009,39.37,69.83,SERVOING_MANUALLY_CONTROLLED
61.02,0.1975,-0.2388,0.5563,0.6536,0.3864,0.3744,0.5324,-74.59,-70.11,173.81,-126.11,-95.99,106.30,-151.96,0.009,39.37,69.83,SERVOING_MANUALLY_CONTROLLED
61.14,0.1976,-0.2388,0.5563,0.6525,0.3873,0.3758,0.5320,-74.67,-70.27,173.73,-126.09,-96.01,106.23,-151.79,0.009,39.37,69.82,SERVOING_MANUALLY_CONTROLLED
61.27,0.1975,-0.2388,0.5563,0.6524,0.3873,0.3759,0.5320,-74.67,-70.28,173.72,-126.09,-96.01,106.23,-151.77,0.009,39.37,69.83,SERVOING_MANUALLY_CONTROLLED
61.37,0.1975,-0.2388,0.5563,0.6525,0.3873,0.3759,0.5320,-74.67,-70.28,173.72,-126.08,-96.01,106.23,-151.77,0.009,39.37,69.83,SERVOING_MANUALLY_CONTROLLED
61.49,0.1975,-0.2388,0.5563,0.6525,0.3873,0.3759,0.5320,-74.67,-70.28,173.72,-126.08,-96.01,106.23,-151.77,0.009,39.37,69.83,SERVOING_MANUALLY_CONTROLLED
61.62,0.1975,-0.2388,0.5564,0.6525,0.3873,0.3759,0.5319,-74.67,-70.28,173.72,-126.08,-96.01,106.23,-151.77,0.009,39.37,69.83,SERVOING_MANUALLY_CONTROLLED
61.74,0.1975,-0.2388,0.5564,0.6525,0.3873,0.3759,0.5319,-74.67,-70.28,173.72,-126.08,-96.01,106.23,-151.77,0.009,39.37,69.83,SERVOING_MANUALLY_CONTROLLED
61.87,0.1975,-0.2388,0.5564,0.6525,0.3873,0.3759,0.5320,-74.67,-70.27,173.72,-126.08,-96.01,106.23,-151.77,0.009,39.37,69.83,SERVOING_MANUALLY_CONTROLLED
61.99,0.1975,-0.2388,0.5564,0.6525,0.3873,0.3759,0.5320,-74.67,-70.27,173.72,-126.08,-96.01,106.23,-151.77,0.009,39.37,69.83,SERVOING_MANUALLY_CONTROLLED
62.10,0.1975,-0.2388,0.5564,0.6525,0.3873,0.3759,0.5320,-74.67,-70.27,173.72,-126.08,-96.01,106.23,-151.77,0.009,39.37,69.83,SERVOING_MANUALLY_CONTROLLED
62.22,0.1976,-0.2388,0.5564,0.6525,0.3873,0.3759,0.5320,-74.67,-70.27,173.72,-126.08,-96.01,106.23,-151.77,0.009,39.37,69.83,SERVOING_MANUALLY_CONTROLLED
62.34,0.1976,-0.2388,0.5564,0.6525,0.3873,0.3759,0.5320,-74.67,-70.27,173.72,-126.08,-96.01,106.23,-151.77,0.009,39.37,69.83,SERVOING_MANUALLY_CONTROLLED
62.47,0.1976,-0.2388,0.5564,0.6525,0.3873,0.3759,0.5320,-74.67,-70.27,173.72,-126.08,-96.01,106.23,-151.77,0.009,39.37,69.83,SERVOING_MANUALLY_CONTROLLED
62.59,0.1976,-0.2388,0.5564,0.6525,0.3873,0.3759,0.5320,-74.67,-70.27,173.72,-126.08,-96.01,106.23,-151.77,0.009,39.37,69.83,SERVOING_MANUALLY_CONTROLLED
62.72,0.1976,-0.2388,0.5564,0.6525,0.3873,0.3759,0.5320,-74.67,-70.27,173.72,-126.08,-96.01,106.23,-151.77,0.009,39.37,69.83,SERVOING_MANUALLY_CONTROLLED
62.82,0.1976,-0.2388,0.5564,0.6525,0.3873,0.3759,0.5320,-74.67,-70.27,173.72,-126.08,-96.01,106.23,-151.77,0.009,39.37,69.83,SERVOING_MANUALLY_CONTROLLED
62.94,0.1976,-0.2388,0.5564,0.6525,0.3873,0.3759,0.5320,-74.67,-70.27,173.72,-126.08,-96.01,106.23,-151.77,0.009,39.37,69.83,SERVOING_MANUALLY_CONTROLLED
63.07,0.1976,-0.2388,0.5564,0.6525,0.3873,0.3759,0.5320,-74.67,-70.27,173.72,-126.08,-96.01,106.23,-151.77,0.009,39.37,69.83,SERVOING_MANUALLY_CONTROLLED
63.32,0.1976,-0.2388,0.5564,0.6525,0.3873,0.3759,0.5320,-74.67,-70.27,173.72,-126.08,-96.01,106.23,-151.77,0.009,39.37,69.83,SERVOING_MANUALLY_CONTROLLED
63.50,0.1993,-0.2339,0.5563,0.6523,0.3877,0.3755,0.5322,-74.67,-69.53,173.79,-126.46,-96.25,106.11,-152.88,0.009,39.56,69.36,SERVOING_MANUALLY_CONTROLLED
63.62,0.2060,-0.2373,0.5562,0.6527,0.3872,0.3761,0.5316,-75.50,-69.87,175.04,-126.47,-94.97,105.80,-152.54,0.009,38.97,69.12,SERVOING_MANUALLY_CONTROLLED
63.74,0.2022,-0.2455,0.5563,0.6528,0.3869,0.3764,0.5316,-75.35,-71.10,174.75,-125.79,-94.72,106.01,-150.61,0.009,38.71,69.97,SERVOING_MANUALLY_CONTROLLED
63.87,0.1963,-0.2539,0.5562,0.6529,0.3870,0.3764,0.5314,-75.03,-72.38,174.21,-124.98,-94.72,106.30,-148.48,0.009,38.57,70.98,SERVOING_MANUALLY_CONTROLLED
63.99,0.2011,-0.2592,0.5560,0.6529,0.3876,0.3758,0.5313,-75.73,-72.91,175.19,-124.77,-93.57,106.12,-147.56,0.009,38.00,71.02,SERVOING_MANUALLY_CONTROLLED
64.12,0.2127,-0.2593,0.5559,0.6528,0.3879,0.3756,0.5314,-76.96,-72.64,176.95,-125.15,-91.95,105.63,-148.09,0.009,37.31,70.23,SERVOING_MANUALLY_CONTROLLED
64.22,0.2253,-0.2578,0.5558,0.6528,0.3881,0.3754,0.5314,-78.26,-72.15,178.86,-125.59,-90.31,105.11,-148.98,0.009,36.64,69.26,SERVOING_MANUALLY_CONTROLLED
64.34,0.2357,-0.2561,0.5557,0.6528,0.3883,0.3751,0.5314,-79.35,-71.67,-179.54,-125.95,-88.96,104.71,-149.81,0.009,36.10,68.42,SERVOING_MANUALLY_CONTROLLED
64.47,0.2455,-0.2496,0.5559,0.6525,0.3883,0.3749,0.5319,-80.32,-70.55,-178.17,-126.58,-88.05,104.43,-151.60,0.009,35.85,67.28,SERVOING_MANUALLY_CONTROLLED
64.59,0.2521,-0.2394,0.5560,0.6522,0.3885,0.3748,0.5322,-80.96,-68.96,-177.37,-127.35,-87.92,104.35,-154.03,0.009,36.03,66.08,SERVOING_MANUALLY_CONTROLLED
64.72,0.2589,-0.2289,0.5560,0.6523,0.3885,0.3748,0.5322,-81.64,-67.28,-176.48,-128.08,-87.77,104.27,-156.58,0.009,36.20,64.84,SERVOING_MANUALLY_CONTROLLED
64.84,0.2658,-0.2184,0.5560,0.6522,0.3885,0.3747,0.5323,-82.37,-65.57,-175.52,-128.72,-87.57,104.17,-159.06,0.009,36.38,63.61,SERVOING_MANUALLY_CONTROLLED
64.95,0.2696,-0.2067,0.5563,0.6519,0.3885,0.3749,0.5326,-82.79,-63.66,-175.14,-129.35,-87.92,104.22,-161.69,0.009,36.86,62.49,SERVOING_MANUALLY_CONTROLLED
65.07,0.2704,-0.1962,0.5563,0.6519,0.3884,0.3748,0.5326,-82.90,-61.95,-175.25,-129.84,-88.67,104.38,-163.98,0.009,37.47,61.67,SERVOING_MANUALLY_CONTROLLED
65.19,0.2698,-0.1871,0.5563,0.6520,0.3882,0.3752,0.5324,-82.86,-60.50,-175.62,-130.21,-89.53,104.56,-165.92,0.009,38.10,61.07,SERVOING_MANUALLY_CONTROLLED
65.32,0.2694,-0.1851,0.5562,0.6523,0.3880,0.3753,0.5321,-82.82,-60.18,-175.75,-130.29,-89.78,104.61,-166.39,0.009,38.26,60.95,SERVOING_MANUALLY_CONTROLLED
65.44,0.2693,-0.1849,0.5562,0.6523,0.3879,0.3754,0.5320,-82.81,-60.16,-175.77,-130.29,-89.80,104.61,-166.43,0.009,38.27,60.94,SERVOING_MANUALLY_CONTROLLED
65.57,0.2693,-0.1849,0.5562,0.6524,0.3879,0.3754,0.5321,-82.80,-60.16,-175.77,-130.29,-89.80,104.61,-166.43,0.009,38.27,60.94,SERVOING_MANUALLY_CONTROLLED
65.67,0.2693,-0.1849,0.5562,0.6524,0.3878,0.3754,0.5320,-82.80,-60.16,-175.77,-130.29,-89.80,104.61,-166.43,0.009,38.27,60.94,SERVOING_MANUALLY_CONTROLLED
65.79,0.2693,-0.1850,0.5562,0.6524,0.3878,0.3754,0.5320,-82.80,-60.17,-175.77,-130.29,-89.80,104.61,-166.43,0.009,38.27,60.95,SERVOING_MANUALLY_CONTROLLED
65.92,0.2693,-0.1850,0.5562,0.6524,0.3878,0.3754,0.5320,-82.80,-60.17,-175.77,-130.29,-89.80,104.61,-166.43,0.009,38.27,60.95,SERVOING_MANUALLY_CONTROLLED
66.04,0.2693,-0.1850,0.5562,0.6524,0.3878,0.3755,0.5320,-82.80,-60.17,-175.77,-130.29,-89.80,104.61,-166.43,0.009,38.27,60.95,SERVOING_MANUALLY_CONTROLLED
66.17,0.2693,-0.1850,0.5561,0.6524,0.3878,0.3755,0.5320,-82.80,-60.18,-175.77,-130.29,-89.80,104.61,-166.43,0.009,38.27,60.95,SERVOING_MANUALLY_CONTROLLED
66.29,0.2693,-0.1850,0.5561,0.6524,0.3878,0.3755,0.5320,-82.80,-60.17,-175.77,-130.29,-89.80,104.61,-166.43,0.009,38.27,60.95,SERVOING_MANUALLY_CONTROLLED
66.40,0.2693,-0.1850,0.5561,0.6524,0.3878,0.3755,0.5320,-82.80,-60.18,-175.77,-130.29,-89.80,104.61,-166.43,0.009,38.27,60.95,SERVOING_MANUALLY_CONTROLLED
66.52,0.2693,-0.1850,0.5562,0.6524,0.3878,0.3755,0.5320,-82.80,-60.17,-175.77,-130.29,-89.80,104.61,-166.43,0.009,38.27,60.95,SERVOING_MANUALLY_CONTROLLED
66.64,0.2693,-0.1850,0.5562,0.6524,0.3878,0.3755,0.5320,-82.80,-60.17,-175.77,-130.29,-89.80,104.61,-166.43,0.009,38.27,60.95,SERVOING_MANUALLY_CONTROLLED
66.77,0.2693,-0.1850,0.5562,0.6524,0.3878,0.3755,0.5320,-82.80,-60.17,-175.77,-130.29,-89.80,104.61,-166.43,0.009,38.27,60.95,SERVOING_MANUALLY_CONTROLLED
66.89,0.2693,-0.1850,0.5562,0.6524,0.3878,0.3755,0.5320,-82.80,-60.17,-175.77,-130.29,-89.80,104.61,-166.43,0.009,38.27,60.95,SERVOING_MANUALLY_CONTROLLED
67.00,0.2693,-0.1850,0.5562,0.6524,0.3878,0.3755,0.5320,-82.80,-60.17,-175.77,-130.29,-89.80,104.61,-166.43,0.009,38.27,60.95,SERVOING_MANUALLY_CONTROLLED
67.12,0.2693,-0.1850,0.5562,0.6524,0.3878,0.3755,0.5320,-82.80,-60.17,-175.77,-130.29,-89.80,104.61,-166.43,0.009,38.27,60.95,SERVOING_MANUALLY_CONTROLLED
67.24,0.2693,-0.1850,0.5562,0.6524,0.3878,0.3755,0.5320,-82.80,-60.17,-175.77,-130.29,-89.80,104.61,-166.43,0.009,38.27,60.95,SERVOING_MANUALLY_CONTROLLED
67.37,0.2693,-0.1850,0.5562,0.6524,0.3878,0.3755,0.5320,-82.80,-60.17,-175.77,-130.29,-89.80,104.61,-166.43,0.009,38.27,60.95,SERVOING_MANUALLY_CONTROLLED
67.49,0.2693,-0.1850,0.5562,0.6524,0.3878,0.3755,0.5320,-82.80,-60.17,-175.77,-130.29,-89.80,104.61,-166.43,0.009,38.27,60.95,SERVOING_MANUALLY_CONTROLLED
67.62,0.2693,-0.1850,0.5562,0.6524,0.3878,0.3755,0.5320,-82.80,-60.17,-175.77,-130.29,-89.80,104.61,-166.43,0.009,38.27,60.95,SERVOING_MANUALLY_CONTROLLED
67.72,0.2693,-0.1850,0.5562,0.6524,0.3878,0.3755,0.5320,-82.80,-60.17,-175.77,-130.29,-89.80,104.61,-166.43,0.009,38.27,60.95,SERVOING_MANUALLY_CONTROLLED
67.84,0.2693,-0.1850,0.5562,0.6524,0.3878,0.3755,0.5320,-82.80,-60.17,-175.77,-130.29,-89.80,104.61,-166.43,0.009,38.27,60.95,SERVOING_MANUALLY_CONTROLLED
67.97,0.2693,-0.1850,0.5562,0.6524,0.3878,0.3755,0.5320,-82.80,-60.17,-175.77,-130.29,-89.80,104.61,-166.43,0.009,38.27,60.95,SERVOING_MANUALLY_CONTROLLED
68.09,0.2693,-0.1850,0.5562,0.6524,0.3878,0.3755,0.5320,-82.80,-60.17,-175.77,-130.29,-89.80,104.61,-166.43,0.009,38.27,60.95,SERVOING_MANUALLY_CONTROLLED
68.22,0.2693,-0.1850,0.5562,0.6524,0.3878,0.3755,0.5320,-82.80,-60.17,-175.77,-130.29,-89.80,104.61,-166.43,0.009,38.27,60.95,SERVOING_MANUALLY_CONTROLLED
68.34,0.2693,-0.1850,0.5562,0.6524,0.3878,0.3755,0.5320,-82.80,-60.17,-175.77,-130.29,-89.80,104.61,-166.43,0.009,38.27,60.95,SERVOING_MANUALLY_CONTROLLED
68.45,0.2693,-0.1850,0.5562,0.6524,0.3878,0.3755,0.5320,-82.80,-60.17,-175.77,-130.29,-89.80,104.61,-166.43,0.009,38.27,60.95,SERVOING_MANUALLY_CONTROLLED
68.57,0.2693,-0.1850,0.5562,0.6524,0.3878,0.3755,0.5320,-82.80,-60.17,-175.77,-130.29,-89.80,104.61,-166.43,0.009,38.27,60.95,SERVOING_MANUALLY_CONTROLLED
68.69,0.2693,-0.1850,0.5562,0.6524,0.3878,0.3755,0.5320,-82.80,-60.17,-175.77,-130.29,-89.80,104.61,-166.43,0.009,38.27,60.95,SERVOING_MANUALLY_CONTROLLED
68.82,0.2693,-0.1850,0.5562,0.6524,0.3878,0.3755,0.5320,-82.80,-60.17,-175.77,-130.29,-89.80,104.61,-166.43,0.009,38.27,60.95,SERVOING_MANUALLY_CONTROLLED
68.94,0.2693,-0.1850,0.5562,0.6524,0.3878,0.3755,0.5320,-82.80,-60.17,-175.77,-130.29,-89.80,104.61,-166.43,0.009,38.27,60.95,SERVOING_MANUALLY_CONTROLLED
69.07,0.2693,-0.1850,0.5562,0.6524,0.3878,0.3755,0.5320,-82.80,-60.17,-175.77,-130.29,-89.80,104.61,-166.43,0.009,38.27,60.95,SERVOING_MANUALLY_CONTROLLED
69.17,0.2693,-0.1850,0.5562,0.6524,0.3878,0.3755,0.5320,-82.80,-60.17,-175.77,-130.29,-89.80,104.61,-166.43,0.009,38.27,60.95,SERVOING_MANUALLY_CONTROLLED
69.29,0.2693,-0.1850,0.5562,0.6524,0.3878,0.3755,0.5320,-82.80,-60.17,-175.77,-130.29,-89.80,104.61,-166.43,0.009,38.27,60.95,SERVOING_MANUALLY_CONTROLLED
69.42,0.2693,-0.1850,0.5562,0.6524,0.3878,0.3755,0.5320,-82.80,-60.17,-175.77,-130.29,-89.80,104.61,-166.43,0.009,38.27,60.95,SERVOING_MANUALLY_CONTROLLED
69.54,0.2693,-0.1850,0.5562,0.6524,0.3878,0.3755,0.5320,-82.80,-60.17,-175.77,-130.29,-89.80,104.61,-166.43,0.009,38.27,60.95,SERVOING_MANUALLY_CONTROLLED
69.67,0.2693,-0.1850,0.5562,0.6524,0.3878,0.3755,0.5320,-82.80,-60.17,-175.77,-130.29,-89.80,104.61,-166.43,0.009,38.27,60.95,SERVOING_MANUALLY_CONTROLLED
69.79,0.2693,-0.1850,0.5562,0.6524,0.3878,0.3755,0.5320,-82.80,-60.17,-175.77,-130.29,-89.80,104.61,-166.43,0.009,38.27,60.95,SERVOING_MANUALLY_CONTROLLED
69.90,0.2693,-0.1850,0.5562,0.6524,0.3878,0.3755,0.5320,-82.80,-60.17,-175.77,-130.29,-89.80,104.61,-166.43,0.009,38.27,60.95,SERVOING_MANUALLY_CONTROLLED
70.02,0.2693,-0.1850,0.5562,0.6524,0.3878,0.3755,0.5320,-82.80,-60.17,-175.77,-130.29,-89.80,104.61,-166.43,0.009,38.27,60.95,SERVOING_MANUALLY_CONTROLLED
70.14,0.2693,-0.1850,0.5562,0.6524,0.3878,0.3755,0.5320,-82.80,-60.17,-175.77,-130.29,-89.80,104.61,-166.43,0.009,38.27,60.95,SERVOING_MANUALLY_CONTROLLED
70.27,0.2693,-0.1850,0.5562,0.6524,0.3878,0.3755,0.5320,-82.80,-60.17,-175.77,-130.29,-89.80,104.61,-166.43,0.009,38.27,60.95,SERVOING_MANUALLY_CONTROLLED
70.39,0.2693,-0.1850,0.5562,0.6524,0.3878,0.3755,0.5320,-82.80,-60.17,-175.77,-130.29,-89.80,104.61,-166.43,0.009,38.27,60.95,SERVOING_MANUALLY_CONTROLLED
70.50,0.2693,-0.1850,0.5562,0.6524,0.3878,0.3755,0.5320,-82.80,-60.17,-175.77,-130.29,-89.80,104.61,-166.43,0.009,38.27,60.95,SERVOING_MANUALLY_CONTROLLED
70.62,0.2693,-0.1850,0.5562,0.6524,0.3878,0.3755,0.5320,-82.80,-60.17,-175.77,-130.29,-89.80,104.61,-166.43,0.009,38.27,60.95,SERVOING_MANUALLY_CONTROLLED
70.74,0.2693,-0.1850,0.5562,0.6524,0.3878,0.3755,0.5320,-82.80,-60.17,-175.77,-130.29,-89.80,104.61,-166.43,0.009,38.27,60.95,SERVOING_MANUALLY_CONTROLLED
70.87,0.2693,-0.1850,0.5562,0.6524,0.3878,0.3755,0.5320,-82.80,-60.17,-175.77,-130.29,-89.80,104.61,-166.43,0.009,38.27,60.95,SERVOING_MANUALLY_CONTROLLED
70.99,0.2693,-0.1850,0.5562,0.6524,0.3878,0.3755,0.5320,-82.80,-60.17,-175.77,-130.29,-89.80,104.61,-166.43,0.009,38.27,60.95,SERVOING_MANUALLY_CONTROLLED
71.12,0.2693,-0.1850,0.5562,0.6524,0.3878,0.3755,0.5320,-82.80,-60.17,-175.77,-130.29,-89.80,104.61,-166.43,0.009,38.27,60.95,SERVOING_MANUALLY_CONTROLLED
71.22,0.2693,-0.1850,0.5562,0.6524,0.3878,0.3755,0.5320,-82.80,-60.17,-175.77,-130.29,-89.80,104.61,-166.43,0.009,38.27,60.95,SERVOING_MANUALLY_CONTROLLED
71.34,0.2693,-0.1850,0.5562,0.6524,0.3878,0.3755,0.5320,-82.80,-60.17,-175.77,-130.29,-89.80,104.61,-166.43,0.009,38.27,60.95,SERVOING_MANUALLY_CONTROLLED
71.47,0.2693,-0.1850,0.5562,0.6524,0.3878,0.3755,0.5320,-82.80,-60.17,-175.77,-130.29,-89.80,104.61,-166.43,0.009,38.27,60.95,SERVOING_MANUALLY_CONTROLLED
71.59,0.2693,-0.1850,0.5562,0.6524,0.3878,0.3755,0.5320,-82.80,-60.17,-175.77,-130.29,-89.80,104.61,-166.43,0.009,38.27,60.95,SERVOING_MANUALLY_CONTROLLED
71.72,0.2693,-0.1850,0.5562,0.6524,0.3878,0.3755,0.5320,-82.80,-60.17,-175.77,-130.29,-89.80,104.61,-166.43,0.009,38.27,60.95,SERVOING_MANUALLY_CONTROLLED
71.84,0.2693,-0.1850,0.5562,0.6524,0.3878,0.3755,0.5320,-82.80,-60.17,-175.77,-130.29,-89.80,104.61,-166.43,0.009,38.27,60.95,SERVOING_MANUALLY_CONTROLLED
71.95,0.2693,-0.1850,0.5562,0.6524,0.3878,0.3755,0.5320,-82.80,-60.17,-175.77,-130.29,-89.80,104.61,-166.43,0.009,38.27,60.95,SERVOING_MANUALLY_CONTROLLED
72.07,0.2693,-0.1850,0.5562,0.6524,0.3878,0.3755,0.5320,-82.80,-60.17,-175.77,-130.29,-89.80,104.61,-166.43,0.009,38.27,60.95,SERVOING_MANUALLY_CONTROLLED
72.19,0.2693,-0.1850,0.5562,0.6524,0.3878,0.3755,0.5320,-82.80,-60.17,-175.77,-130.29,-89.80,104.61,-166.43,0.009,38.27,60.95,SERVOING_MANUALLY_CONTROLLED
72.32,0.2693,-0.1850,0.5562,0.6524,0.3878,0.3755,0.5320,-82.80,-60.17,-175.77,-130.29,-89.80,104.61,-166.43,0.009,38.27,60.95,SERVOING_MANUALLY_CONTROLLED
72.44,0.2693,-0.1850,0.5562,0.6524,0.3878,0.3755,0.5320,-82.80,-60.17,-175.77,-130.29,-89.80,104.61,-166.43,0.009,38.27,60.95,SERVOING_MANUALLY_CONTROLLED
72.57,0.2693,-0.1850,0.5562,0.6524,0.3878,0.3755,0.5320,-82.80,-60.17,-175.77,-130.29,-89.80,104.61,-166.43,0.009,38.27,60.95,SERVOING_MANUALLY_CONTROLLED
72.67,0.2693,-0.1850,0.5562,0.6524,0.3878,0.3755,0.5320,-82.80,-60.17,-175.77,-130.29,-89.80,104.61,-166.43,0.009,38.27,60.95,SERVOING_READY
72.79,0.2693,-0.1850,0.5562,0.6524,0.3878,0.3755,0.5320,-82.80,-60.17,-175.77,-130.29,-89.80,104.61,-166.43,0.009,38.27,60.95,SERVOING_READY
72.92,0.2693,-0.1850,0.5562,0.6524,0.3878,0.3755,0.5320,-82.80,-60.17,-175.77,-130.29,-89.80,104.61,-166.43,0.009,38.27,60.95,SERVOING_READY
73.04,0.2693,-0.1850,0.5562,0.6524,0.3878,0.3755,0.5320,-82.80,-60.17,-175.77,-130.29,-89.80,104.61,-166.43,0.009,38.27,60.95,SERVOING_READY
73.17,0.2693,-0.1850,0.5562,0.6524,0.3878,0.3755,0.5320,-82.80,-60.17,-175.77,-130.29,-89.80,104.61,-166.43,0.009,38.27,60.95,SERVOING_READY
73.29,0.2693,-0.1850,0.5562,0.6524,0.3878,0.3755,0.5320,-82.80,-60.17,-175.77,-130.29,-89.80,104.61,-166.43,0.009,38.27,60.95,SERVOING_READY
73.40,0.2693,-0.1850,0.5562,0.6524,0.3878,0.3755,0.5320,-82.80,-60.17,-175.77,-130.29,-89.80,104.61,-166.43,0.009,38.27,60.95,SERVOING_READY
73.52,0.2693,-0.1850,0.5562,0.6524,0.3878,0.3755,0.5320,-82.80,-60.17,-175.77,-130.29,-89.80,104.61,-166.43,0.009,38.27,60.95,SERVOING_READY
73.64,0.2693,-0.1850,0.5562,0.6524,0.3878,0.3755,0.5320,-82.80,-60.17,-175.77,-130.29,-89.80,104.61,-166.43,0.009,38.27,60.95,SERVOING_READY
73.77,0.2693,-0.1850,0.5562,0.6524,0.3878,0.3755,0.5320,-82.80,-60.17,-175.77,-130.29,-89.80,104.61,-166.43,0.009,38.27,60.95,SERVOING_READY
73.89,0.2693,-0.1850,0.5562,0.6524,0.3878,0.3755,0.5320,-82.80,-60.17,-175.77,-130.29,-89.80,104.61,-166.43,0.009,38.27,60.95,SERVOING_READY
74.00,0.2693,-0.1850,0.5562,0.6524,0.3878,0.3755,0.5320,-82.80,-60.17,-175.77,-130.29,-89.80,104.61,-166.43,0.009,38.27,60.95,SERVOING_READY
74.12,0.2693,-0.1850,0.5562,0.6524,0.3878,0.3755,0.5320,-82.80,-60.17,-175.77,-130.29,-89.80,104.61,-166.43,0.009,38.27,60.95,SERVOING_READY
74.24,0.2693,-0.1850,0.5562,0.6524,0.3878,0.3755,0.5320,-82.80,-60.17,-175.77,-130.29,-89.80,104.61,-166.43,0.009,38.27,60.95,SERVOING_READY
74.37,0.2693,-0.1850,0.5562,0.6524,0.3878,0.3755,0.5320,-82.80,-60.17,-175.77,-130.29,-89.80,104.61,-166.43,0.009,38.27,60.95,SERVOING_READY
74.49,0.2693,-0.1850,0.5562,0.6524,0.3878,0.3755,0.5320,-82.80,-60.17,-175.77,-130.29,-89.80,104.61,-166.43,0.009,38.27,60.95,SERVOING_READY
74.62,0.2693,-0.1850,0.5562,0.6524,0.3878,0.3755,0.5320,-82.80,-60.17,-175.77,-130.29,-89.80,104.61,-166.43,0.009,38.27,60.95,SERVOING_READY
74.72,0.2693,-0.1850,0.5562,0.6524,0.3878,0.3755,0.5320,-82.80,-60.17,-175.77,-130.29,-89.80,104.61,-166.43,0.009,38.27,60.95,SERVOING_READY
74.84,0.2693,-0.1850,0.5562,0.6524,0.3878,0.3755,0.5320,-82.80,-60.17,-175.77,-130.29,-89.80,104.61,-166.43,0.009,38.27,60.95,SERVOING_READY
74.97,0.2693,-0.1850,0.5562,0.6524,0.3878,0.3755,0.5320,-82.80,-60.17,-175.77,-130.29,-89.80,104.61,-166.43,0.009,38.27,60.95,SERVOING_READY
75.09,0.2693,-0.1850,0.5562,0.6524,0.3878,0.3755,0.5320,-82.80,-60.17,-175.77,-130.29,-89.80,104.61,-166.43,0.009,38.27,60.95,SERVOING_READY
75.22,0.2693,-0.1850,0.5562,0.6524,0.3878,0.3755,0.5320,-82.80,-60.17,-175.77,-130.29,-89.80,104.61,-166.43,0.009,38.27,60.95,SERVOING_READY
75.34,0.2693,-0.1850,0.5562,0.6524,0.3878,0.3755,0.5320,-82.80,-60.17,-175.77,-130.29,-89.80,104.61,-166.43,0.009,38.27,60.95,SERVOING_READY
75.45,0.2693,-0.1850,0.5562,0.6524,0.3878,0.3755,0.5320,-82.80,-60.17,-175.77,-130.29,-89.80,104.61,-166.43,0.009,38.27,60.95,SERVOING_READY
75.57,0.2693,-0.1850,0.5562,0.6524,0.3878,0.3755,0.5320,-82.80,-60.17,-175.77,-130.29,-89.80,104.61,-166.43,0.009,38.27,60.95,SERVOING_READY
75.69,0.2693,-0.1850,0.5562,0.6524,0.3878,0.3755,0.5320,-82.80,-60.17,-175.77,-130.29,-89.80,104.61,-166.43,0.009,38.27,60.95,SERVOING_READY
75.82,0.2693,-0.1850,0.5562,0.6524,0.3878,0.3755,0.5320,-82.80,-60.17,-175.77,-130.29,-89.80,104.61,-166.43,0.009,38.27,60.95,SERVOING_READY
75.94,0.2693,-0.1850,0.5562,0.6524,0.3878,0.3755,0.5320,-82.80,-60.17,-175.77,-130.29,-89.80,104.61,-166.43,0.009,38.27,60.95,SERVOING_READY
76.07,0.2693,-0.1850,0.5562,0.6524,0.3878,0.3755,0.5320,-82.80,-60.17,-175.77,-130.29,-89.80,104.61,-166.43,0.009,38.27,60.95,SERVOING_READY
76.17,0.2693,-0.1850,0.5562,0.6524,0.3878,0.3755,0.5320,-82.80,-60.17,-175.77,-130.29,-89.80,104.61,-166.43,0.009,38.27,60.95,SERVOING_READY
76.29,0.2693,-0.1850,0.5562,0.6524,0.3878,0.3755,0.5320,-82.80,-60.17,-175.77,-130.29,-89.80,104.61,-166.43,0.009,38.27,60.95,SERVOING_READY
76.42,0.2693,-0.1850,0.5562,0.6524,0.3878,0.3755,0.5320,-82.80,-60.17,-175.77,-130.29,-89.80,104.61,-166.43,0.009,38.27,60.95,SERVOING_READY
76.54,0.2693,-0.1850,0.5562,0.6524,0.3878,0.3755,0.5320,-82.80,-60.17,-175.77,-130.29,-89.80,104.61,-166.43,0.009,38.27,60.95,SERVOING_READY
76.67,0.2693,-0.1850,0.5562,0.6524,0.3878,0.3755,0.5320,-82.80,-60.17,-175.77,-130.29,-89.80,104.61,-166.43,0.009,38.27,60.95,SERVOING_READY
76.79,0.2693,-0.1850,0.5562,0.6524,0.3878,0.3755,0.5320,-82.80,-60.17,-175.77,-130.29,-89.80,104.61,-166.43,0.009,38.27,60.95,SERVOING_READY
76.90,0.2693,-0.1850,0.5562,0.6524,0.3878,0.3755,0.5320,-82.80,-60.17,-175.77,-130.29,-89.80,104.61,-166.43,0.009,38.27,60.95,SERVOING_READY
77.02,0.2693,-0.1850,0.5562,0.6524,0.3878,0.3755,0.5320,-82.80,-60.17,-175.77,-130.29,-89.80,104.61,-166.43,0.009,38.27,60.95,SERVOING_READY
77.14,0.2693,-0.1850,0.5562,0.6524,0.3878,0.3755,0.5320,-82.80,-60.17,-175.77,-130.29,-89.80,104.61,-166.43,0.009,38.27,60.95,SERVOING_READY
77.27,0.2693,-0.1850,0.5562,0.6524,0.3878,0.3755,0.5320,-82.80,-60.17,-175.77,-130.29,-89.80,104.61,-166.43,0.009,38.27,60.95,SERVOING_READY
77.39,0.2693,-0.1850,0.5562,0.6524,0.3878,0.3755,0.5320,-82.80,-60.17,-175.77,-130.29,-89.80,104.61,-166.43,0.009,38.27,60.95,SERVOING_READY
77.50,0.2693,-0.1850,0.5562,0.6524,0.3878,0.3755,0.5320,-82.80,-60.17,-175.77,-130.29,-89.80,104.61,-166.43,0.009,38.27,60.95,SERVOING_READY
77.62,0.2693,-0.1850,0.5562,0.6524,0.3878,0.3755,0.5320,-82.80,-60.17,-175.77,-130.29,-89.80,104.61,-166.43,0.009,38.27,60.95,SERVOING_READY
77.74,0.2693,-0.1850,0.5562,0.6524,0.3878,0.3755,0.5320,-82.80,-60.17,-175.77,-130.29,-89.80,104.61,-166.43,0.009,38.27,60.95,SERVOING_READY
77.87,0.2693,-0.1850,0.5562,0.6524,0.3878,0.3755,0.5320,-82.80,-60.17,-175.77,-130.29,-89.80,104.61,-166.43,0.009,38.27,60.95,SERVOING_READY
77.99,0.2693,-0.1850,0.5562,0.6524,0.3878,0.3755,0.5320,-82.80,-60.17,-175.77,-130.29,-89.80,104.61,-166.43,0.009,38.27,60.95,SERVOING_READY
78.12,0.2693,-0.1850,0.5562,0.6524,0.3878,0.3755,0.5320,-82.80,-60.17,-175.77,-130.29,-89.80,104.61,-166.43,0.009,38.27,60.95,SERVOING_READY
78.22,0.2693,-0.1850,0.5562,0.6524,0.3878,0.3755,0.5320,-82.80,-60.17,-175.77,-130.29,-89.80,104.61,-166.43,0.009,38.27,60.95,SERVOING_READY
78.34,0.2693,-0.1850,0.5562,0.6524,0.3878,0.3755,0.5320,-82.80,-60.17,-175.77,-130.29,-89.80,104.61,-166.43,0.009,38.27,60.95,SERVOING_READY
78.47,0.2693,-0.1850,0.5562,0.6524,0.3878,0.3755,0.5320,-82.80,-60.17,-175.77,-130.29,-89.80,104.61,-166.43,0.009,38.27,60.95,SERVOING_READY
78.59,0.2693,-0.1850,0.5562,0.6524,0.3878,0.3755,0.5320,-82.80,-60.17,-175.77,-130.29,-89.80,104.61,-166.43,0.009,38.27,60.95,SERVOING_READY
78.72,0.2693,-0.1850,0.5562,0.6524,0.3878,0.3755,0.5320,-82.80,-60.17,-175.77,-130.29,-89.80,104.61,-166.43,0.009,38.27,60.95,SERVOING_READY
78.84,0.2693,-0.1850,0.5562,0.6524,0.3878,0.3755,0.5320,-82.80,-60.17,-175.77,-130.29,-89.80,104.61,-166.43,0.009,38.27,60.95,SERVOING_READY
78.95,0.2693,-0.1850,0.5562,0.6524,0.3878,0.3755,0.5320,-82.80,-60.17,-175.77,-130.29,-89.80,104.61,-166.43,0.009,38.27,60.95,SERVOING_READY
79.07,0.2693,-0.1850,0.5562,0.6524,0.3878,0.3755,0.5320,-82.80,-60.17,-175.77,-130.29,-89.80,104.61,-166.43,0.009,38.27,60.95,SERVOING_READY
79.19,0.2693,-0.1850,0.5562,0.6524,0.3878,0.3755,0.5320,-82.80,-60.17,-175.77,-130.29,-89.80,104.61,-166.43,0.009,38.27,60.95,SERVOING_READY
79.32,0.2693,-0.1850,0.5562,0.6524,0.3878,0.3755,0.5320,-82.80,-60.17,-175.77,-130.29,-89.80,104.61,-166.43,0.009,38.27,60.95,SERVOING_READY
79.44,0.2693,-0.1850,0.5562,0.6524,0.3878,0.3755,0.5320,-82.80,-60.17,-175.77,-130.29,-89.80,104.61,-166.43,0.009,38.27,60.95,SERVOING_READY
79.57,0.2693,-0.1850,0.5562,0.6524,0.3878,0.3755,0.5320,-82.80,-60.17,-175.77,-130.29,-89.80,104.61,-166.43,0.009,38.27,60.95,SERVOING_READY
79.67,0.2693,-0.1850,0.5562,0.6524,0.3878,0.3755,0.5320,-82.80,-60.17,-175.77,-130.29,-89.80,104.61,-166.43,0.009,38.27,60.95,SERVOING_READY
79.79,0.2693,-0.1850,0.5562,0.6524,0.3878,0.3755,0.5320,-82.80,-60.17,-175.77,-130.29,-89.80,104.61,-166.43,0.009,38.27,60.95,SERVOING_READY
79.92,0.2693,-0.1850,0.5562,0.6524,0.3878,0.3755,0.5320,-82.80,-60.17,-175.77,-130.29,-89.80,104.61,-166.43,0.009,38.27,60.95,SERVOING_READY
80.04,0.2693,-0.1850,0.5562,0.6524,0.3878,0.3755,0.5320,-82.80,-60.17,-175.77,-130.29,-89.80,104.61,-166.43,0.009,38.27,60.95,SERVOING_READY
80.17,0.2693,-0.1850,0.5562,0.6524,0.3878,0.3755,0.5320,-82.80,-60.17,-175.77,-130.29,-89.80,104.61,-166.43,0.009,38.27,60.95,SERVOING_READY
80.29,0.2693,-0.1850,0.5562,0.6524,0.3878,0.3755,0.5320,-82.80,-60.17,-175.77,-130.29,-89.80,104.61,-166.43,0.009,38.27,60.95,SERVOING_READY
80.40,0.2693,-0.1850,0.5562,0.6524,0.3878,0.3755,0.5320,-82.80,-60.17,-175.77,-130.29,-89.80,104.61,-166.43,0.009,38.27,60.95,SERVOING_READY
80.52,0.2693,-0.1850,0.5562,0.6524,0.3878,0.3755,0.5320,-82.80,-60.17,-175.77,-130.29,-89.80,104.61,-166.43,0.009,38.27,60.95,SERVOING_READY
80.64,0.2693,-0.1850,0.5562,0.6524,0.3878,0.3755,0.5320,-82.80,-60.17,-175.77,-130.29,-89.80,104.61,-166.43,0.009,38.27,60.95,SERVOING_READY
80.77,0.2693,-0.1850,0.5562,0.6524,0.3878,0.3755,0.5320,-82.80,-60.17,-175.77,-130.29,-89.80,104.61,-166.43,0.009,38.27,60.95,SERVOING_READY
80.89,0.2693,-0.1850,0.5562,0.6524,0.3878,0.3755,0.5320,-82.80,-60.17,-175.77,-130.29,-89.80,104.61,-166.43,0.009,38.27,60.95,SERVOING_READY
81.00,0.2693,-0.1850,0.5562,0.6524,0.3878,0.3755,0.5320,-82.80,-60.17,-175.77,-130.29,-89.80,104.61,-166.43,0.009,38.27,60.95,SERVOING_READY
81.12,0.2693,-0.1850,0.5562,0.6524,0.3878,0.3755,0.5320,-82.80,-60.17,-175.77,-130.29,-89.80,104.61,-166.43,0.009,38.27,60.95,SERVOING_READY
81.24,0.2693,-0.1850,0.5562,0.6524,0.3878,0.3755,0.5320,-82.80,-60.17,-175.77,-130.29,-89.80,104.61,-166.43,0.009,38.27,60.95,SERVOING_READY
81.37,0.2693,-0.1850,0.5562,0.6524,0.3878,0.3755,0.5320,-82.80,-60.17,-175.77,-130.29,-89.80,104.61,-166.43,0.009,38.27,60.95,SERVOING_READY
81.49,0.2693,-0.1850,0.5562,0.6524,0.3878,0.3755,0.5320,-82.80,-60.17,-175.77,-130.29,-89.80,104.61,-166.43,0.009,38.27,60.95,SERVOING_READY
81.62,0.2693,-0.1850,0.5562,0.6524,0.3878,0.3755,0.5320,-82.80,-60.17,-175.77,-130.29,-89.80,104.61,-166.43,0.009,38.27,60.95,SERVOING_READY
81.72,0.2693,-0.1850,0.5562,0.6524,0.3878,0.3755,0.5320,-82.80,-60.17,-175.77,-130.29,-89.80,104.61,-166.43,0.009,38.27,60.95,SERVOING_READY
81.84,0.2693,-0.1850,0.5562,0.6524,0.3878,0.3755,0.5320,-82.80,-60.17,-175.77,-130.29,-89.80,104.61,-166.43,0.009,38.27,60.95,SERVOING_READY
81.97,0.2693,-0.1850,0.5562,0.6524,0.3878,0.3755,0.5320,-82.80,-60.17,-175.77,-130.29,-89.80,104.61,-166.43,0.009,38.27,60.95,SERVOING_READY
82.09,0.2693,-0.1850,0.5562,0.6524,0.3878,0.3755,0.5320,-82.80,-60.17,-175.77,-130.29,-89.80,104.61,-166.43,0.009,38.27,60.95,SERVOING_READY
82.22,0.2693,-0.1850,0.5562,0.6524,0.3878,0.3755,0.5320,-82.80,-60.17,-175.77,-130.29,-89.80,104.61,-166.43,0.009,38.27,60.95,SERVOING_READY
82.34,0.2693,-0.1850,0.5562,0.6524,0.3878,0.3755,0.5320,-82.80,-60.17,-175.77,-130.29,-89.80,104.61,-166.43,0.009,38.27,60.95,SERVOING_READY
82.45,0.2693,-0.1850,0.5562,0.6524,0.3878,0.3755,0.5320,-82.80,-60.17,-175.77,-130.29,-89.80,104.61,-166.43,0.009,38.27,60.95,SERVOING_READY
82.57,0.2693,-0.1850,0.5562,0.6524,0.3878,0.3755,0.5320,-82.80,-60.17,-175.77,-130.29,-89.80,104.61,-166.43,0.009,38.27,60.95,SERVOING_READY
82.69,0.2693,-0.1850,0.5562,0.6524,0.3878,0.3755,0.5320,-82.80,-60.17,-175.77,-130.29,-89.80,104.61,-166.43,0.009,38.27,60.95,SERVOING_READY
82.82,0.2693,-0.1850,0.5562,0.6524,0.3878,0.3755,0.5320,-82.80,-60.17,-175.77,-130.29,-89.80,104.61,-166.43,0.009,38.27,60.95,SERVOING_READY
82.94,0.2693,-0.1850,0.5562,0.6524,0.3878,0.3755,0.5320,-82.80,-60.17,-175.77,-130.29,-89.80,104.61,-166.43,0.009,38.27,60.95,SERVOING_READY
83.07,0.2693,-0.1850,0.5562,0.6524,0.3878,0.3755,0.5320,-82.80,-60.17,-175.77,-130.29,-89.80,104.61,-166.43,0.009,38.27,60.95,SERVOING_READY
83.17,0.2693,-0.1850,0.5562,0.6524,0.3878,0.3755,0.5320,-82.80,-60.17,-175.77,-130.29,-89.80,104.61,-166.43,0.009,38.27,60.95,SERVOING_READY
83.29,0.2693,-0.1850,0.5562,0.6524,0.3878,0.3755,0.5320,-82.80,-60.17,-175.77,-130.29,-89.80,104.61,-166.43,0.009,38.27,60.95,SERVOING_READY
83.42,0.2693,-0.1850,0.5562,0.6524,0.3878,0.3755,0.5320,-82.80,-60.17,-175.77,-130.29,-89.80,104.61,-166.43,0.009,38.27,60.95,SERVOING_READY
83.54,0.2693,-0.1850,0.5562,0.6524,0.3878,0.3755,0.5320,-82.80,-60.17,-175.77,-130.29,-89.80,104.61,-166.43,0.009,38.27,60.95,SERVOING_READY
83.67,0.2693,-0.1850,0.5562,0.6524,0.3878,0.3755,0.5320,-82.80,-60.17,-175.77,-130.29,-89.80,104.61,-166.43,0.009,38.27,60.95,SERVOING_READY
83.79,0.2693,-0.1850,0.5562,0.6524,0.3878,0.3755,0.5320,-82.80,-60.17,-175.77,-130.29,-89.80,104.61,-166.43,0.009,38.27,60.95,SERVOING_READY
83.90,0.2693,-0.1850,0.5562,0.6524,0.3878,0.3755,0.5320,-82.80,-60.17,-175.77,-130.29,-89.80,104.61,-166.43,0.009,38.27,60.95,SERVOING_READY
84.02,0.2693,-0.1850,0.5562,0.6524,0.3878,0.3755,0.5320,-82.80,-60.17,-175.77,-130.29,-89.80,104.61,-166.43,0.009,38.27,60.95,SERVOING_READY
84.14,0.2693,-0.1850,0.5562,0.6524,0.3878,0.3755,0.5320,-82.80,-60.17,-175.77,-130.29,-89.80,104.61,-166.43,0.009,38.27,60.95,SERVOING_READY
84.27,0.2693,-0.1850,0.5562,0.6524,0.3878,0.3755,0.5320,-82.80,-60.17,-175.77,-130.29,-89.80,104.61,-166.43,0.009,38.27,60.95,SERVOING_READY
84.39,0.2693,-0.1850,0.5562,0.6524,0.3878,0.3755,0.5320,-82.80,-60.17,-175.77,-130.29,-89.80,104.61,-166.43,0.009,38.27,60.95,SERVOING_READY
84.50,0.2693,-0.1850,0.5562,0.6524,0.3878,0.3755,0.5320,-82.80,-60.17,-175.77,-130.29,-89.80,104.61,-166.43,0.009,38.27,60.95,SERVOING_READY
84.62,0.2693,-0.1850,0.5562,0.6524,0.3878,0.3755,0.5320,-82.80,-60.17,-175.77,-130.29,-89.80,104.61,-166.43,0.009,38.27,60.95,SERVOING_READY
84.74,0.2693,-0.1850,0.5562,0.6524,0.3878,0.3755,0.5320,-82.80,-60.17,-175.77,-130.29,-89.80,104.61,-166.43,0.009,38.27,60.95,SERVOING_READY
84.87,0.2693,-0.1850,0.5562,0.6524,0.3878,0.3755,0.5320,-82.80,-60.17,-175.77,-130.29,-89.80,104.61,-166.43,0.009,38.27,60.95,SERVOING_READY
84.99,0.2693,-0.1850,0.5562,0.6524,0.3878,0.3755,0.5320,-82.80,-60.17,-175.77,-130.29,-89.80,104.61,-166.43,0.009,38.27,60.95,SERVOING_READY
85.12,0.2693,-0.1850,0.5562,0.6524,0.3878,0.3755,0.5320,-82.80,-60.17,-175.77,-130.29,-89.80,104.61,-166.43,0.009,38.27,60.95,SERVOING_READY
85.22,0.2693,-0.1850,0.5562,0.6524,0.3878,0.3755,0.5320,-82.80,-60.17,-175.77,-130.29,-89.80,104.61,-166.43,0.009,38.27,60.95,SERVOING_READY
85.34,0.2693,-0.1850,0.5562,0.6524,0.3878,0.3755,0.5320,-82.80,-60.17,-175.77,-130.29,-89.80,104.61,-166.43,0.009,38.27,60.95,SERVOING_READY
85.47,0.2693,-0.1850,0.5562,0.6524,0.3878,0.3755,0.5320,-82.80,-60.17,-175.77,-130.29,-89.80,104.61,-166.43,0.009,38.27,60.95,SERVOING_READY
85.59,0.2693,-0.1850,0.5562,0.6524,0.3878,0.3755,0.5320,-82.80,-60.17,-175.77,-130.29,-89.80,104.61,-166.43,0.009,38.27,60.95,SERVOING_READY
85.72,0.2693,-0.1850,0.5562,0.6524,0.3878,0.3755,0.5320,-82.80,-60.17,-175.77,-130.29,-89.80,104.61,-166.43,0.009,38.27,60.95,SERVOING_READY
85.84,0.2693,-0.1850,0.5562,0.6524,0.3878,0.3755,0.5320,-82.80,-60.17,-175.77,-130.29,-89.80,104.61,-166.43,0.009,38.27,60.95,SERVOING_READY
85.95,0.2693,-0.1850,0.5562,0.6524,0.3878,0.3755,0.5320,-82.80,-60.17,-175.77,-130.29,-89.80,104.61,-166.43,0.009,38.27,60.95,SERVOING_READY
86.07,0.2693,-0.1850,0.5562,0.6524,0.3878,0.3755,0.5320,-82.80,-60.17,-175.77,-130.29,-89.80,104.61,-166.43,0.009,38.27,60.95,SERVOING_READY
86.19,0.2693,-0.1850,0.5562,0.6524,0.3878,0.3755,0.5320,-82.80,-60.17,-175.77,-130.29,-89.80,104.61,-166.43,0.009,38.27,60.95,SERVOING_READY
86.32,0.2693,-0.1850,0.5562,0.6524,0.3878,0.3755,0.5320,-82.80,-60.17,-175.77,-130.29,-89.80,104.61,-166.43,0.009,38.27,60.95,SERVOING_READY
86.44,0.2693,-0.1850,0.5562,0.6524,0.3878,0.3755,0.5320,-82.80,-60.17,-175.77,-130.29,-89.80,104.61,-166.43,0.009,38.27,60.95,SERVOING_READY
86.57,0.2693,-0.1850,0.5562,0.6524,0.3878,0.3755,0.5320,-82.80,-60.17,-175.77,-130.29,-89.80,104.61,-166.43,0.009,38.27,60.95,SERVOING_READY
86.67,0.2693,-0.1850,0.5562,0.6524,0.3878,0.3755,0.5320,-82.80,-60.17,-175.77,-130.29,-89.80,104.61,-166.43,0.009,38.27,60.95,SERVOING_READY
86.79,0.2693,-0.1850,0.5562,0.6524,0.3878,0.3755,0.5320,-82.80,-60.17,-175.77,-130.29,-89.80,104.61,-166.43,0.009,38.27,60.95,SERVOING_READY
86.92,0.2693,-0.1850,0.5562,0.6524,0.3878,0.3755,0.5320,-82.80,-60.17,-175.77,-130.29,-89.80,104.61,-166.43,0.009,38.27,60.95,SERVOING_READY
87.04,0.2693,-0.1850,0.5562,0.6524,0.3878,0.3755,0.5320,-82.80,-60.17,-175.77,-130.29,-89.80,104.61,-166.43,0.009,38.27,60.95,SERVOING_READY
87.17,0.2693,-0.1850,0.5562,0.6524,0.3878,0.3755,0.5320,-82.80,-60.17,-175.77,-130.29,-89.80,104.61,-166.43,0.009,38.27,60.95,SERVOING_READY
87.29,0.2693,-0.1850,0.5562,0.6524,0.3878,0.3755,0.5320,-82.80,-60.17,-175.77,-130.29,-89.80,104.61,-166.43,0.009,38.27,60.95,SERVOING_READY
87.40,0.2693,-0.1850,0.5562,0.6524,0.3878,0.3755,0.5320,-82.80,-60.17,-175.77,-130.29,-89.80,104.61,-166.43,0.009,38.27,60.95,SERVOING_READY
87.52,0.2693,-0.1850,0.5562,0.6524,0.3878,0.3755,0.5320,-82.80,-60.17,-175.77,-130.29,-89.80,104.61,-166.43,0.009,38.27,60.95,SERVOING_READY
87.64,0.2693,-0.1850,0.5562,0.6524,0.3878,0.3755,0.5320,-82.80,-60.17,-175.77,-130.29,-89.80,104.61,-166.43,0.009,38.27,60.95,SERVOING_READY
87.77,0.2693,-0.1850,0.5562,0.6524,0.3878,0.3755,0.5320,-82.80,-60.17,-175.77,-130.29,-89.80,104.61,-166.43,0.009,38.27,60.95,SERVOING_READY
87.89,0.2693,-0.1850,0.5562,0.6524,0.3878,0.3755,0.5320,-82.80,-60.17,-175.77,-130.29,-89.80,104.61,-166.43,0.009,38.27,60.95,SERVOING_READY
88.00,0.2693,-0.1850,0.5562,0.6524,0.3878,0.3755,0.5320,-82.80,-60.17,-175.77,-130.29,-89.80,104.61,-166.43,0.009,38.27,60.95,SERVOING_READY
88.12,0.2693,-0.1850,0.5562,0.6524,0.3878,0.3755,0.5320,-82.80,-60.17,-175.77,-130.29,-89.80,104.61,-166.43,0.009,38.27,60.95,SERVOING_READY
88.24,0.2693,-0.1850,0.5562,0.6524,0.3878,0.3755,0.5320,-82.80,-60.17,-175.77,-130.29,-89.80,104.61,-166.43,0.009,38.27,60.95,SERVOING_READY
88.37,0.2693,-0.1850,0.5562,0.6524,0.3878,0.3755,0.5320,-82.80,-60.17,-175.77,-130.29,-89.80,104.61,-166.43,0.009,38.27,60.95,SERVOING_READY
88.49,0.2693,-0.1850,0.5562,0.6524,0.3878,0.3755,0.5320,-82.80,-60.17,-175.77,-130.29,-89.80,104.61,-166.43,0.009,38.27,60.95,SERVOING_READY
88.62,0.2693,-0.1850,0.5562,0.6524,0.3878,0.3755,0.5320,-82.80,-60.17,-175.77,-130.29,-89.80,104.61,-166.43,0.009,38.27,60.95,SERVOING_READY
88.72,0.2693,-0.1850,0.5562,0.6524,0.3878,0.3755,0.5320,-82.80,-60.17,-175.77,-130.29,-89.80,104.61,-166.43,0.009,38.27,60.95,SERVOING_READY
88.84,0.2693,-0.1850,0.5562,0.6524,0.3878,0.3755,0.5320,-82.80,-60.17,-175.77,-130.29,-89.80,104.61,-166.43,0.009,38.27,60.95,SERVOING_READY
88.97,0.2693,-0.1850,0.5562,0.6524,0.3878,0.3755,0.5320,-82.80,-60.17,-175.77,-130.29,-89.80,104.61,-166.43,0.009,38.27,60.95,SERVOING_READY
89.09,0.2693,-0.1850,0.5562,0.6524,0.3878,0.3755,0.5320,-82.80,-60.17,-175.77,-130.29,-89.80,104.61,-166.43,0.009,38.27,60.95,SERVOING_READY
