t,x,y,z,qx,qy,qz,qw,J1,J2,J3,J4,J5,J6,J7,gripper,door_deg_fixed_hinge,radius_cm,arm_state
0.06,0.3857,0.0907,0.5606,0.6558,0.2478,0.2448,0.6698,-86.97,12.44,-143.27,-105.79,-100.26,95.65,154.69,0.659,56.70,34.92,SERVOING_READY
0.19,0.3857,0.0907,0.5606,0.6558,0.2478,0.2448,0.6698,-86.97,12.44,-143.27,-105.79,-100.26,95.65,154.69,0.659,56.70,34.92,SERVOING_READY
0.31,0.3857,0.0907,0.5606,0.6558,0.2478,0.2448,0.6698,-86.97,12.44,-143.27,-105.79,-100.26,95.65,154.69,0.659,56.70,34.92,SERVOING_READY
0.42,0.3857,0.0907,0.5606,0.6558,0.2478,0.2448,0.6698,-86.97,12.44,-143.27,-105.79,-100.26,95.65,154.69,0.659,56.70,34.92,SERVOING_READY
0.54,0.3857,0.0907,0.5606,0.6558,0.2478,0.2448,0.6698,-86.97,12.44,-143.27,-105.79,-100.26,95.65,154.69,0.659,56.70,34.92,SERVOING_READY
0.66,0.3857,0.0907,0.5606,0.6558,0.2478,0.2448,0.6698,-86.97,12.44,-143.27,-105.79,-100.26,95.65,154.69,0.659,56.70,34.92,SERVOING_READY
0.79,0.3857,0.0907,0.5606,0.6558,0.2478,0.2448,0.6698,-86.97,12.44,-143.27,-105.79,-100.26,95.65,154.69,0.659,56.70,34.92,SERVOING_READY
0.91,0.3857,0.0907,0.5606,0.6558,0.2478,0.2448,0.6698,-86.97,12.44,-143.27,-105.79,-100.26,95.65,154.69,0.659,56.70,34.92,SERVOING_READY
1.04,0.3857,0.0907,0.5606,0.6558,0.2478,0.2448,0.6698,-86.97,12.44,-143.27,-105.79,-100.26,95.65,154.69,0.659,56.70,34.92,SERVOING_READY
1.14,0.3857,0.0907,0.5606,0.6558,0.2478,0.2448,0.6698,-86.97,12.44,-143.27,-105.79,-100.26,95.65,154.69,0.659,56.70,34.92,SERVOING_READY
1.26,0.3857,0.0907,0.5606,0.6558,0.2478,0.2448,0.6698,-86.97,12.44,-143.27,-105.79,-100.26,95.65,154.69,0.659,56.70,34.92,SERVOING_READY
1.39,0.3857,0.0907,0.5606,0.6558,0.2478,0.2448,0.6698,-86.97,12.44,-143.27,-105.79,-100.26,95.65,154.69,0.659,56.70,34.92,SERVOING_READY
1.51,0.3857,0.0907,0.5606,0.6558,0.2478,0.2448,0.6698,-86.97,12.44,-143.27,-105.79,-100.26,95.65,154.69,0.659,56.70,34.92,SERVOING_READY
1.64,0.3857,0.0907,0.5606,0.6558,0.2478,0.2448,0.6698,-86.97,12.44,-143.27,-105.79,-100.26,95.65,154.69,0.659,56.70,34.92,SERVOING_READY
1.76,0.3857,0.0907,0.5606,0.6558,0.2478,0.2448,0.6698,-86.97,12.44,-143.27,-105.79,-100.26,95.65,154.69,0.659,56.70,34.92,SERVOING_READY
1.87,0.3857,0.0907,0.5606,0.6558,0.2478,0.2448,0.6698,-86.97,12.44,-143.27,-105.79,-100.26,95.65,154.69,0.659,56.70,34.92,SERVOING_READY
1.99,0.3857,0.0907,0.5606,0.6558,0.2478,0.2448,0.6698,-86.97,12.44,-143.27,-105.79,-100.26,95.65,154.69,0.659,56.70,34.92,SERVOING_READY
2.11,0.3857,0.0907,0.5606,0.6558,0.2478,0.2448,0.6698,-86.97,12.44,-143.27,-105.79,-100.26,95.65,154.69,0.659,56.70,34.92,SERVOING_READY
2.24,0.3857,0.0907,0.5606,0.6558,0.2478,0.2448,0.6698,-86.97,12.44,-143.27,-105.79,-100.26,95.65,154.69,0.659,56.70,34.92,SERVOING_READY
2.36,0.3857,0.0907,0.5606,0.6558,0.2478,0.2448,0.6698,-86.97,12.44,-143.27,-105.79,-100.26,95.65,154.69,0.659,56.70,34.92,SERVOING_READY
2.47,0.3857,0.0907,0.5606,0.6558,0.2478,0.2448,0.6698,-86.97,12.44,-143.27,-105.79,-100.26,95.65,154.69,0.659,56.70,34.92,SERVOING_READY
2.59,0.3857,0.0907,0.5606,0.6558,0.2478,0.2448,0.6698,-86.97,12.44,-143.27,-105.79,-100.26,95.65,154.69,0.659,56.70,34.92,SERVOING_READY
2.71,0.3857,0.0907,0.5606,0.6558,0.2478,0.2448,0.6698,-86.97,12.44,-143.27,-105.79,-100.26,95.65,154.69,0.659,56.70,34.92,SERVOING_READY
2.84,0.3857,0.0907,0.5606,0.6558,0.2478,0.2448,0.6698,-86.97,12.44,-143.27,-105.79,-100.26,95.65,154.69,0.659,56.70,34.92,SERVOING_READY
2.96,0.3857,0.0907,0.5606,0.6558,0.2478,0.2448,0.6698,-86.97,12.44,-143.27,-105.79,-100.26,95.65,154.69,0.659,56.70,34.92,SERVOING_READY
3.09,0.3857,0.0907,0.5606,0.6558,0.2478,0.2448,0.6698,-86.97,12.44,-143.27,-105.79,-100.26,95.65,154.69,0.659,56.70,34.92,SERVOING_READY
3.19,0.3857,0.0907,0.5606,0.6558,0.2478,0.2448,0.6698,-86.97,12.44,-143.27,-105.79,-100.26,95.65,154.69,0.659,56.70,34.92,SERVOING_READY
3.31,0.3857,0.0907,0.5606,0.6558,0.2478,0.2448,0.6698,-86.97,12.44,-143.27,-105.79,-100.26,95.65,154.69,0.659,56.70,34.92,SERVOING_READY
3.44,0.3857,0.0907,0.5606,0.6558,0.2478,0.2448,0.6698,-86.97,12.44,-143.27,-105.79,-100.26,95.65,154.69,0.659,56.70,34.92,SERVOING_READY
3.56,0.3857,0.0907,0.5606,0.6558,0.2478,0.2448,0.6698,-86.97,12.44,-143.27,-105.79,-100.26,95.65,154.69,0.659,56.70,34.92,SERVOING_READY
3.69,0.3857,0.0907,0.5606,0.6558,0.2478,0.2448,0.6698,-86.97,12.44,-143.27,-105.79,-100.26,95.65,154.69,0.659,56.70,34.92,SERVOING_READY
3.81,0.3857,0.0907,0.5606,0.6558,0.2478,0.2448,0.6698,-86.97,12.44,-143.27,-105.79,-100.26,95.65,154.69,0.659,56.70,34.92,SERVOING_READY
3.92,0.3857,0.0907,0.5606,0.6558,0.2478,0.2448,0.6698,-86.97,12.44,-143.27,-105.79,-100.26,95.65,154.69,0.659,56.70,34.92,SERVOING_READY
4.04,0.3857,0.0907,0.5606,0.6558,0.2478,0.2448,0.6698,-86.97,12.44,-143.27,-105.79,-100.26,95.65,154.69,0.659,56.70,34.92,SERVOING_READY
4.16,0.3857,0.0907,0.5606,0.6558,0.2478,0.2448,0.6698,-86.97,12.44,-143.27,-105.79,-100.26,95.65,154.69,0.659,56.70,34.92,SERVOING_READY
4.29,0.3857,0.0907,0.5606,0.6558,0.2478,0.2448,0.6698,-86.97,12.44,-143.27,-105.79,-100.26,95.65,154.69,0.659,56.70,34.92,SERVOING_READY
4.41,0.3857,0.0907,0.5606,0.6558,0.2478,0.2448,0.6698,-86.97,12.44,-143.27,-105.79,-100.26,95.65,154.69,0.659,56.70,34.92,SERVOING_READY
4.54,0.3857,0.0907,0.5606,0.6558,0.2478,0.2448,0.6698,-86.97,12.44,-143.27,-105.79,-100.26,95.65,154.69,0.659,56.70,34.92,SERVOING_READY
4.64,0.3857,0.0907,0.5606,0.6558,0.2478,0.2448,0.6698,-86.97,12.44,-143.27,-105.79,-100.26,95.65,154.69,0.659,56.70,34.92,SERVOING_READY
4.76,0.3857,0.0907,0.5606,0.6558,0.2478,0.2448,0.6698,-86.97,12.44,-143.27,-105.79,-100.26,95.65,154.69,0.659,56.70,34.92,SERVOING_READY
4.89,0.3857,0.0907,0.5606,0.6558,0.2478,0.2448,0.6698,-86.97,12.44,-143.27,-105.79,-100.26,95.65,154.69,0.659,56.70,34.92,SERVOING_READY
5.01,0.3857,0.0907,0.5606,0.6558,0.2478,0.2448,0.6698,-86.97,12.44,-143.27,-105.79,-100.26,95.65,154.69,0.659,56.70,34.92,SERVOING_READY
5.14,0.3857,0.0907,0.5606,0.6558,0.2478,0.2448,0.6698,-86.97,12.44,-143.27,-105.79,-100.26,95.65,154.69,0.659,56.70,34.92,SERVOING_READY
5.26,0.3857,0.0907,0.5606,0.6558,0.2478,0.2448,0.6698,-86.97,12.44,-143.27,-105.79,-100.26,95.65,154.69,0.659,56.70,34.92,SERVOING_READY
5.37,0.3857,0.0907,0.5606,0.6558,0.2478,0.2448,0.6698,-86.97,12.44,-143.27,-105.79,-100.26,95.65,154.69,0.659,56.70,34.92,SERVOING_READY
5.49,0.3857,0.0907,0.5606,0.6558,0.2478,0.2448,0.6698,-86.97,12.44,-143.27,-105.79,-100.26,95.65,154.69,0.659,56.70,34.92,SERVOING_READY
5.61,0.3857,0.0907,0.5606,0.6558,0.2478,0.2448,0.6698,-86.97,12.44,-143.27,-105.79,-100.26,95.65,154.69,0.659,56.70,34.92,SERVOING_READY
5.74,0.3857,0.0907,0.5606,0.6558,0.2478,0.2448,0.6698,-86.97,12.44,-143.27,-105.79,-100.26,95.65,154.69,0.659,56.70,34.92,SERVOING_READY
5.86,0.3857,0.0907,0.5606,0.6558,0.2478,0.2448,0.6698,-86.97,12.44,-143.27,-105.79,-100.26,95.65,154.69,0.659,56.70,34.92,SERVOING_READY
5.97,0.3857,0.0907,0.5606,0.6558,0.2478,0.2448,0.6698,-86.97,12.44,-143.27,-105.79,-100.26,95.65,154.69,0.659,56.70,34.92,SERVOING_READY
6.09,0.3857,0.0907,0.5606,0.6558,0.2478,0.2448,0.6698,-86.97,12.44,-143.27,-105.79,-100.26,95.65,154.69,0.659,56.70,34.92,SERVOING_READY
6.21,0.3857,0.0907,0.5606,0.6558,0.2478,0.2448,0.6698,-86.97,12.44,-143.27,-105.79,-100.26,95.65,154.69,0.659,56.70,34.92,SERVOING_READY
6.34,0.3857,0.0907,0.5606,0.6558,0.2478,0.2448,0.6698,-86.97,12.44,-143.27,-105.79,-100.26,95.65,154.69,0.659,56.70,34.92,SERVOING_READY
6.46,0.3857,0.0907,0.5606,0.6558,0.2478,0.2448,0.6698,-86.97,12.44,-143.27,-105.79,-100.26,95.65,154.69,0.659,56.70,34.92,SERVOING_READY
6.59,0.3857,0.0907,0.5606,0.6558,0.2478,0.2448,0.6698,-86.97,12.44,-143.27,-105.79,-100.26,95.65,154.69,0.659,56.70,34.92,SERVOING_READY
6.69,0.3857,0.0907,0.5606,0.6558,0.2478,0.2448,0.6698,-86.97,12.44,-143.27,-105.79,-100.26,95.65,154.69,0.659,56.70,34.92,SERVOING_READY
6.81,0.3857,0.0907,0.5606,0.6558,0.2478,0.2448,0.6698,-86.97,12.44,-143.27,-105.79,-100.26,95.65,154.69,0.659,56.70,34.92,SERVOING_READY
6.94,0.3857,0.0907,0.5606,0.6558,0.2478,0.2448,0.6698,-86.97,12.44,-143.27,-105.79,-100.26,95.65,154.69,0.659,56.70,34.92,SERVOING_READY
7.06,0.3857,0.0907,0.5606,0.6558,0.2478,0.2448,0.6698,-86.97,12.44,-143.27,-105.79,-100.26,95.65,154.69,0.659,56.70,34.92,SERVOING_READY
7.19,0.3857,0.0907,0.5606,0.6558,0.2478,0.2448,0.6698,-86.97,12.44,-143.27,-105.79,-100.26,95.65,154.69,0.659,56.70,34.92,SERVOING_READY
7.31,0.3857,0.0907,0.5606,0.6558,0.2478,0.2448,0.6698,-86.97,12.44,-143.27,-105.79,-100.26,95.65,154.69,0.659,56.70,34.92,SERVOING_READY
7.42,0.3857,0.0907,0.5606,0.6558,0.2478,0.2448,0.6698,-86.97,12.44,-143.27,-105.79,-100.26,95.65,154.69,0.659,56.70,34.92,SERVOING_READY
7.54,0.3857,0.0907,0.5606,0.6558,0.2478,0.2448,0.6698,-86.97,12.44,-143.27,-105.79,-100.26,95.65,154.69,0.659,56.70,34.92,SERVOING_READY
7.66,0.3857,0.0907,0.5606,0.6558,0.2478,0.2448,0.6698,-86.97,12.44,-143.27,-105.79,-100.26,95.65,154.69,0.659,56.70,34.92,SERVOING_READY
7.79,0.3857,0.0907,0.5606,0.6558,0.2478,0.2448,0.6698,-86.97,12.44,-143.27,-105.79,-100.26,95.65,154.69,0.659,56.70,34.92,SERVOING_READY
7.91,0.3857,0.0907,0.5606,0.6558,0.2478,0.2448,0.6698,-86.97,12.44,-143.27,-105.79,-100.26,95.65,154.69,0.659,56.70,34.92,SERVOING_READY
8.04,0.3857,0.0907,0.5606,0.6558,0.2478,0.2448,0.6698,-86.97,12.44,-143.27,-105.79,-100.26,95.65,154.69,0.659,56.70,34.92,SERVOING_READY
8.14,0.3857,0.0907,0.5606,0.6558,0.2478,0.2448,0.6698,-86.97,12.44,-143.27,-105.79,-100.26,95.65,154.69,0.659,56.70,34.92,SERVOING_READY
8.26,0.3857,0.0907,0.5606,0.6558,0.2478,0.2448,0.6698,-86.97,12.44,-143.27,-105.79,-100.26,95.65,154.69,0.659,56.70,34.92,SERVOING_READY
8.39,0.3857,0.0907,0.5606,0.6558,0.2478,0.2448,0.6698,-86.97,12.44,-143.27,-105.79,-100.26,95.65,154.69,0.659,56.70,34.92,SERVOING_READY
8.51,0.3857,0.0907,0.5606,0.6558,0.2478,0.2448,0.6698,-86.97,12.44,-143.27,-105.79,-100.26,95.65,154.69,0.659,56.70,34.92,SERVOING_READY
8.64,0.3857,0.0907,0.5606,0.6558,0.2478,0.2448,0.6698,-86.97,12.44,-143.27,-105.79,-100.26,95.65,154.69,0.659,56.70,34.92,SERVOING_READY
8.76,0.3857,0.0907,0.5606,0.6558,0.2478,0.2448,0.6698,-86.97,12.44,-143.27,-105.79,-100.26,95.65,154.69,0.659,56.70,34.92,SERVOING_READY
8.87,0.3857,0.0907,0.5606,0.6558,0.2478,0.2448,0.6698,-86.97,12.44,-143.27,-105.79,-100.26,95.65,154.69,0.659,56.70,34.92,SERVOING_READY
8.99,0.3857,0.0907,0.5606,0.6558,0.2478,0.2448,0.6698,-86.97,12.44,-143.27,-105.79,-100.26,95.65,154.69,0.659,56.70,34.92,SERVOING_READY
9.11,0.3857,0.0907,0.5606,0.6558,0.2478,0.2448,0.6698,-86.97,12.44,-143.27,-105.79,-100.26,95.65,154.69,0.659,56.70,34.92,SERVOING_READY
9.24,0.3857,0.0907,0.5606,0.6558,0.2478,0.2448,0.6698,-86.97,12.44,-143.27,-105.79,-100.26,95.65,154.69,0.659,56.70,34.92,SERVOING_READY
9.36,0.3857,0.0907,0.5606,0.6558,0.2478,0.2448,0.6698,-86.97,12.44,-143.27,-105.79,-100.26,95.65,154.69,0.659,56.70,34.92,SERVOING_READY
9.47,0.3857,0.0907,0.5606,0.6558,0.2478,0.2448,0.6698,-86.97,12.44,-143.27,-105.79,-100.26,95.65,154.69,0.659,56.70,34.92,SERVOING_READY
9.59,0.3857,0.0907,0.5606,0.6558,0.2478,0.2448,0.6698,-86.97,12.44,-143.27,-105.79,-100.26,95.65,154.69,0.659,56.70,34.92,SERVOING_READY
9.71,0.3857,0.0907,0.5606,0.6558,0.2478,0.2448,0.6698,-86.97,12.44,-143.27,-105.79,-100.26,95.65,154.69,0.659,56.70,34.92,SERVOING_READY
9.84,0.3857,0.0907,0.5606,0.6558,0.2478,0.2448,0.6698,-86.97,12.44,-143.27,-105.79,-100.26,95.65,154.69,0.659,56.70,34.92,SERVOING_READY
9.96,0.3857,0.0907,0.5606,0.6558,0.2478,0.2448,0.6698,-86.97,12.44,-143.27,-105.79,-100.26,95.65,154.69,0.659,56.70,34.92,SERVOING_READY
10.09,0.3857,0.0907,0.5606,0.6558,0.2478,0.2448,0.6698,-86.97,12.44,-143.27,-105.79,-100.26,95.65,154.69,0.659,56.70,34.92,SERVOING_READY
10.19,0.3857,0.0907,0.5606,0.6558,0.2478,0.2448,0.6698,-86.97,12.44,-143.27,-105.79,-100.26,95.65,154.69,0.659,56.70,34.92,SERVOING_READY
10.31,0.3857,0.0907,0.5606,0.6558,0.2478,0.2448,0.6698,-86.97,12.44,-143.27,-105.79,-100.26,95.65,154.69,0.659,56.70,34.92,SERVOING_READY
10.44,0.3857,0.0907,0.5606,0.6558,0.2478,0.2448,0.6698,-86.97,12.44,-143.27,-105.79,-100.26,95.65,154.69,0.659,56.70,34.92,SERVOING_READY
10.56,0.3857,0.0907,0.5606,0.6558,0.2478,0.2448,0.6698,-86.97,12.44,-143.27,-105.79,-100.26,95.65,154.69,0.659,56.70,34.92,SERVOING_READY
10.69,0.3857,0.0907,0.5606,0.6558,0.2478,0.2448,0.6698,-86.97,12.44,-143.27,-105.79,-100.26,95.65,154.69,0.659,56.70,34.92,SERVOING_READY
10.81,0.3857,0.0907,0.5606,0.6558,0.2478,0.2448,0.6698,-86.97,12.44,-143.27,-105.79,-100.26,95.65,154.69,0.659,56.70,34.92,SERVOING_READY
10.92,0.3857,0.0907,0.5606,0.6558,0.2478,0.2448,0.6698,-86.97,12.44,-143.27,-105.79,-100.26,95.65,154.69,0.659,56.70,34.92,SERVOING_READY
11.04,0.3857,0.0907,0.5606,0.6558,0.2478,0.2448,0.6698,-86.97,12.44,-143.27,-105.79,-100.26,95.65,154.69,0.659,56.70,34.92,SERVOING_READY
11.16,0.3857,0.0907,0.5606,0.6558,0.2478,0.2448,0.6698,-86.97,12.44,-143.27,-105.79,-100.26,95.65,154.69,0.659,56.70,34.92,SERVOING_READY
11.29,0.3857,0.0907,0.5606,0.6558,0.2478,0.2448,0.6698,-86.97,12.44,-143.27,-105.79,-100.26,95.65,154.69,0.659,56.70,34.92,SERVOING_READY
11.41,0.3857,0.0907,0.5606,0.6558,0.2478,0.2448,0.6698,-86.97,12.44,-143.27,-105.79,-100.26,95.65,154.69,0.659,56.70,34.92,SERVOING_READY
11.54,0.3857,0.0907,0.5606,0.6558,0.2478,0.2448,0.6698,-86.97,12.44,-143.27,-105.79,-100.26,95.65,154.69,0.659,56.70,34.92,SERVOING_READY
11.64,0.3857,0.0907,0.5606,0.6558,0.2478,0.2448,0.6698,-86.97,12.44,-143.27,-105.79,-100.26,95.65,154.69,0.659,56.70,34.92,SERVOING_READY
11.76,0.3857,0.0907,0.5606,0.6558,0.2478,0.2448,0.6698,-86.97,12.44,-143.27,-105.79,-100.26,95.65,154.69,0.659,56.70,34.92,SERVOING_READY
11.89,0.3857,0.0907,0.5606,0.6558,0.2478,0.2448,0.6698,-86.97,12.44,-143.27,-105.79,-100.26,95.65,154.69,0.659,56.70,34.92,SERVOING_READY
12.01,0.3857,0.0907,0.5606,0.6558,0.2478,0.2448,0.6698,-86.97,12.44,-143.27,-105.79,-100.26,95.65,154.69,0.659,56.70,34.92,SERVOING_READY
12.14,0.3857,0.0907,0.5606,0.6558,0.2478,0.2448,0.6698,-86.97,12.44,-143.27,-105.79,-100.26,95.65,154.69,0.659,56.70,34.92,SERVOING_READY
12.26,0.3857,0.0907,0.5606,0.6558,0.2478,0.2448,0.6698,-86.97,12.44,-143.27,-105.79,-100.26,95.65,154.69,0.659,56.70,34.92,SERVOING_READY
12.37,0.3857,0.0907,0.5606,0.6558,0.2478,0.2448,0.6698,-86.97,12.44,-143.27,-105.79,-100.26,95.65,154.69,0.659,56.70,34.92,SERVOING_READY
12.49,0.3857,0.0907,0.5606,0.6558,0.2478,0.2448,0.6698,-86.97,12.44,-143.27,-105.79,-100.26,95.65,154.69,0.659,56.70,34.92,SERVOING_READY
12.61,0.3857,0.0907,0.5606,0.6558,0.2478,0.2448,0.6698,-86.97,12.44,-143.27,-105.79,-100.26,95.65,154.69,0.659,56.70,34.92,SERVOING_READY
12.74,0.3857,0.0907,0.5606,0.6558,0.2478,0.2448,0.6698,-86.97,12.44,-143.27,-105.79,-100.26,95.65,154.69,0.659,56.70,34.92,SERVOING_READY
12.86,0.3857,0.0907,0.5606,0.6558,0.2478,0.2448,0.6698,-86.97,12.44,-143.27,-105.79,-100.26,95.65,154.69,0.659,56.70,34.92,SERVOING_READY
12.97,0.3857,0.0907,0.5606,0.6558,0.2478,0.2448,0.6698,-86.97,12.44,-143.27,-105.79,-100.26,95.65,154.69,0.659,56.70,34.92,SERVOING_READY
13.09,0.3857,0.0907,0.5606,0.6558,0.2478,0.2448,0.6698,-86.97,12.44,-143.27,-105.79,-100.26,95.65,154.69,0.659,56.70,34.92,SERVOING_READY
13.21,0.3857,0.0907,0.5606,0.6558,0.2478,0.2448,0.6698,-86.97,12.44,-143.27,-105.79,-100.26,95.65,154.69,0.659,56.70,34.92,SERVOING_READY
13.34,0.3857,0.0907,0.5606,0.6558,0.2478,0.2448,0.6698,-86.97,12.44,-143.27,-105.79,-100.26,95.65,154.69,0.659,56.70,34.92,SERVOING_READY
13.46,0.3857,0.0907,0.5606,0.6558,0.2478,0.2448,0.6698,-86.97,12.44,-143.27,-105.79,-100.26,95.65,154.69,0.659,56.70,34.92,SERVOING_READY
13.59,0.3857,0.0907,0.5606,0.6558,0.2478,0.2448,0.6698,-86.97,12.44,-143.27,-105.79,-100.26,95.65,154.69,0.659,56.70,34.92,SERVOING_READY
13.69,0.3857,0.0907,0.5606,0.6558,0.2478,0.2448,0.6698,-86.97,12.44,-143.27,-105.79,-100.26,95.65,154.69,0.659,56.70,34.92,SERVOING_READY
13.81,0.3857,0.0907,0.5606,0.6558,0.2478,0.2448,0.6698,-86.97,12.44,-143.27,-105.79,-100.26,95.65,154.69,0.659,56.70,34.92,SERVOING_READY
13.94,0.3857,0.0907,0.5606,0.6558,0.2478,0.2448,0.6698,-86.97,12.44,-143.27,-105.79,-100.26,95.65,154.69,0.659,56.70,34.92,SERVOING_READY
14.06,0.3857,0.0907,0.5606,0.6558,0.2478,0.2448,0.6698,-86.97,12.44,-143.27,-105.79,-100.26,95.65,154.69,0.659,56.70,34.92,SERVOING_READY
14.19,0.3857,0.0907,0.5606,0.6558,0.2478,0.2448,0.6698,-86.97,12.44,-143.27,-105.79,-100.26,95.65,154.69,0.659,56.70,34.92,SERVOING_READY
14.31,0.3857,0.0907,0.5606,0.6558,0.2478,0.2448,0.6698,-86.97,12.44,-143.27,-105.79,-100.26,95.65,154.69,0.659,56.70,34.92,SERVOING_READY
14.42,0.3857,0.0907,0.5606,0.6558,0.2478,0.2448,0.6698,-86.97,12.44,-143.27,-105.79,-100.26,95.65,154.69,0.659,56.70,34.92,SERVOING_READY
14.54,0.3857,0.0907,0.5606,0.6558,0.2478,0.2448,0.6698,-86.97,12.44,-143.27,-105.79,-100.26,95.65,154.69,0.659,56.70,34.92,SERVOING_READY
14.66,0.3857,0.0907,0.5606,0.6558,0.2478,0.2448,0.6698,-86.97,12.44,-143.27,-105.79,-100.26,95.65,154.69,0.659,56.70,34.92,SERVOING_READY
14.79,0.3857,0.0907,0.5606,0.6558,0.2478,0.2448,0.6698,-86.97,12.44,-143.27,-105.79,-100.26,95.65,154.69,0.659,56.70,34.92,SERVOING_READY
14.91,0.3857,0.0907,0.5606,0.6558,0.2478,0.2448,0.6698,-86.97,12.44,-143.27,-105.79,-100.26,95.65,154.69,0.659,56.70,34.92,SERVOING_READY
15.04,0.3857,0.0907,0.5606,0.6558,0.2478,0.2448,0.6698,-86.97,12.44,-143.27,-105.79,-100.26,95.65,154.69,0.659,56.70,34.92,SERVOING_READY
15.14,0.3857,0.0907,0.5606,0.6558,0.2478,0.2448,0.6698,-86.97,12.44,-143.27,-105.79,-100.26,95.65,154.69,0.659,56.70,34.92,SERVOING_READY
15.26,0.3857,0.0907,0.5606,0.6558,0.2478,0.2448,0.6698,-86.97,12.44,-143.27,-105.79,-100.26,95.65,154.69,0.659,56.70,34.92,SERVOING_READY
15.39,0.3857,0.0907,0.5606,0.6558,0.2478,0.2448,0.6698,-86.97,12.44,-143.27,-105.79,-100.26,95.65,154.69,0.659,56.70,34.92,SERVOING_READY
15.51,0.3857,0.0907,0.5606,0.6558,0.2478,0.2448,0.6698,-86.97,12.44,-143.27,-105.79,-100.26,95.65,154.69,0.659,56.70,34.92,SERVOING_READY
15.64,0.3857,0.0907,0.5606,0.6558,0.2478,0.2448,0.6698,-86.97,12.44,-143.27,-105.79,-100.26,95.65,154.69,0.659,56.70,34.92,SERVOING_READY
15.76,0.3857,0.0907,0.5606,0.6558,0.2478,0.2448,0.6698,-86.97,12.44,-143.27,-105.79,-100.26,95.65,154.69,0.659,56.70,34.92,SERVOING_READY
15.87,0.3857,0.0907,0.5606,0.6558,0.2478,0.2448,0.6698,-86.97,12.44,-143.27,-105.79,-100.26,95.65,154.69,0.659,56.70,34.92,SERVOING_READY
15.99,0.3857,0.0907,0.5606,0.6558,0.2478,0.2448,0.6698,-86.97,12.44,-143.27,-105.79,-100.26,95.65,154.69,0.659,56.70,34.92,SERVOING_READY
16.11,0.3857,0.0907,0.5606,0.6558,0.2478,0.2448,0.6698,-86.97,12.44,-143.27,-105.79,-100.26,95.65,154.69,0.659,56.70,34.92,SERVOING_READY
16.24,0.3857,0.0907,0.5606,0.6558,0.2478,0.2448,0.6698,-86.97,12.44,-143.27,-105.79,-100.26,95.65,154.69,0.659,56.70,34.92,SERVOING_READY
16.36,0.3857,0.0907,0.5606,0.6558,0.2478,0.2448,0.6698,-86.97,12.44,-143.27,-105.79,-100.26,95.65,154.69,0.659,56.70,34.92,SERVOING_READY
16.47,0.3857,0.0907,0.5606,0.6558,0.2478,0.2448,0.6698,-86.97,12.44,-143.27,-105.79,-100.26,95.65,154.69,0.659,56.70,34.92,SERVOING_READY
16.59,0.3857,0.0907,0.5606,0.6558,0.2478,0.2448,0.6698,-86.97,12.44,-143.27,-105.79,-100.26,95.65,154.69,0.659,56.70,34.92,SERVOING_READY
16.71,0.3857,0.0907,0.5606,0.6558,0.2478,0.2448,0.6698,-86.97,12.44,-143.27,-105.79,-100.26,95.65,154.69,0.659,56.70,34.92,SERVOING_READY
16.84,0.3857,0.0907,0.5606,0.6558,0.2478,0.2448,0.6698,-86.97,12.44,-143.27,-105.79,-100.26,95.65,154.69,0.659,56.70,34.92,SERVOING_READY
16.96,0.3857,0.0907,0.5606,0.6558,0.2478,0.2448,0.6698,-86.97,12.44,-143.27,-105.79,-100.26,95.65,154.69,0.659,56.70,34.92,SERVOING_READY
17.09,0.3857,0.0907,0.5606,0.6558,0.2478,0.2448,0.6698,-86.97,12.44,-143.27,-105.79,-100.26,95.65,154.69,0.659,56.70,34.92,SERVOING_READY
17.19,0.3857,0.0907,0.5606,0.6558,0.2478,0.2448,0.6698,-86.97,12.44,-143.27,-105.79,-100.26,95.65,154.69,0.659,56.70,34.92,SERVOING_READY
17.31,0.3857,0.0907,0.5606,0.6558,0.2478,0.2448,0.6698,-86.97,12.44,-143.27,-105.79,-100.26,95.65,154.69,0.659,56.70,34.92,SERVOING_READY
17.44,0.3857,0.0907,0.5606,0.6558,0.2478,0.2448,0.6698,-86.97,12.44,-143.27,-105.79,-100.26,95.65,154.69,0.659,56.70,34.92,SERVOING_READY
17.56,0.3857,0.0907,0.5606,0.6558,0.2478,0.2448,0.6698,-86.97,12.44,-143.27,-105.79,-100.26,95.65,154.69,0.659,56.70,34.92,SERVOING_READY
17.69,0.3857,0.0907,0.5606,0.6558,0.2478,0.2448,0.6698,-86.97,12.44,-143.27,-105.79,-100.26,95.65,154.69,0.659,56.70,34.92,SERVOING_READY
17.81,0.3857,0.0907,0.5606,0.6558,0.2478,0.2448,0.6698,-86.97,12.44,-143.27,-105.79,-100.26,95.65,154.69,0.659,56.70,34.92,SERVOING_READY
17.92,0.3857,0.0907,0.5606,0.6558,0.2478,0.2448,0.6698,-86.97,12.44,-143.27,-105.79,-100.26,95.65,154.69,0.659,56.70,34.92,SERVOING_READY
18.04,0.3857,0.0907,0.5606,0.6558,0.2478,0.2448,0.6698,-86.97,12.44,-143.27,-105.79,-100.26,95.65,154.69,0.659,56.70,34.92,SERVOING_READY
18.16,0.3857,0.0907,0.5606,0.6558,0.2478,0.2448,0.6698,-86.97,12.44,-143.27,-105.79,-100.26,95.65,154.69,0.659,56.70,34.92,SERVOING_READY
18.29,0.3857,0.0907,0.5606,0.6558,0.2478,0.2448,0.6698,-86.97,12.44,-143.27,-105.79,-100.26,95.65,154.69,0.659,56.70,34.92,SERVOING_READY
18.41,0.3857,0.0907,0.5606,0.6558,0.2478,0.2448,0.6698,-86.97,12.44,-143.27,-105.79,-100.26,95.65,154.69,0.659,56.70,34.92,SERVOING_READY
18.54,0.3857,0.0907,0.5606,0.6558,0.2478,0.2448,0.6698,-86.97,12.44,-143.27,-105.79,-100.26,95.65,154.69,0.659,56.70,34.92,SERVOING_READY
18.64,0.3857,0.0907,0.5606,0.6558,0.2478,0.2448,0.6698,-86.97,12.44,-143.27,-105.79,-100.26,95.65,154.69,0.659,56.70,34.92,SERVOING_READY
18.76,0.3857,0.0907,0.5606,0.6558,0.2478,0.2448,0.6698,-86.97,12.44,-143.27,-105.79,-100.26,95.65,154.69,0.659,56.70,34.92,SERVOING_READY
18.89,0.3857,0.0907,0.5606,0.6558,0.2478,0.2448,0.6698,-86.97,12.44,-143.27,-105.79,-100.26,95.65,154.69,0.659,56.70,34.92,SERVOING_READY
19.01,0.3857,0.0907,0.5606,0.6558,0.2478,0.2448,0.6698,-86.97,12.44,-143.27,-105.79,-100.26,95.65,154.69,0.659,56.70,34.92,SERVOING_READY
19.14,0.3857,0.0907,0.5606,0.6558,0.2478,0.2448,0.6698,-86.97,12.44,-143.27,-105.79,-100.26,95.65,154.69,0.659,56.70,34.92,SERVOING_READY
19.26,0.3857,0.0907,0.5606,0.6558,0.2478,0.2448,0.6698,-86.97,12.44,-143.27,-105.79,-100.26,95.65,154.69,0.659,56.70,34.92,SERVOING_READY
19.37,0.3857,0.0907,0.5606,0.6558,0.2478,0.2448,0.6698,-86.97,12.44,-143.27,-105.79,-100.26,95.65,154.69,0.659,56.70,34.92,SERVOING_READY
19.49,0.3857,0.0907,0.5606,0.6558,0.2478,0.2448,0.6698,-86.97,12.44,-143.27,-105.79,-100.26,95.65,154.69,0.659,56.70,34.92,SERVOING_READY
19.61,0.3857,0.0907,0.5606,0.6558,0.2478,0.2448,0.6698,-86.97,12.44,-143.27,-105.79,-100.26,95.65,154.69,0.659,56.70,34.92,SERVOING_READY
19.74,0.3857,0.0907,0.5606,0.6558,0.2478,0.2448,0.6698,-86.97,12.44,-143.27,-105.79,-100.26,95.65,154.69,0.659,56.70,34.92,SERVOING_READY
19.86,0.3857,0.0907,0.5606,0.6558,0.2478,0.2448,0.6698,-86.97,12.44,-143.27,-105.79,-100.26,95.65,154.69,0.659,56.70,34.92,SERVOING_READY
19.97,0.3857,0.0907,0.5606,0.6558,0.2478,0.2448,0.6698,-86.97,12.44,-143.27,-105.79,-100.26,95.65,154.69,0.659,56.70,34.92,SERVOING_READY
20.09,0.3857,0.0907,0.5606,0.6558,0.2478,0.2448,0.6698,-86.97,12.44,-143.27,-105.79,-100.26,95.65,154.69,0.659,56.70,34.92,SERVOING_READY
20.21,0.3857,0.0907,0.5606,0.6558,0.2478,0.2448,0.6698,-86.97,12.44,-143.27,-105.79,-100.26,95.65,154.69,0.659,56.70,34.92,SERVOING_READY
20.34,0.3857,0.0907,0.5606,0.6558,0.2478,0.2448,0.6698,-86.97,12.44,-143.27,-105.79,-100.26,95.65,154.69,0.659,56.70,34.92,SERVOING_READY
20.46,0.3857,0.0907,0.5606,0.6558,0.2478,0.2448,0.6698,-86.97,12.44,-143.27,-105.79,-100.26,95.65,154.69,0.659,56.70,34.92,SERVOING_READY
20.59,0.3857,0.0907,0.5606,0.6558,0.2478,0.2448,0.6698,-86.97,12.44,-143.27,-105.79,-100.26,95.65,154.69,0.659,56.70,34.92,SERVOING_READY
20.69,0.3857,0.0907,0.5606,0.6558,0.2478,0.2448,0.6698,-86.97,12.44,-143.27,-105.79,-100.26,95.65,154.69,0.659,56.70,34.92,SERVOING_READY
20.81,0.3857,0.0907,0.5606,0.6558,0.2478,0.2448,0.6698,-86.97,12.44,-143.27,-105.79,-100.26,95.65,154.69,0.659,56.70,34.92,SERVOING_READY
20.94,0.3857,0.0907,0.5606,0.6558,0.2478,0.2448,0.6698,-86.97,12.44,-143.27,-105.79,-100.26,95.65,154.69,0.659,56.70,34.92,SERVOING_READY
21.06,0.3857,0.0907,0.5606,0.6558,0.2478,0.2448,0.6698,-86.97,12.44,-143.27,-105.79,-100.26,95.65,154.69,0.659,56.70,34.92,SERVOING_READY
21.19,0.3857,0.0907,0.5606,0.6558,0.2478,0.2448,0.6698,-86.97,12.44,-143.27,-105.79,-100.26,95.65,154.69,0.659,56.70,34.92,SERVOING_READY
21.31,0.3857,0.0907,0.5606,0.6558,0.2478,0.2448,0.6698,-86.97,12.44,-143.27,-105.79,-100.26,95.65,154.69,0.659,56.70,34.92,SERVOING_READY
21.42,0.3857,0.0907,0.5606,0.6558,0.2478,0.2448,0.6698,-86.97,12.44,-143.27,-105.79,-100.26,95.65,154.69,0.659,56.70,34.92,SERVOING_READY
21.54,0.3857,0.0907,0.5606,0.6558,0.2478,0.2448,0.6698,-86.97,12.44,-143.27,-105.79,-100.26,95.65,154.69,0.659,56.70,34.92,SERVOING_READY
21.66,0.3857,0.0907,0.5606,0.6558,0.2478,0.2448,0.6698,-86.97,12.44,-143.27,-105.79,-100.26,95.65,154.69,0.659,56.70,34.92,SERVOING_READY
21.79,0.3857,0.0907,0.5606,0.6558,0.2478,0.2448,0.6698,-86.97,12.44,-143.27,-105.79,-100.26,95.65,154.69,0.659,56.70,34.92,SERVOING_READY
21.91,0.3857,0.0907,0.5606,0.6558,0.2478,0.2448,0.6698,-86.97,12.44,-143.27,-105.79,-100.26,95.65,154.69,0.659,56.70,34.92,SERVOING_READY
22.04,0.3857,0.0907,0.5606,0.6558,0.2478,0.2448,0.6698,-86.97,12.44,-143.27,-105.79,-100.26,95.65,154.69,0.659,56.70,34.92,SERVOING_READY
22.14,0.3857,0.0907,0.5606,0.6558,0.2478,0.2448,0.6698,-86.97,12.44,-143.27,-105.79,-100.26,95.65,154.69,0.659,56.70,34.92,SERVOING_READY
22.26,0.3857,0.0907,0.5606,0.6558,0.2478,0.2448,0.6698,-86.97,12.44,-143.27,-105.79,-100.26,95.65,154.69,0.659,56.70,34.92,SERVOING_READY
22.39,0.3857,0.0907,0.5606,0.6558,0.2478,0.2448,0.6698,-86.97,12.44,-143.27,-105.79,-100.26,95.65,154.69,0.659,56.70,34.92,SERVOING_READY
22.51,0.3857,0.0907,0.5606,0.6558,0.2478,0.2448,0.6698,-86.97,12.44,-143.27,-105.79,-100.26,95.65,154.69,0.659,56.70,34.92,SERVOING_READY
22.64,0.3857,0.0907,0.5606,0.6558,0.2478,0.2448,0.6698,-86.97,12.44,-143.27,-105.79,-100.26,95.65,154.69,0.659,56.70,34.92,SERVOING_READY
22.76,0.3857,0.0907,0.5606,0.6558,0.2478,0.2448,0.6698,-86.97,12.44,-143.27,-105.79,-100.26,95.65,154.69,0.659,56.70,34.92,SERVOING_READY
22.87,0.3857,0.0907,0.5606,0.6558,0.2478,0.2448,0.6698,-86.97,12.44,-143.27,-105.79,-100.26,95.65,154.69,0.659,56.70,34.92,SERVOING_READY
22.99,0.3857,0.0907,0.5606,0.6558,0.2478,0.2448,0.6698,-86.97,12.44,-143.27,-105.79,-100.26,95.65,154.69,0.659,56.70,34.92,SERVOING_READY
23.11,0.3857,0.0907,0.5606,0.6558,0.2478,0.2448,0.6698,-86.97,12.44,-143.27,-105.79,-100.26,95.65,154.69,0.659,56.70,34.92,SERVOING_READY
23.24,0.3857,0.0907,0.5606,0.6558,0.2478,0.2448,0.6698,-86.97,12.44,-143.27,-105.79,-100.26,95.65,154.69,0.659,56.70,34.92,SERVOING_READY
23.36,0.3857,0.0907,0.5606,0.6558,0.2478,0.2448,0.6698,-86.97,12.44,-143.27,-105.79,-100.26,95.65,154.69,0.659,56.70,34.92,SERVOING_READY
23.47,0.3857,0.0907,0.5606,0.6558,0.2478,0.2448,0.6698,-86.97,12.44,-143.27,-105.79,-100.26,95.65,154.69,0.659,56.70,34.92,SERVOING_READY
23.59,0.3857,0.0907,0.5606,0.6558,0.2478,0.2448,0.6698,-86.97,12.44,-143.27,-105.79,-100.26,95.65,154.69,0.659,56.70,34.92,SERVOING_READY
23.71,0.3857,0.0907,0.5606,0.6558,0.2478,0.2448,0.6698,-86.97,12.44,-143.27,-105.79,-100.26,95.65,154.69,0.659,56.70,34.92,SERVOING_READY
23.84,0.3857,0.0907,0.5606,0.6558,0.2478,0.2448,0.6698,-86.97,12.44,-143.27,-105.79,-100.26,95.65,154.69,0.659,56.70,34.92,SERVOING_READY
23.96,0.3857,0.0907,0.5606,0.6558,0.2478,0.2448,0.6698,-86.97,12.44,-143.27,-105.79,-100.26,95.65,154.69,0.659,56.70,34.92,SERVOING_READY
24.09,0.3857,0.0907,0.5606,0.6558,0.2478,0.2448,0.6698,-86.97,12.44,-143.27,-105.79,-100.26,95.65,154.69,0.659,56.70,34.92,SERVOING_READY
24.19,0.3857,0.0907,0.5606,0.6558,0.2478,0.2448,0.6698,-86.97,12.44,-143.27,-105.79,-100.26,95.65,154.69,0.659,56.70,34.92,SERVOING_READY
24.31,0.3857,0.0907,0.5606,0.6558,0.2478,0.2448,0.6698,-86.97,12.44,-143.27,-105.79,-100.26,95.65,154.69,0.659,56.70,34.92,SERVOING_READY
24.44,0.3857,0.0907,0.5606,0.6558,0.2478,0.2448,0.6698,-86.97,12.44,-143.27,-105.79,-100.26,95.65,154.69,0.659,56.70,34.92,SERVOING_READY
24.56,0.3857,0.0907,0.5606,0.6558,0.2478,0.2448,0.6698,-86.97,12.44,-143.27,-105.79,-100.26,95.65,154.69,0.659,56.70,34.92,SERVOING_READY
24.69,0.3857,0.0907,0.5606,0.6558,0.2478,0.2448,0.6698,-86.97,12.44,-143.27,-105.79,-100.26,95.65,154.69,0.659,56.70,34.92,SERVOING_READY
24.81,0.3857,0.0907,0.5606,0.6558,0.2478,0.2448,0.6698,-86.97,12.44,-143.27,-105.79,-100.26,95.65,154.69,0.659,56.70,34.92,SERVOING_READY
24.92,0.3857,0.0907,0.5606,0.6558,0.2478,0.2448,0.6698,-86.97,12.44,-143.27,-105.79,-100.26,95.65,154.69,0.659,56.70,34.92,SERVOING_READY
25.04,0.3857,0.0907,0.5606,0.6558,0.2478,0.2448,0.6698,-86.97,12.44,-143.27,-105.79,-100.26,95.65,154.69,0.659,56.70,34.92,SERVOING_READY
25.16,0.3857,0.0907,0.5606,0.6558,0.2478,0.2448,0.6698,-86.97,12.44,-143.27,-105.79,-100.26,95.65,154.69,0.659,56.70,34.92,SERVOING_READY
25.29,0.3857,0.0907,0.5606,0.6558,0.2478,0.2448,0.6698,-86.97,12.44,-143.27,-105.79,-100.26,95.65,154.69,0.659,56.70,34.92,SERVOING_READY
25.41,0.3857,0.0907,0.5606,0.6558,0.2478,0.2448,0.6698,-86.97,12.44,-143.27,-105.79,-100.26,95.65,154.69,0.659,56.70,34.92,SERVOING_READY
25.54,0.3857,0.0907,0.5606,0.6558,0.2478,0.2448,0.6698,-86.97,12.44,-143.27,-105.79,-100.26,95.65,154.69,0.659,56.70,34.92,SERVOING_READY
25.64,0.3857,0.0907,0.5606,0.6558,0.2478,0.2448,0.6698,-86.97,12.44,-143.27,-105.79,-100.26,95.65,154.69,0.659,56.70,34.92,SERVOING_READY
25.76,0.3857,0.0907,0.5606,0.6558,0.2478,0.2448,0.6698,-86.97,12.44,-143.27,-105.79,-100.26,95.65,154.69,0.659,56.70,34.92,SERVOING_READY
25.89,0.3857,0.0907,0.5606,0.6558,0.2478,0.2448,0.6698,-86.97,12.44,-143.27,-105.79,-100.26,95.65,154.69,0.659,56.70,34.92,SERVOING_READY
26.01,0.3857,0.0907,0.5606,0.6558,0.2478,0.2448,0.6698,-86.97,12.44,-143.27,-105.79,-100.26,95.65,154.69,0.659,56.70,34.92,SERVOING_READY
26.14,0.3857,0.0907,0.5606,0.6558,0.2478,0.2448,0.6698,-86.97,12.44,-143.27,-105.79,-100.26,95.65,154.69,0.659,56.70,34.92,SERVOING_READY
26.26,0.3857,0.0907,0.5606,0.6558,0.2478,0.2448,0.6698,-86.97,12.44,-143.27,-105.79,-100.26,95.65,154.69,0.659,56.70,34.92,SERVOING_READY
26.37,0.3857,0.0907,0.5606,0.6558,0.2478,0.2448,0.6698,-86.97,12.44,-143.27,-105.79,-100.26,95.65,154.69,0.659,56.70,34.92,SERVOING_READY
26.49,0.3857,0.0907,0.5606,0.6558,0.2478,0.2448,0.6698,-86.97,12.44,-143.27,-105.79,-100.26,95.65,154.69,0.659,56.70,34.92,SERVOING_READY
26.61,0.3857,0.0907,0.5606,0.6558,0.2478,0.2448,0.6698,-86.97,12.44,-143.27,-105.79,-100.26,95.65,154.69,0.659,56.70,34.92,SERVOING_READY
26.74,0.3857,0.0907,0.5606,0.6558,0.2478,0.2448,0.6698,-86.97,12.44,-143.27,-105.79,-100.26,95.65,154.69,0.659,56.70,34.92,SERVOING_READY
26.86,0.3857,0.0907,0.5606,0.6558,0.2478,0.2448,0.6698,-86.97,12.44,-143.27,-105.79,-100.26,95.65,154.69,0.659,56.70,34.92,SERVOING_READY
26.97,0.3857,0.0907,0.5606,0.6558,0.2478,0.2448,0.6698,-86.97,12.44,-143.27,-105.79,-100.26,95.65,154.69,0.659,56.70,34.92,SERVOING_READY
27.09,0.3857,0.0907,0.5606,0.6558,0.2478,0.2448,0.6698,-86.97,12.44,-143.27,-105.79,-100.26,95.65,154.69,0.659,56.70,34.92,SERVOING_READY
27.21,0.3857,0.0907,0.5606,0.6558,0.2478,0.2448,0.6698,-86.97,12.44,-143.27,-105.79,-100.26,95.65,154.69,0.659,56.70,34.92,SERVOING_READY
27.34,0.3857,0.0907,0.5606,0.6558,0.2478,0.2448,0.6698,-86.97,12.44,-143.27,-105.79,-100.26,95.65,154.69,0.655,56.70,34.92,SERVOING_MANUALLY_CONTROLLED
27.46,0.3857,0.0907,0.5604,0.6559,0.2479,0.2446,0.6697,-86.97,12.43,-143.27,-105.81,-100.27,95.64,154.69,0.524,56.69,34.92,SERVOING_MANUALLY_CONTROLLED
27.59,0.3857,0.0907,0.5605,0.6558,0.2478,0.2448,0.6698,-86.97,12.44,-143.27,-105.80,-100.26,95.65,154.69,0.332,56.69,34.92,SERVOING_MANUALLY_CONTROLLED
27.69,0.3857,0.0907,0.5605,0.6558,0.2478,0.2447,0.6698,-86.97,12.44,-143.27,-105.80,-100.27,95.65,154.69,0.140,56.69,34.92,SERVOING_MANUALLY_CONTROLLED
27.81,0.3857,0.0907,0.5605,0.6558,0.2478,0.2448,0.6698,-86.97,12.44,-143.27,-105.80,-100.26,95.65,154.69,0.114,56.69,34.92,SERVOING_MANUALLY_CONTROLLED
27.94,0.3857,0.0907,0.5605,0.6558,0.2478,0.2448,0.6698,-86.97,12.44,-143.27,-105.80,-100.26,95.65,154.69,0.114,56.69,34.92,SERVOING_MANUALLY_CONTROLLED
28.06,0.3857,0.0907,0.5605,0.6558,0.2478,0.2448,0.6698,-86.97,12.44,-143.27,-105.80,-100.26,95.65,154.69,0.114,56.69,34.92,SERVOING_MANUALLY_CONTROLLED
28.19,0.3857,0.0907,0.5605,0.6558,0.2478,0.2448,0.6698,-86.97,12.44,-143.27,-105.80,-100.26,95.65,154.69,0.114,56.69,34.92,SERVOING_MANUALLY_CONTROLLED
28.31,0.3857,0.0907,0.5605,0.6558,0.2478,0.2448,0.6698,-86.97,12.44,-143.27,-105.80,-100.26,95.65,154.69,0.114,56.69,34.92,SERVOING_MANUALLY_CONTROLLED
28.42,0.3857,0.0907,0.5605,0.6558,0.2478,0.2448,0.6698,-86.97,12.44,-143.27,-105.80,-100.26,95.65,154.69,0.052,56.69,34.92,SERVOING_MANUALLY_CONTROLLED
28.54,0.3857,0.0907,0.5605,0.6558,0.2478,0.2448,0.6698,-86.97,12.44,-143.27,-105.80,-100.26,95.65,154.69,0.009,56.69,34.92,SERVOING_MANUALLY_CONTROLLED
28.66,0.3857,0.0907,0.5605,0.6558,0.2478,0.2448,0.6698,-86.97,12.44,-143.27,-105.80,-100.26,95.65,154.69,0.009,56.69,34.92,SERVOING_MANUALLY_CONTROLLED
28.79,0.3857,0.0907,0.5605,0.6558,0.2478,0.2448,0.6698,-86.97,12.44,-143.27,-105.80,-100.26,95.65,154.69,0.009,56.69,34.92,SERVOING_MANUALLY_CONTROLLED
28.91,0.3857,0.0907,0.5605,0.6558,0.2478,0.2448,0.6698,-86.97,12.44,-143.27,-105.80,-100.26,95.65,154.69,0.009,56.69,34.92,SERVOING_MANUALLY_CONTROLLED
29.04,0.3857,0.0907,0.5605,0.6558,0.2478,0.2448,0.6698,-86.97,12.44,-143.27,-105.80,-100.26,95.65,154.69,0.009,56.69,34.92,SERVOING_MANUALLY_CONTROLLED
29.14,0.3857,0.0907,0.5605,0.6558,0.2478,0.2448,0.6698,-86.97,12.44,-143.27,-105.80,-100.26,95.65,154.69,0.009,56.69,34.92,SERVOING_MANUALLY_CONTROLLED
29.26,0.3857,0.0907,0.5605,0.6558,0.2478,0.2448,0.6698,-86.97,12.44,-143.27,-105.80,-100.26,95.65,154.69,0.009,56.69,34.92,SERVOING_MANUALLY_CONTROLLED
29.39,0.3857,0.0907,0.5605,0.6558,0.2478,0.2448,0.6698,-86.97,12.44,-143.27,-105.80,-100.26,95.65,154.69,0.009,56.69,34.92,SERVOING_MANUALLY_CONTROLLED
29.51,0.3857,0.0907,0.5605,0.6558,0.2478,0.2448,0.6698,-86.97,12.44,-143.27,-105.80,-100.26,95.65,154.69,0.009,56.69,34.92,SERVOING_MANUALLY_CONTROLLED
29.64,0.3857,0.0907,0.5605,0.6558,0.2478,0.2448,0.6698,-86.97,12.44,-143.27,-105.80,-100.26,95.65,154.69,0.009,56.69,34.92,SERVOING_MANUALLY_CONTROLLED
29.76,0.3857,0.0907,0.5605,0.6558,0.2478,0.2448,0.6698,-86.97,12.44,-143.27,-105.80,-100.26,95.65,154.69,0.009,56.69,34.92,SERVOING_MANUALLY_CONTROLLED
29.87,0.3857,0.0907,0.5605,0.6558,0.2478,0.2448,0.6698,-86.97,12.44,-143.27,-105.80,-100.26,95.65,154.69,0.009,56.69,34.92,SERVOING_MANUALLY_CONTROLLED
29.99,0.3857,0.0907,0.5605,0.6558,0.2478,0.2448,0.6698,-86.97,12.44,-143.27,-105.80,-100.26,95.65,154.69,0.009,56.69,34.92,SERVOING_MANUALLY_CONTROLLED
30.11,0.3857,0.0907,0.5605,0.6558,0.2478,0.2448,0.6698,-86.97,12.44,-143.27,-105.80,-100.26,95.65,154.69,0.009,56.69,34.92,SERVOING_MANUALLY_CONTROLLED
30.24,0.3857,0.0907,0.5605,0.6558,0.2478,0.2448,0.6698,-86.97,12.44,-143.27,-105.80,-100.26,95.65,154.69,0.009,56.69,34.92,SERVOING_MANUALLY_CONTROLLED
30.36,0.3857,0.0907,0.5605,0.6558,0.2478,0.2448,0.6698,-86.97,12.44,-143.27,-105.80,-100.26,95.65,154.69,0.009,56.69,34.92,SERVOING_MANUALLY_CONTROLLED
30.47,0.3858,0.0918,0.5606,0.6558,0.2477,0.2449,0.6698,-86.98,12.57,-143.29,-105.63,-100.34,95.67,154.73,0.009,56.84,34.86,SERVOING_MANUALLY_CONTROLLED
30.59,0.3858,0.0981,0.5606,0.6557,0.2477,0.2451,0.6698,-87.05,13.32,-143.43,-104.75,-100.79,95.80,154.98,0.009,57.77,34.58,SERVOING_MANUALLY_CONTROLLED
30.71,0.3856,0.1093,0.5606,0.6555,0.2478,0.2452,0.6699,-87.20,14.63,-143.70,-103.19,-101.59,96.10,155.47,0.009,59.48,34.12,SERVOING_MANUALLY_CONTROLLED
30.84,0.3804,0.1190,0.5604,0.6555,0.2484,0.2453,0.6696,-87.98,15.32,-144.14,-102.29,-102.39,97.15,155.74,0.009,61.32,34.22,SERVOING_MANUALLY_CONTROLLED
30.96,0.3691,0.1215,0.5606,0.6555,0.2485,0.2454,0.6696,-89.44,14.77,-144.66,-102.83,-102.85,99.00,155.45,0.009,62.40,35.17,SERVOING_MANUALLY_CONTROLLED
31.09,0.3568,0.1223,0.5622,0.6557,0.2484,0.2455,0.6694,-91.04,13.91,-145.23,-103.44,-103.21,101.10,155.27,0.009,63.22,36.29,SERVOING_MANUALLY_CONTROLLED
31.19,0.3462,0.1271,0.5638,0.6556,0.2483,0.2456,0.6695,-92.38,13.74,-145.80,-103.26,-103.79,102.97,155.35,0.009,64.50,37.12,SERVOING_MANUALLY_CONTROLLED
31.31,0.3410,0.1319,0.5642,0.6556,0.2481,0.2453,0.6697,-93.00,14.02,-146.12,-102.81,-104.25,103.87,155.44,0.009,65.45,37.46,SERVOING_MANUALLY_CONTROLLED
31.44,0.3394,0.1336,0.5642,0.6557,0.2478,0.2450,0.6698,-93.17,14.16,-146.21,-102.62,-104.43,104.16,155.48,0.009,65.77,37.57,SERVOING_MANUALLY_CONTROLLED
31.56,0.3392,0.1338,0.5642,0.6557,0.2478,0.2450,0.6698,-93.19,14.18,-146.22,-102.60,-104.45,104.19,155.49,0.009,65.81,37.58,SERVOING_MANUALLY_CONTROLLED
31.69,0.3392,0.1338,0.5642,0.6557,0.2478,0.2450,0.6698,-93.19,14.18,-146.22,-102.59,-104.45,104.19,155.49,0.009,65.81,37.58,SERVOING_MANUALLY_CONTROLLED
31.81,0.3392,0.1338,0.5642,0.6557,0.2478,0.2450,0.6698,-93.18,14.18,-146.22,-102.59,-104.45,104.19,155.49,0.009,65.81,37.57,SERVOING_MANUALLY_CONTROLLED
31.92,0.3392,0.1338,0.5642,0.6557,0.2477,0.2449,0.6698,-93.17,14.18,-146.22,-102.60,-104.45,104.19,155.49,0.009,65.80,37.57,SERVOING_MANUALLY_CONTROLLED
32.05,0.3392,0.1337,0.5642,0.6557,0.2477,0.2449,0.6699,-93.18,14.18,-146.22,-102.60,-104.45,104.20,155.48,0.009,65.80,37.58,SERVOING_MANUALLY_CONTROLLED
32.16,0.3374,0.1339,0.5642,0.6556,0.2479,0.2450,0.6698,-93.43,14.07,-146.31,-102.73,-104.52,104.49,155.41,0.009,65.90,37.75,SERVOING_MANUALLY_CONTROLLED
32.29,0.3300,0.1350,0.5642,0.6556,0.2482,0.2454,0.6697,-94.38,13.75,-146.70,-103.05,-104.88,105.68,155.15,0.009,66.40,38.42,SERVOING_MANUALLY_CONTROLLED
32.41,0.3188,0.1391,0.5642,0.6555,0.2484,0.2455,0.6696,-95.74,13.66,-147.31,-103.08,-105.62,107.48,154.88,0.009,67.46,39.37,SERVOING_MANUALLY_CONTROLLED
32.54,0.3065,0.1423,0.5642,0.6555,0.2484,0.2455,0.6696,-97.21,13.45,-147.97,-103.24,-106.39,109.43,154.51,0.009,68.38,40.47,SERVOING_MANUALLY_CONTROLLED
32.64,0.2940,0.1431,0.5643,0.6555,0.2484,0.2456,0.6696,-98.72,12.97,-148.63,-103.73,-107.13,111.42,153.98,0.009,68.94,41.66,SERVOING_MANUALLY_CONTROLLED
32.76,0.2836,0.1431,0.5643,0.6555,0.2484,0.2456,0.6695,-99.96,12.54,-149.19,-104.17,-107.76,113.06,153.49,0.009,69.29,42.66,SERVOING_MANUALLY_CONTROLLED
32.89,0.2773,0.1428,0.5644,0.6557,0.2478,0.2453,0.6697,-100.66,12.32,-149.51,-104.40,-108.18,114.07,153.18,0.009,69.46,43.28,SERVOING_MANUALLY_CONTROLLED
33.01,0.2762,0.1428,0.5643,0.6557,0.2477,0.2452,0.6698,-100.77,12.29,-149.56,-104.43,-108.25,114.23,153.13,0.009,69.50,43.38,SERVOING_MANUALLY_CONTROLLED
33.14,0.2762,0.1428,0.5644,0.6557,0.2476,0.2451,0.6698,-100.77,12.29,-149.56,-104.43,-108.25,114.24,153.13,0.009,69.50,43.39,SERVOING_MANUALLY_CONTROLLED
33.26,0.2762,0.1427,0.5644,0.6558,0.2476,0.2451,0.6698,-100.77,12.28,-149.56,-104.43,-108.25,114.24,153.13,0.009,69.49,43.39,SERVOING_MANUALLY_CONTROLLED
33.37,0.2762,0.1427,0.5644,0.6558,0.2475,0.2451,0.6698,-100.76,12.28,-149.56,-104.43,-108.25,114.24,153.13,0.009,69.49,43.38,SERVOING_MANUALLY_CONTROLLED
33.49,0.2762,0.1427,0.5644,0.6558,0.2475,0.2451,0.6698,-100.76,12.28,-149.56,-104.43,-108.25,114.24,153.13,0.009,69.48,43.38,SERVOING_MANUALLY_CONTROLLED
33.61,0.2762,0.1426,0.5644,0.6558,0.2475,0.2451,0.6698,-100.76,12.28,-149.56,-104.43,-108.25,114.24,153.13,0.009,69.48,43.38,SERVOING_MANUALLY_CONTROLLED
33.74,0.2762,0.1426,0.5644,0.6558,0.2475,0.2451,0.6698,-100.76,12.28,-149.56,-104.43,-108.25,114.24,153.13,0.009,69.48,43.38,SERVOING_MANUALLY_CONTROLLED
33.86,0.2762,0.1427,0.5644,0.6557,0.2475,0.2451,0.6698,-100.76,12.29,-149.56,-104.43,-108.25,114.24,153.13,0.009,69.49,43.38,SERVOING_MANUALLY_CONTROLLED
33.97,0.2762,0.1426,0.5643,0.6557,0.2475,0.2450,0.6699,-100.76,12.28,-149.56,-104.45,-108.25,114.24,153.12,0.009,69.47,43.38,SERVOING_MANUALLY_CONTROLLED
34.09,0.2756,0.1388,0.5643,0.6558,0.2476,0.2448,0.6699,-100.90,11.75,-149.57,-105.08,-108.17,114.40,152.91,0.009,69.01,43.54,SERVOING_MANUALLY_CONTROLLED
34.21,0.2714,0.1306,0.5643,0.6557,0.2479,0.2451,0.6697,-101.58,10.44,-149.83,-106.57,-108.15,115.23,152.26,0.009,68.12,44.17,SERVOING_MANUALLY_CONTROLLED
34.34,0.2629,0.1229,0.5643,0.6557,0.2481,0.2453,0.6695,-102.72,9.07,-150.39,-108.06,-108.54,116.78,151.42,0.009,67.47,45.19,SERVOING_MANUALLY_CONTROLLED
34.46,0.2540,0.1167,0.5644,0.6558,0.2479,0.2453,0.6695,-103.85,7.95,-151.01,-109.24,-109.10,118.42,150.63,0.009,67.04,46.22,SERVOING_MANUALLY_CONTROLLED
34.59,0.2510,0.1147,0.5645,0.6559,0.2474,0.2452,0.6697,-104.19,7.62,-151.21,-109.59,-109.30,118.97,150.36,0.009,66.91,46.56,SERVOING_MANUALLY_CONTROLLED
34.69,0.2507,0.1145,0.5644,0.6559,0.2474,0.2451,0.6697,-104.22,7.60,-151.24,-109.62,-109.33,119.03,150.33,0.009,66.91,46.60,SERVOING_MANUALLY_CONTROLLED
34.81,0.2507,0.1145,0.5644,0.6559,0.2474,0.2451,0.6697,-104.22,7.60,-151.24,-109.62,-109.33,119.03,150.33,0.009,66.91,46.60,SERVOING_MANUALLY_CONTROLLED
34.94,0.2507,0.1145,0.5645,0.6559,0.2474,0.2451,0.6697,-104.22,7.60,-151.23,-109.61,-109.33,119.03,150.33,0.009,66.91,46.60,SERVOING_MANUALLY_CONTROLLED
35.06,0.2507,0.1145,0.5645,0.6559,0.2474,0.2451,0.6697,-104.22,7.60,-151.23,-109.61,-109.33,119.03,150.33,0.009,66.91,46.60,SERVOING_MANUALLY_CONTROLLED
35.19,0.2507,0.1145,0.5645,0.6559,0.2473,0.2451,0.6697,-104.22,7.60,-151.23,-109.61,-109.33,119.03,150.33,0.009,66.91,46.60,SERVOING_MANUALLY_CONTROLLED
35.31,0.2507,0.1145,0.5645,0.6559,0.2473,0.2451,0.6697,-104.22,7.60,-151.23,-109.61,-109.33,119.03,150.33,0.009,66.90,46.60,SERVOING_MANUALLY_CONTROLLED
35.42,0.2507,0.1145,0.5645,0.6559,0.2473,0.2451,0.6697,-104.21,7.60,-151.23,-109.61,-109.33,119.03,150.33,0.009,66.90,46.60,SERVOING_MANUALLY_CONTROLLED
35.54,0.2507,0.1145,0.5645,0.6559,0.2473,0.2451,0.6697,-104.21,7.61,-151.23,-109.61,-109.33,119.03,150.33,0.009,66.90,46.60,SERVOING_MANUALLY_CONTROLLED
35.66,0.2507,0.1145,0.5645,0.6559,0.2473,0.2451,0.6697,-104.21,7.61,-151.23,-109.61,-109.33,119.03,150.33,0.009,66.90,46.60,SERVOING_MANUALLY_CONTROLLED
35.79,0.2507,0.1145,0.5645,0.6559,0.2473,0.2451,0.6697,-104.21,7.61,-151.23,-109.61,-109.33,119.03,150.33,0.009,66.90,46.60,SERVOING_MANUALLY_CONTROLLED
35.91,0.2507,0.1145,0.5645,0.6559,0.2473,0.2451,0.6697,-104.21,7.60,-151.23,-109.62,-109.32,119.03,150.33,0.009,66.90,46.60,SERVOING_MANUALLY_CONTROLLED
36.04,0.2507,0.1088,0.5644,0.6560,0.2474,0.2448,0.6697,-104.31,6.79,-151.25,-110.49,-109.16,119.20,150.08,0.009,66.23,46.76,SERVOING_MANUALLY_CONTROLLED
36.22,0.2507,0.0988,0.5644,0.6559,0.2479,0.2453,0.6694,-104.51,5.34,-151.36,-112.00,-108.82,119.53,149.66,0.009,65.07,47.07,SERVOING_MANUALLY_CONTROLLED
36.40,0.2507,0.0947,0.5644,0.6529,0.2560,0.2535,0.6663,-105.18,3.94,-151.97,-113.39,-108.24,119.61,149.41,0.009,64.60,47.21,SERVOING_MANUALLY_CONTROLLED
36.51,0.2507,0.0947,0.5644,0.6489,0.2661,0.2634,0.6624,-105.92,2.90,-152.69,-114.38,-107.69,119.52,149.34,0.009,64.60,47.22,SERVOING_MANUALLY_CONTROLLED
36.64,0.2507,0.0946,0.5644,0.6463,0.2727,0.2699,0.6596,-106.40,2.20,-153.17,-115.03,-107.33,119.46,149.30,0.009,64.59,47.22,SERVOING_MANUALLY_CONTROLLED
36.76,0.2507,0.0946,0.5644,0.6433,0.2799,0.2770,0.6566,-106.92,1.45,-153.69,-115.73,-106.94,119.40,149.29,0.009,64.60,47.22,SERVOING_MANUALLY_CONTROLLED
36.89,0.2507,0.0946,0.5644,0.6403,0.2870,0.2840,0.6535,-107.42,0.70,-154.22,-116.42,-106.55,119.35,149.28,0.009,64.60,47.22,SERVOING_MANUALLY_CONTROLLED
36.99,0.2507,0.0946,0.5645,0.6385,0.2910,0.2881,0.6517,-107.70,0.27,-154.52,-116.81,-106.33,119.32,149.29,0.009,64.59,47.21,SERVOING_MANUALLY_CONTROLLED
37.11,0.2507,0.0946,0.5645,0.6382,0.2917,0.2887,0.6514,-107.74,0.20,-154.57,-116.88,-106.29,119.31,149.29,0.009,64.59,47.21,SERVOING_MANUALLY_CONTROLLED
37.24,0.2507,0.0947,0.5645,0.6381,0.2918,0.2889,0.6514,-107.76,0.20,-154.58,-116.88,-106.29,119.31,149.29,0.009,64.60,47.21,SERVOING_MANUALLY_CONTROLLED
37.36,0.2507,0.0947,0.5645,0.6381,0.2918,0.2889,0.6514,-107.76,0.20,-154.58,-116.88,-106.29,119.31,149.29,0.009,64.60,47.21,SERVOING_MANUALLY_CONTROLLED
37.49,0.2507,0.0946,0.5645,0.6375,0.2931,0.2902,0.6507,-107.85,0.02,-154.69,-117.03,-106.20,119.30,149.29,0.009,64.59,47.21,SERVOING_MANUALLY_CONTROLLED
37.59,0.2507,0.0946,0.5645,0.6349,0.2990,0.2958,0.6480,-108.27,-0.60,-155.13,-117.60,-105.90,119.26,149.32,0.009,64.59,47.22,SERVOING_MANUALLY_CONTROLLED
37.72,0.2507,0.0946,0.5645,0.6323,0.3048,0.3015,0.6453,-108.68,-1.24,-155.59,-118.16,-105.59,119.23,149.35,0.009,64.59,47.22,SERVOING_MANUALLY_CONTROLLED
37.84,0.2507,0.0945,0.5645,0.6291,0.3115,0.3082,0.6420,-109.15,-1.99,-156.12,-118.82,-105.23,119.19,149.41,0.009,64.58,47.22,SERVOING_MANUALLY_CONTROLLED
37.96,0.2507,0.0945,0.5645,0.6257,0.3186,0.3150,0.6386,-109.63,-2.77,-156.68,-119.50,-104.86,119.14,149.49,0.009,64.58,47.22,SERVOING_MANUALLY_CONTROLLED
38.09,0.2506,0.0945,0.5645,0.6223,0.3255,0.3219,0.6350,-110.11,-3.56,-157.25,-120.17,-104.49,119.11,149.59,0.009,64.58,47.22,SERVOING_MANUALLY_CONTROLLED
38.21,0.2507,0.0945,0.5645,0.6188,0.3324,0.3286,0.6313,-110.58,-4.36,-157.82,-120.82,-104.13,119.07,149.72,0.009,64.58,47.22,SERVOING_MANUALLY_CONTROLLED
38.32,0.2507,0.0945,0.5645,0.6153,0.3393,0.3353,0.6276,-111.05,-5.16,-158.40,-121.47,-103.77,119.04,149.87,0.009,64.58,47.22,SERVOING_MANUALLY_CONTROLLED
38.44,0.2507,0.0945,0.5645,0.6129,0.3438,0.3397,0.6250,-111.35,-5.69,-158.78,-121.88,-103.54,119.01,149.99,0.009,64.57,47.22,SERVOING_MANUALLY_CONTROLLED
38.56,0.2507,0.0945,0.5646,0.6122,0.3453,0.3411,0.6242,-111.45,-5.86,-158.89,-122.01,-103.46,119.00,150.03,0.009,64.57,47.22,SERVOING_MANUALLY_CONTROLLED
38.69,0.2507,0.0946,0.5646,0.6122,0.3451,0.3410,0.6243,-111.44,-5.83,-158.88,-121.98,-103.46,119.00,150.03,0.009,64.58,47.22,SERVOING_MANUALLY_CONTROLLED
38.81,0.2507,0.0946,0.5646,0.6149,0.3407,0.3364,0.6266,-111.12,-5.29,-158.48,-121.50,-103.72,119.02,149.95,0.009,64.59,47.21,SERVOING_MANUALLY_CONTROLLED
38.94,0.2507,0.0946,0.5646,0.6186,0.3340,0.3298,0.6301,-110.67,-4.53,-157.92,-120.84,-104.08,119.06,149.83,0.009,64.59,47.21,SERVOING_MANUALLY_CONTROLLED
39.05,0.2507,0.0946,0.5646,0.6221,0.3272,0.3230,0.6337,-110.20,-3.73,-157.34,-120.17,-104.44,119.09,149.71,0.009,64.59,47.21,SERVOING_MANUALLY_CONTROLLED
39.17,0.2507,0.0946,0.5646,0.6251,0.3213,0.3172,0.6367,-109.79,-3.06,-156.86,-119.61,-104.75,119.13,149.62,0.009,64.59,47.21,SERVOING_MANUALLY_CONTROLLED
39.29,0.2507,0.0947,0.5646,0.6283,0.3146,0.3106,0.6401,-109.33,-2.31,-156.32,-118.96,-105.11,119.16,149.54,0.009,64.59,47.21,SERVOING_MANUALLY_CONTROLLED
39.42,0.2507,0.0947,0.5646,0.6317,0.3076,0.3038,0.6435,-108.84,-1.53,-155.77,-118.28,-105.48,119.21,149.47,0.009,64.60,47.21,SERVOING_MANUALLY_CONTROLLED
39.54,0.2507,0.0947,0.5646,0.6349,0.3006,0.2969,0.6468,-108.35,-0.75,-155.22,-117.60,-105.86,119.25,149.42,0.009,64.60,47.21,SERVOING_MANUALLY_CONTROLLED
39.67,0.2507,0.0948,0.5646,0.6379,0.2940,0.2904,0.6499,-107.89,-0.04,-154.71,-116.96,-106.22,119.29,149.39,0.009,64.61,47.21,SERVOING_MANUALLY_CONTROLLED
39.77,0.2507,0.0947,0.5646,0.6390,0.2916,0.2879,0.6510,-107.72,0.21,-154.53,-116.73,-106.36,119.31,149.38,0.009,64.60,47.21,SERVOING_MANUALLY_CONTROLLED
39.89,0.2507,0.0947,0.5645,0.6391,0.2914,0.2876,0.6511,-107.71,0.24,-154.52,-116.71,-106.37,119.31,149.38,0.009,64.60,47.21,SERVOING_MANUALLY_CONTROLLED
40.02,0.2507,0.0947,0.5645,0.6391,0.2913,0.2876,0.6511,-107.71,0.24,-154.51,-116.70,-106.37,119.31,149.38,0.009,64.60,47.21,SERVOING_MANUALLY_CONTROLLED
40.14,0.2507,0.0947,0.5645,0.6391,0.2913,0.2876,0.6511,-107.71,0.24,-154.52,-116.71,-106.37,119.31,149.38,0.009,64.60,47.21,SERVOING_MANUALLY_CONTROLLED
40.27,0.2507,0.0947,0.5645,0.6392,0.2914,0.2876,0.6511,-107.71,0.24,-154.52,-116.71,-106.37,119.31,149.38,0.009,64.60,47.21,SERVOING_MANUALLY_CONTROLLED
40.39,0.2507,0.0947,0.5645,0.6392,0.2914,0.2876,0.6510,-107.71,0.24,-154.52,-116.71,-106.37,119.31,149.38,0.009,64.60,47.21,SERVOING_MANUALLY_CONTROLLED
40.49,0.2507,0.0947,0.5645,0.6392,0.2914,0.2876,0.6510,-107.71,0.23,-154.52,-116.71,-106.37,119.31,149.38,0.009,64.60,47.21,SERVOING_MANUALLY_CONTROLLED
40.78,0.2507,0.0947,0.5645,0.6392,0.2914,0.2876,0.6510,-107.71,0.23,-154.52,-116.71,-106.37,119.31,149.38,0.009,64.60,47.21,SERVOING_MANUALLY_CONTROLLED
40.95,0.2508,0.0947,0.5730,0.6397,0.2912,0.2878,0.6505,-107.84,-0.43,-154.65,-115.50,-105.33,120.14,151.19,0.009,64.59,47.21,SERVOING_MANUALLY_CONTROLLED
41.06,0.2507,0.0946,0.5751,0.6393,0.2913,0.2877,0.6509,-107.87,-0.56,-154.68,-115.28,-105.07,120.33,151.61,0.009,64.59,47.21,SERVOING_MANUALLY_CONTROLLED
41.19,0.2507,0.0947,0.5750,0.6393,0.2913,0.2877,0.6509,-107.87,-0.54,-154.68,-115.29,-105.09,120.32,151.59,0.009,64.59,47.21,SERVOING_MANUALLY_CONTROLLED
41.29,0.2507,0.0947,0.5750,0.6392,0.2914,0.2876,0.6510,-107.87,-0.54,-154.68,-115.30,-105.09,120.31,151.59,0.009,64.59,47.21,SERVOING_MANUALLY_CONTROLLED
41.42,0.2507,0.0946,0.5750,0.6392,0.2914,0.2876,0.6510,-107.87,-0.54,-154.68,-115.31,-105.09,120.32,151.59,0.009,64.59,47.21,SERVOING_MANUALLY_CONTROLLED
41.54,0.2507,0.0946,0.5750,0.6392,0.2914,0.2876,0.6510,-107.87,-0.54,-154.68,-115.30,-105.08,120.32,151.60,0.009,64.59,47.21,SERVOING_MANUALLY_CONTROLLED
41.67,0.2507,0.0946,0.5750,0.6392,0.2914,0.2876,0.6510,-107.87,-0.54,-154.68,-115.30,-105.08,120.32,151.60,0.009,64.59,47.21,SERVOING_MANUALLY_CONTROLLED
41.79,0.2507,0.0946,0.5750,0.6392,0.2914,0.2876,0.6510,-107.87,-0.54,-154.68,-115.30,-105.08,120.32,151.60,0.009,64.59,47.21,SERVOING_MANUALLY_CONTROLLED
41.92,0.2507,0.0946,0.5750,0.6392,0.2914,0.2876,0.6510,-107.87,-0.54,-154.68,-115.30,-105.08,120.32,151.60,0.009,64.59,47.21,SERVOING_MANUALLY_CONTROLLED
42.02,0.2510,0.0946,0.5750,0.6392,0.2914,0.2876,0.6511,-107.84,-0.54,-154.64,-115.30,-105.04,120.26,151.62,0.009,64.58,47.18,SERVOING_MANUALLY_CONTROLLED
42.14,0.2526,0.0927,0.5750,0.6392,0.2914,0.2875,0.6510,-107.71,-0.79,-154.52,-115.53,-104.82,120.09,151.67,0.009,64.30,47.10,SERVOING_MANUALLY_CONTROLLED
42.27,0.2589,0.0874,0.5749,0.6395,0.2909,0.2870,0.6512,-107.09,-1.42,-153.92,-116.10,-103.95,119.21,151.94,0.009,63.42,46.68,SERVOING_MANUALLY_CONTROLLED
42.39,0.2704,0.0856,0.5750,0.6395,0.2907,0.2868,0.6513,-105.93,-1.39,-152.67,-116.06,-102.65,117.15,152.52,0.009,62.71,45.67,SERVOING_MANUALLY_CONTROLLED
42.52,0.2829,0.0854,0.5749,0.6395,0.2907,0.2867,0.6514,-104.65,-1.04,-151.30,-115.74,-101.39,114.75,153.11,0.009,62.11,44.52,SERVOING_MANUALLY_CONTROLLED
42.64,0.2954,0.0854,0.5750,0.6395,0.2906,0.2867,0.6514,-103.35,-0.57,-149.92,-115.33,-100.23,112.31,153.64,0.009,61.50,43.35,SERVOING_MANUALLY_CONTROLLED
42.75,0.3041,0.0858,0.5749,0.6393,0.2911,0.2870,0.6512,-102.49,-0.21,-149.03,-115.02,-99.50,110.60,153.97,0.009,61.10,42.54,SERVOING_MANUALLY_CONTROLLED
42.87,0.3057,0.0859,0.5749,0.6392,0.2914,0.2872,0.6511,-102.33,-0.14,-148.88,-114.96,-99.37,110.27,154.03,0.009,61.04,42.38,SERVOING_MANUALLY_CONTROLLED
42.99,0.3059,0.0860,0.5749,0.6392,0.2914,0.2873,0.6511,-102.32,-0.13,-148.86,-114.95,-99.35,110.23,154.03,0.009,61.04,42.36,SERVOING_MANUALLY_CONTROLLED
43.12,0.3059,0.0860,0.5753,0.6393,0.2914,0.2873,0.6511,-102.32,-0.16,-148.87,-114.87,-99.31,110.26,154.13,0.009,61.04,42.36,SERVOING_MANUALLY_CONTROLLED
43.24,0.3059,0.0861,0.5825,0.6396,0.2913,0.2877,0.6506,-102.47,-0.69,-149.02,-113.84,-98.65,110.85,155.57,0.009,61.05,42.36,SERVOING_MANUALLY_CONTROLLED
43.37,0.3059,0.0861,0.5942,0.6398,0.2912,0.2878,0.6504,-102.66,-1.47,-149.24,-112.18,-97.55,111.73,157.95,0.009,61.05,42.36,SERVOING_MANUALLY_CONTROLLED
43.47,0.3059,0.0860,0.6068,0.6399,0.2911,0.2879,0.6503,-102.85,-2.20,-149.48,-110.36,-96.36,112.56,160.48,0.009,61.04,42.36,SERVOING_MANUALLY_CONTROLLED
43.59,0.3059,0.0860,0.6174,0.6399,0.2911,0.2879,0.6503,-102.98,-2.74,-149.68,-108.78,-95.33,113.19,162.66,0.009,61.04,42.36,SERVOING_MANUALLY_CONTROLLED
43.72,0.3059,0.0861,0.6293,0.6398,0.2912,0.2879,0.6504,-103.11,-3.26,-149.89,-106.97,-94.17,113.81,165.09,0.009,61.05,42.36,SERVOING_MANUALLY_CONTROLLED
43.84,0.3059,0.0860,0.6418,0.6400,0.2910,0.2879,0.6502,-103.22,-3.74,-150.10,-105.01,-92.95,114.35,167.64,0.009,61.03,42.36,SERVOING_MANUALLY_CONTROLLED
43.97,0.3059,0.0859,0.6527,0.6397,0.2912,0.2877,0.6505,-103.30,-4.06,-150.27,-103.31,-91.88,114.75,169.88,0.009,61.03,42.37,SERVOING_MANUALLY_CONTROLLED
44.09,0.3058,0.0859,0.6559,0.6394,0.2914,0.2875,0.6509,-103.32,-4.14,-150.31,-102.83,-91.56,114.85,170.55,0.009,61.03,42.37,SERVOING_MANUALLY_CONTROLLED
44.20,0.3058,0.0860,0.6562,0.6393,0.2914,0.2874,0.6510,-103.32,-4.14,-150.32,-102.79,-91.53,114.86,170.61,0.009,61.04,42.37,SERVOING_MANUALLY_CONTROLLED
44.32,0.3058,0.0859,0.6557,0.6393,0.2915,0.2874,0.6510,-103.32,-4.14,-150.31,-102.89,-91.57,114.85,170.51,0.009,61.03,42.37,SERVOING_MANUALLY_CONTROLLED
44.44,0.3058,0.0859,0.6487,0.6389,0.2918,0.2871,0.6514,-103.27,-3.93,-150.21,-104.08,-92.25,114.62,169.09,0.009,61.04,42.37,SERVOING_MANUALLY_CONTROLLED
44.57,0.3058,0.0859,0.6371,0.6387,0.2918,0.2869,0.6516,-103.17,-3.53,-150.01,-105.92,-93.38,114.17,166.74,0.009,61.03,42.38,SERVOING_MANUALLY_CONTROLLED
44.69,0.3058,0.0859,0.6248,0.6386,0.2919,0.2867,0.6518,-103.05,-3.03,-149.80,-107.81,-94.58,113.61,164.24,0.009,61.03,42.38,SERVOING_MANUALLY_CONTROLLED
44.80,0.3058,0.0858,0.6125,0.6386,0.2919,0.2867,0.6518,-102.91,-2.45,-149.57,-109.69,-95.78,112.93,161.70,0.009,61.03,42.38,SERVOING_MANUALLY_CONTROLLED
44.92,0.3058,0.0859,0.6021,0.6385,0.2919,0.2867,0.6518,-102.77,-1.88,-149.38,-111.21,-96.78,112.29,159.59,0.009,61.03,42.38,SERVOING_MANUALLY_CONTROLLED
45.04,0.3057,0.0859,0.5903,0.6385,0.2919,0.2867,0.6519,-102.59,-1.16,-149.16,-112.90,-97.91,111.47,157.19,0.009,61.04,42.38,SERVOING_MANUALLY_CONTROLLED
45.17,0.3057,0.0859,0.5780,0.6385,0.2919,0.2867,0.6519,-102.38,-0.32,-148.92,-114.62,-99.05,110.51,154.69,0.009,61.04,42.38,SERVOING_MANUALLY_CONTROLLED
45.29,0.3057,0.0859,0.5657,0.6384,0.2919,0.2867,0.6519,-102.14,0.61,-148.69,-116.28,-100.17,109.46,152.21,0.009,61.04,42.38,SERVOING_MANUALLY_CONTROLLED
45.42,0.3057,0.0860,0.5534,0.6385,0.2918,0.2868,0.6519,-101.88,1.64,-148.47,-117.88,-101.26,108.32,149.74,0.009,61.05,42.38,SERVOING_MANUALLY_CONTROLLED
45.52,0.3057,0.0860,0.5411,0.6384,0.2920,0.2867,0.6519,-101.59,2.77,-148.27,-119.45,-102.32,107.08,147.31,0.009,61.05,42.38,SERVOING_MANUALLY_CONTROLLED
45.64,0.3057,0.0860,0.5307,0.6384,0.2919,0.2868,0.6519,-101.32,3.79,-148.11,-120.71,-103.17,105.98,145.26,0.009,61.05,42.38,SERVOING_MANUALLY_CONTROLLED
45.77,0.3057,0.0861,0.5189,0.6383,0.2919,0.2868,0.6519,-100.99,5.06,-147.94,-122.13,-104.12,104.63,142.92,0.009,61.06,42.38,SERVOING_MANUALLY_CONTROLLED
45.89,0.3057,0.0861,0.5066,0.6383,0.2920,0.2868,0.6520,-100.60,6.47,-147.80,-123.54,-105.07,103.16,140.52,0.009,61.06,42.38,SERVOING_MANUALLY_CONTROLLED
46.02,0.3057,0.0862,0.4943,0.6383,0.2920,0.2869,0.6519,-100.20,7.98,-147.69,-124.89,-105.96,101.61,138.12,0.009,61.07,42.38,SERVOING_MANUALLY_CONTROLLED
46.14,0.3057,0.0862,0.4820,0.6383,0.2920,0.2869,0.6519,-99.76,9.59,-147.63,-126.18,-106.81,100.00,135.74,0.009,61.08,42.38,SERVOING_MANUALLY_CONTROLLED
46.24,0.3057,0.0862,0.4697,0.6382,0.2920,0.2869,0.6520,-99.29,11.29,-147.60,-127.41,-107.61,98.32,133.39,0.009,61.08,42.37,SERVOING_MANUALLY_CONTROLLED
46.37,0.3057,0.0862,0.4594,0.6383,0.2919,0.2869,0.6520,-98.88,12.78,-147.60,-128.39,-108.24,96.91,131.43,0.009,61.07,42.38,SERVOING_MANUALLY_CONTROLLED
46.49,0.3057,0.0856,0.4495,0.6386,0.2919,0.2872,0.6516,-98.48,14.14,-147.64,-129.37,-108.78,95.50,129.51,0.009,61.00,42.39,SERVOING_MANUALLY_CONTROLLED
46.62,0.3056,0.0778,0.4466,0.6389,0.2920,0.2871,0.6513,-98.26,13.66,-147.50,-130.82,-108.46,95.05,128.51,0.009,60.04,42.71,SERVOING_MANUALLY_CONTROLLED
46.74,0.3056,0.0658,0.4463,0.6392,0.2918,0.2871,0.6511,-98.07,12.33,-147.22,-132.63,-107.68,94.94,127.75,0.009,58.57,43.21,SERVOING_MANUALLY_CONTROLLED
46.87,0.3057,0.0532,0.4463,0.6393,0.2918,0.2872,0.6509,-97.85,10.88,-146.91,-134.49,-106.79,94.90,127.05,0.009,57.09,43.75,SERVOING_MANUALLY_CONTROLLED
46.97,0.3057,0.0421,0.4464,0.6394,0.2917,0.2873,0.6508,-97.61,9.58,-146.63,-136.10,-105.94,94.89,126.47,0.009,55.80,44.26,SERVOING_MANUALLY_CONTROLLED
47.09,0.3058,0.0389,0.4464,0.6394,0.2916,0.2876,0.6507,-97.53,9.20,-146.55,-136.54,-105.67,94.89,126.30,0.009,55.43,44.41,SERVOING_MANUALLY_CONTROLLED
47.22,0.3058,0.0384,0.4465,0.6393,0.2917,0.2877,0.6507,-97.52,9.15,-146.54,-136.61,-105.63,94.90,126.27,0.009,55.37,44.43,SERVOING_MANUALLY_CONTROLLED
47.34,0.3058,0.0384,0.4465,0.6393,0.2917,0.2877,0.6507,-97.52,9.15,-146.54,-136.61,-105.62,94.90,126.27,0.009,55.38,44.43,SERVOING_MANUALLY_CONTROLLED
47.47,0.3057,0.0353,0.4464,0.6394,0.2917,0.2875,0.6507,-97.45,8.76,-146.45,-137.07,-105.39,94.90,126.13,0.009,55.02,44.58,SERVOING_MANUALLY_CONTROLLED
47.59,0.3057,0.0247,0.4464,0.6396,0.2916,0.2873,0.6507,-97.16,7.49,-146.16,-138.55,-104.54,94.94,125.66,0.009,53.85,45.10,SERVOING_MANUALLY_CONTROLLED
47.70,0.3057,0.0124,0.4463,0.6396,0.2916,0.2873,0.6506,-96.79,5.97,-145.81,-140.24,-103.46,95.01,125.16,0.009,52.51,45.73,SERVOING_MANUALLY_CONTROLLED
47.82,0.3057,0.0059,0.4464,0.6396,0.2915,0.2875,0.6506,-96.57,5.15,-145.61,-141.10,-102.84,95.07,124.92,0.009,51.81,46.07,SERVOING_MANUALLY_CONTROLLED
47.94,0.3058,0.0044,0.4465,0.6395,0.2916,0.2877,0.6506,-96.52,4.96,-145.57,-141.31,-102.68,95.08,124.86,0.009,51.65,46.14,SERVOING_MANUALLY_CONTROLLED
48.07,0.3058,0.0042,0.4465,0.6395,0.2915,0.2877,0.6506,-96.51,4.94,-145.56,-141.33,-102.65,95.09,124.86,0.009,51.63,46.15,SERVOING_MANUALLY_CONTROLLED
48.19,0.3057,-0.0012,0.4464,0.6397,0.2915,0.2874,0.6506,-96.31,4.23,-145.39,-142.05,-102.16,95.14,124.70,0.009,51.07,46.45,SERVOING_MANUALLY_CONTROLLED
48.29,0.3056,-0.0126,0.4463,0.6399,0.2914,0.2873,0.6505,-95.87,2.75,-145.01,-143.52,-101.03,95.27,124.40,0.009,49.91,47.08,SERVOING_MANUALLY_CONTROLLED
48.42,0.3062,-0.0228,0.4464,0.6399,0.2910,0.2872,0.6506,-95.30,1.44,-144.55,-144.74,-99.78,95.29,124.21,0.009,48.85,47.61,SERVOING_MANUALLY_CONTROLLED
48.54,0.3132,-0.0305,0.4465,0.6401,0.2904,0.2867,0.6509,-93.75,1.03,-143.21,-145.12,-97.32,93.94,124.33,0.009,47.61,47.48,SERVOING_MANUALLY_CONTROLLED
48.67,0.3249,-0.0321,0.4466,0.6399,0.2903,0.2866,0.6512,-91.75,1.86,-141.48,-144.44,-94.52,91.48,124.58,0.009,46.60,46.64,SERVOING_MANUALLY_CONTROLLED
48.79,0.3368,-0.0335,0.4465,0.6399,0.2904,0.2866,0.6512,-89.77,2.79,-139.86,-143.66,-91.90,88.95,124.73,0.009,45.56,45.79,SERVOING_MANUALLY_CONTROLLED
48.92,0.3451,-0.0407,0.4464,0.6400,0.2906,0.2866,0.6510,-87.95,2.76,-138.43,-143.75,-89.23,87.08,124.63,0.009,44.20,45.59,SERVOING_MANUALLY_CONTROLLED
49.03,0.3485,-0.0459,0.4464,0.6397,0.2911,0.2872,0.6508,-87.07,2.42,-137.72,-144.06,-87.72,86.31,124.50,0.009,43.43,45.66,SERVOING_MANUALLY_CONTROLLED
49.14,0.3490,-0.0466,0.4464,0.6396,0.2914,0.2874,0.6506,-86.95,2.36,-137.62,-144.12,-87.47,86.19,124.48,0.009,43.32,45.67,SERVOING_MANUALLY_CONTROLLED
49.27,0.3491,-0.0468,0.4464,0.6396,0.2915,0.2875,0.6506,-86.93,2.34,-137.61,-144.14,-87.43,86.18,124.48,0.009,43.30,45.67,SERVOING_MANUALLY_CONTROLLED
49.39,0.3489,-0.0525,0.4462,0.6400,0.2912,0.2871,0.6505,-86.49,1.65,-137.25,-144.73,-86.56,86.10,124.38,0.009,42.78,46.07,SERVOING_MANUALLY_CONTROLLED
49.52,0.3487,-0.0639,0.4461,0.6402,0.2911,0.2869,0.6505,-85.55,0.25,-136.46,-145.87,-84.59,85.93,124.23,0.009,41.73,46.83,SERVOING_MANUALLY_CONTROLLED
49.64,0.3487,-0.0765,0.4461,0.6403,0.2910,0.2868,0.6504,-84.43,-1.31,-135.51,-147.04,-82.28,85.69,124.15,0.009,40.61,47.69,SERVOING_MANUALLY_CONTROLLED
49.75,0.3489,-0.0862,0.4463,0.6400,0.2912,0.2874,0.6504,-83.50,-2.55,-134.71,-147.89,-80.27,85.47,124.15,0.009,39.75,48.34,SERVOING_MANUALLY_CONTROLLED
49.87,0.3490,-0.0859,0.4463,0.6399,0.2913,0.2874,0.6504,-83.53,-2.51,-134.73,-147.86,-80.33,85.47,124.15,0.009,39.78,48.31,SERVOING_MANUALLY_CONTROLLED
49.99,0.3490,-0.0855,0.4463,0.6398,0.2914,0.2874,0.6505,-83.55,-2.47,-134.75,-147.84,-80.37,85.48,124.15,0.009,39.80,48.29,SERVOING_MANUALLY_CONTROLLED
50.12,0.3490,-0.0854,0.4464,0.6398,0.2914,0.2876,0.6504,-83.57,-2.46,-134.76,-147.83,-80.38,85.48,124.15,0.009,39.81,48.27,SERVOING_MANUALLY_CONTROLLED
50.24,0.3491,-0.0853,0.4464,0.6397,0.2915,0.2876,0.6505,-83.57,-2.46,-134.76,-147.82,-80.36,85.47,124.15,0.009,39.81,48.27,SERVOING_MANUALLY_CONTROLLED
50.37,0.3491,-0.0853,0.4464,0.6397,0.2915,0.2877,0.6504,-83.56,-2.46,-134.76,-147.82,-80.35,85.47,124.15,0.009,39.81,48.26,SERVOING_MANUALLY_CONTROLLED
50.47,0.3491,-0.0853,0.4464,0.6397,0.2915,0.2877,0.6505,-83.56,-2.46,-134.75,-147.82,-80.34,85.46,124.15,0.009,39.81,48.26,SERVOING_MANUALLY_CONTROLLED
50.59,0.3512,-0.0869,0.4464,0.6399,0.2910,0.2870,0.6508,-83.11,-2.24,-134.23,-147.67,-79.68,84.87,124.07,0.009,39.51,48.22,SERVOING_MANUALLY_CONTROLLED
50.72,0.3584,-0.0924,0.4465,0.6400,0.2904,0.2865,0.6511,-81.53,-1.72,-132.53,-147.29,-77.19,82.88,123.72,0.009,38.44,48.10,SERVOING_MANUALLY_CONTROLLED
50.84,0.3671,-0.1005,0.4464,0.6401,0.2904,0.2863,0.6512,-79.48,-1.19,-130.39,-146.91,-73.84,80.33,123.13,0.009,37.02,48.08,SERVOING_MANUALLY_CONTROLLED
50.97,0.3758,-0.1094,0.4464,0.6401,0.2904,0.2860,0.6512,-77.31,-0.56,-128.23,-146.48,-70.37,77.68,122.31,0.009,35.55,48.15,SERVOING_MANUALLY_CONTROLLED
51.09,0.3842,-0.1185,0.4464,0.6401,0.2904,0.2859,0.6513,-75.08,0.21,-126.15,-145.99,-66.91,74.98,121.27,0.009,34.08,48.28,SERVOING_MANUALLY_CONTROLLED
51.19,0.3914,-0.1281,0.4463,0.6401,0.2905,0.2859,0.6513,-72.86,0.90,-124.22,-145.57,-63.46,72.46,120.06,0.009,32.69,48.56,SERVOING_MANUALLY_CONTROLLED
51.32,0.3961,-0.1369,0.4462,0.6402,0.2906,0.2859,0.6511,-71.02,1.28,-122.72,-145.36,-60.55,70.58,118.98,0.009,31.62,48.96,SERVOING_MANUALLY_CONTROLLED
51.44,0.3993,-0.1482,0.4462,0.6402,0.2906,0.2859,0.6511,-68.97,1.33,-121.10,-145.37,-57.12,68.82,117.75,0.009,30.53,49.66,SERVOING_MANUALLY_CONTROLLED
51.57,0.4010,-0.1604,0.4461,0.6403,0.2906,0.2859,0.6510,-66.87,1.19,-119.46,-145.49,-53.49,67.23,116.45,0.009,29.55,50.55,SERVOING_MANUALLY_CONTROLLED
51.69,0.4023,-0.1728,0.4460,0.6404,0.2905,0.2858,0.6510,-64.70,1.17,-117.77,-145.55,-49.71,65.60,114.93,0.009,28.62,51.48,SERVOING_MANUALLY_CONTROLLED
51.80,0.4036,-0.1851,0.4460,0.6404,0.2907,0.2858,0.6510,-62.42,1.34,-116.06,-145.50,-45.74,63.91,113.14,0.009,27.73,52.42,SERVOING_MANUALLY_CONTROLLED
51.92,0.4046,-0.1955,0.4460,0.6403,0.2908,0.2857,0.6510,-60.43,1.63,-114.62,-145.40,-42.26,62.48,111.40,0.009,27.03,53.23,SERVOING_MANUALLY_CONTROLLED
52.22,0.4055,-0.2076,0.4460,0.6404,0.2907,0.2855,0.6511,-57.92,2.19,-113.02,-145.17,-38.09,60.79,109.02,0.009,26.24,54.19,SERVOING_MANUALLY_CONTROLLED
52.40,0.4074,-0.2210,0.4459,0.6364,0.3006,0.2956,0.6459,-53.99,1.74,-111.06,-145.32,-29.59,58.64,105.10,0.009,25.33,55.23,SERVOING_MANUALLY_CONTROLLED
52.52,0.4074,-0.2210,0.4460,0.6353,0.3109,0.3039,0.6383,-53.81,-0.88,-111.04,-145.51,-27.54,57.92,106.50,0.009,25.33,55.23,SERVOING_MANUALLY_CONTROLLED
52.64,0.4076,-0.2207,0.4462,0.6369,0.3180,0.3073,0.6316,-53.95,-3.41,-111.79,-145.27,-27.80,57.05,109.23,0.009,25.33,55.20,SERVOING_MANUALLY_CONTROLLED
52.75,0.4076,-0.2207,0.4462,0.6388,0.3251,0.3101,0.6246,-53.75,-5.92,-112.86,-144.98,-28.24,56.01,112.07,0.009,25.33,55.20,SERVOING_MANUALLY_CONTROLLED
52.87,0.4075,-0.2208,0.4462,0.6395,0.3311,0.3131,0.6192,-53.36,-7.71,-113.60,-144.80,-28.14,55.11,113.84,0.009,25.33,55.21,SERVOING_MANUALLY_CONTROLLED
52.99,0.4074,-0.2209,0.4463,0.6399,0.3380,0.3169,0.6130,-52.79,-9.63,-114.42,-144.59,-27.84,53.95,115.67,0.009,25.33,55.22,SERVOING_MANUALLY_CONTROLLED
53.12,0.4073,-0.2210,0.4462,0.6397,0.3452,0.3212,0.6070,-52.24,-11.39,-114.94,-144.42,-27.16,52.73,117.10,0.009,25.33,55.24,SERVOING_MANUALLY_CONTROLLED
53.24,0.4073,-0.2212,0.4461,0.6375,0.3521,0.3271,0.6023,-52.06,-12.86,-114.63,-144.43,-25.55,51.78,117.63,0.009,25.33,55.25,SERVOING_MANUALLY_CONTROLLED
53.37,0.4072,-0.2214,0.4460,0.6344,0.3587,0.3336,0.5980,-52.11,-14.26,-113.92,-144.52,-23.56,50.99,117.82,0.009,25.33,55.27,SERVOING_MANUALLY_CONTROLLED
53.47,0.4072,-0.2214,0.4460,0.6310,0.3654,0.3402,0.5937,-52.17,-15.72,-113.26,-144.55,-21.63,50.14,118.13,0.009,25.33,55.27,SERVOING_MANUALLY_CONTROLLED
53.59,0.4072,-0.2213,0.4460,0.6286,0.3712,0.3456,0.5897,-52.12,-17.00,-112.90,-144.51,-20.21,49.28,118.55,0.009,25.33,55.27,SERVOING_MANUALLY_CONTROLLED
53.72,0.4072,-0.2215,0.4460,0.6260,0.3778,0.3515,0.5848,-51.94,-18.51,-112.64,-144.36,-18.74,48.10,119.15,0.009,25.32,55.28,SERVOING_MANUALLY_CONTROLLED
53.84,0.4072,-0.2215,0.4461,0.6235,0.3848,0.3572,0.5793,-51.60,-20.06,-112.58,-144.10,-17.40,46.64,119.88,0.009,25.32,55.29,SERVOING_MANUALLY_CONTROLLED
53.97,0.4071,-0.2216,0.4463,0.6225,0.3919,0.3615,0.5729,-50.79,-21.47,-113.09,-143.63,-16.62,44.67,120.79,0.009,25.32,55.30,SERVOING_MANUALLY_CONTROLLED
54.09,0.4072,-0.2216,0.4464,0.6228,0.3991,0.3645,0.5656,-49.69,-22.67,-113.94,-143.00,-16.30,42.32,121.79,0.009,25.31,55.30,SERVOING_MANUALLY_CONTROLLED
54.20,0.4072,-0.2216,0.4462,0.6216,0.4060,0.3689,0.5592,-49.30,-23.95,-114.00,-142.57,-15.45,40.50,122.49,0.009,25.32,55.29,SERVOING_MANUALLY_CONTROLLED
54.32,0.4072,-0.2215,0.4460,0.6201,0.4093,0.3713,0.5568,-49.33,-24.58,-113.80,-142.43,-14.84,39.86,122.73,0.009,25.32,55.29,SERVOING_MANUALLY_CONTROLLED
54.44,0.4072,-0.2214,0.4459,0.6197,0.4102,0.3719,0.5562,-49.36,-24.72,-113.74,-142.41,-14.70,39.72,122.78,0.009,25.32,55.27,SERVOING_MANUALLY_CONTROLLED
54.57,0.4073,-0.2213,0.4459,0.6197,0.4103,0.3719,0.5562,-49.37,-24.72,-113.73,-142.41,-14.68,39.71,122.79,0.009,25.32,55.27,SERVOING_MANUALLY_CONTROLLED
54.80,0.4073,-0.2213,0.4459,0.6197,0.4103,0.3719,0.5562,-49.37,-24.71,-113.74,-142.41,-14.69,39.71,122.79,0.009,25.32,55.26,SERVOING_MANUALLY_CONTROLLED
54.96,0.4172,-0.2106,0.4457,0.6194,0.4111,0.3715,0.5561,-51.50,-22.18,-113.40,-142.18,-16.06,41.00,121.38,0.009,25.02,53.83,SERVOING_MANUALLY_CONTROLLED
55.07,0.4314,-0.2123,0.4457,0.6198,0.4104,0.3715,0.5562,-56.34,-20.57,-108.38,-140.57,-15.03,41.37,119.71,0.009,23.61,53.26,SERVOING_MANUALLY_CONTROLLED
55.19,0.4400,-0.2169,0.4456,0.6198,0.4105,0.3715,0.5561,-59.77,-20.23,-104.39,-139.33,-13.90,41.25,119.04,0.009,22.57,53.23,SERVOING_MANUALLY_CONTROLLED
55.30,0.4515,-0.2175,0.4456,0.6195,0.4110,0.3716,0.5560,-64.27,-19.39,-100.04,-137.98,-13.50,41.43,118.28,0.009,21.44,52.75,SERVOING_MANUALLY_CONTROLLED
55.42,0.4607,-0.2141,0.4456,0.6194,0.4112,0.3717,0.5560,-67.88,-18.37,-97.07,-137.13,-13.96,41.82,117.70,0.009,20.72,52.03,SERVOING_MANUALLY_CONTROLLED
55.54,0.4702,-0.2075,0.4456,0.6194,0.4112,0.3718,0.5560,-72.05,-17.04,-94.07,-136.37,-15.04,42.37,117.14,0.009,20.10,51.00,SERVOING_MANUALLY_CONTROLLED
55.67,0.4797,-0.1995,0.4456,0.6192,0.4113,0.3719,0.5559,-76.65,-15.81,-90.83,-135.63,-16.45,42.95,116.84,0.009,19.54,49.87,SERVOING_MANUALLY_CONTROLLED
55.79,0.4888,-0.1912,0.4456,0.6192,0.4114,0.3722,0.5557,-81.64,-14.92,-87.37,-134.85,-18.20,43.56,117.02,0.009,18.99,48.73,SERVOING_MANUALLY_CONTROLLED
55.92,0.4979,-0.1829,0.4456,0.6193,0.4113,0.3724,0.5556,-87.04,-14.49,-83.84,-134.00,-20.33,44.29,117.85,0.009,18.43,47.60,SERVOING_MANUALLY_CONTROLLED
56.02,0.5076,-0.1749,0.4455,0.6194,0.4113,0.3726,0.5554,-92.73,-14.68,-80.30,-132.97,-22.79,45.20,119.45,0.009,17.75,46.46,SERVOING_MANUALLY_CONTROLLED
56.14,0.5153,-0.1709,0.4454,0.6196,0.4110,0.3725,0.5553,-96.67,-15.34,-77.90,-132.03,-24.55,45.94,121.06,0.009,17.09,45.78,SERVOING_MANUALLY_CONTROLLED
56.27,0.5181,-0.1701,0.4454,0.6198,0.4107,0.3722,0.5556,-97.97,-15.67,-77.13,-131.66,-25.17,46.23,121.72,0.009,16.80,45.60,SERVOING_MANUALLY_CONTROLLED
56.39,0.5183,-0.1703,0.4468,0.6197,0.4105,0.3720,0.5559,-97.68,-15.46,-77.33,-131.47,-25.26,45.93,121.71,0.009,16.76,45.61,SERVOING_MANUALLY_CONTROLLED
56.52,0.5182,-0.1705,0.4557,0.6192,0.4102,0.3718,0.5568,-94.66,-13.64,-79.42,-130.54,-25.31,43.46,120.85,0.009,16.76,45.63,SERVOING_MANUALLY_CONTROLLED
56.64,0.5182,-0.1704,0.4678,0.6191,0.4103,0.3716,0.5570,-89.52,-11.10,-83.16,-129.18,-25.20,39.83,119.37,0.009,16.77,45.63,SERVOING_MANUALLY_CONTROLLED
56.75,0.5183,-0.1701,0.4787,0.6191,0.4107,0.3716,0.5567,-83.28,-9.02,-88.23,-127.86,-25.09,36.56,118.08,0.009,16.77,45.59,SERVOING_MANUALLY_CONTROLLED
56.87,0.5209,-0.1699,0.4826,0.6195,0.4108,0.3720,0.5560,-82.72,-8.63,-88.67,-127.01,-25.46,35.48,118.19,0.009,16.48,45.48,SERVOING_MANUALLY_CONTROLLED
56.99,0.5288,-0.1696,0.4834,0.6196,0.4110,0.3724,0.5553,-88.58,-9.46,-83.62,-125.80,-26.62,35.69,119.86,0.009,15.57,45.15,SERVOING_MANUALLY_CONTROLLED
57.12,0.5388,-0.1697,0.4832,0.6200,0.4108,0.3726,0.5551,-95.02,-11.25,-78.74,-124.39,-28.63,36.69,122.92,0.009,14.38,44.80,SERVOING_MANUALLY_CONTROLLED
57.24,0.5500,-0.1657,0.4830,0.6199,0.4112,0.3726,0.5549,-100.99,-12.92,-74.98,-122.91,-31.25,38.02,126.28,0.009,13.20,44.04,SERVOING_MANUALLY_CONTROLLED
57.35,0.5567,-0.1589,0.4829,0.6200,0.4111,0.3723,0.5550,-104.79,-13.63,-73.08,-122.11,-33.53,39.19,128.45,0.009,12.66,43.17,SERVOING_MANUALLY_CONTROLLED
57.47,0.5581,-0.1573,0.4830,0.6200,0.4109,0.3721,0.5552,-105.58,-13.77,-72.73,-121.94,-34.06,39.49,128.94,0.009,12.56,42.97,SERVOING_MANUALLY_CONTROLLED
57.59,0.5582,-0.1572,0.4831,0.6200,0.4108,0.3720,0.5553,-105.67,-13.79,-72.70,-121.92,-34.15,39.54,129.02,0.009,12.55,42.96,SERVOING_MANUALLY_CONTROLLED
57.72,0.5582,-0.1572,0.4831,0.6201,0.4107,0.3720,0.5554,-105.66,-13.79,-72.70,-121.92,-34.15,39.54,129.02,0.009,12.55,42.97,SERVOING_MANUALLY_CONTROLLED
57.84,0.5581,-0.1573,0.4830,0.6201,0.4107,0.3720,0.5554,-105.63,-13.78,-72.72,-121.93,-34.15,39.54,129.02,0.009,12.55,42.97,SERVOING_MANUALLY_CONTROLLED
57.97,0.5581,-0.1574,0.4830,0.6201,0.4107,0.3719,0.5554,-105.62,-13.78,-72.73,-121.93,-34.15,39.54,129.01,0.009,12.55,42.99,SERVOING_MANUALLY_CONTROLLED
58.07,0.5580,-0.1573,0.4832,0.6201,0.4108,0.3718,0.5555,-105.57,-13.74,-72.75,-121.92,-34.16,39.49,129.01,0.009,12.56,42.98,SERVOING_MANUALLY_CONTROLLED
58.19,0.5580,-0.1573,0.4842,0.6200,0.4107,0.3718,0.5556,-105.39,-13.56,-72.84,-121.81,-34.22,39.25,128.98,0.009,12.56,42.98,SERVOING_MANUALLY_CONTROLLED
58.32,0.5580,-0.1576,0.4920,0.6196,0.4103,0.3717,0.5565,-103.89,-12.20,-73.51,-120.94,-34.63,37.32,128.74,0.009,12.56,43.01,SERVOING_MANUALLY_CONTROLLED
58.44,0.5580,-0.1573,0.5002,0.6197,0.4106,0.3717,0.5560,-102.12,-10.60,-74.30,-119.95,-35.06,34.91,128.32,0.009,12.56,42.98,SERVOING_MANUALLY_CONTROLLED
58.57,0.5577,-0.1548,0.5022,0.6196,0.4110,0.3718,0.5558,-101.88,-9.94,-74.50,-119.82,-35.45,34.39,128.19,0.009,12.71,42.75,SERVOING_MANUALLY_CONTROLLED
58.69,0.5565,-0.1446,0.5023,0.6195,0.4113,0.3721,0.5556,-102.92,-8.90,-74.48,-120.19,-36.97,34.76,128.34,0.009,13.32,41.83,SERVOING_MANUALLY_CONTROLLED
58.80,0.5560,-0.1366,0.5023,0.6196,0.4112,0.3721,0.5555,-104.20,-8.32,-74.24,-120.38,-38.47,35.29,128.89,0.009,13.76,41.09,SERVOING_MANUALLY_CONTROLLED
58.92,0.5559,-0.1352,0.5021,0.6198,0.4111,0.3720,0.5554,-104.46,-8.25,-74.18,-120.41,-38.79,35.41,129.02,0.009,13.84,40.97,SERVOING_MANUALLY_CONTROLLED
59.04,0.5559,-0.1352,0.5021,0.6199,0.4110,0.3719,0.5554,-104.49,-8.25,-74.17,-120.41,-38.83,35.42,129.05,0.009,13.84,40.96,SERVOING_MANUALLY_CONTROLLED
59.17,0.5559,-0.1352,0.5021,0.6199,0.4110,0.3719,0.5555,-104.49,-8.25,-74.16,-120.41,-38.83,35.42,129.05,0.009,13.84,40.97,SERVOING_MANUALLY_CONTROLLED
59.29,0.5559,-0.1352,0.5021,0.6199,0.4110,0.3719,0.5554,-104.49,-8.25,-74.17,-120.41,-38.83,35.42,129.05,0.009,13.84,40.96,SERVOING_MANUALLY_CONTROLLED
59.42,0.5559,-0.1352,0.5021,0.6199,0.4110,0.3719,0.5554,-104.49,-8.25,-74.17,-120.41,-38.83,35.42,129.05,0.009,13.84,40.97,SERVOING_MANUALLY_CONTROLLED
59.52,0.5559,-0.1353,0.5021,0.6199,0.4109,0.3719,0.5554,-104.49,-8.25,-74.17,-120.41,-38.83,35.42,129.05,0.009,13.84,40.97,SERVOING_MANUALLY_CONTROLLED
59.64,0.5559,-0.1352,0.5021,0.6199,0.4110,0.3719,0.5554,-104.49,-8.25,-74.17,-120.41,-38.83,35.42,129.05,0.009,13.84,40.97,SERVOING_MANUALLY_CONTROLLED
59.77,0.5559,-0.1352,0.5021,0.6199,0.4110,0.3719,0.5554,-104.49,-8.25,-74.17,-120.41,-38.83,35.42,129.05,0.009,13.84,40.97,SERVOING_MANUALLY_CONTROLLED
59.89,0.5559,-0.1353,0.5021,0.6199,0.4109,0.3719,0.5554,-104.48,-8.25,-74.17,-120.41,-38.83,35.42,129.05,0.009,13.84,40.97,SERVOING_MANUALLY_CONTROLLED
60.02,0.5559,-0.1352,0.5021,0.6199,0.4110,0.3720,0.5554,-104.48,-8.25,-74.17,-120.41,-38.83,35.42,129.05,0.009,13.84,40.97,SERVOING_MANUALLY_CONTROLLED
60.14,0.5559,-0.1352,0.5021,0.6199,0.4110,0.3720,0.5554,-104.49,-8.25,-74.17,-120.41,-38.83,35.42,129.05,0.009,13.84,40.97,SERVOING_MANUALLY_CONTROLLED
60.25,0.5559,-0.1353,0.5021,0.6199,0.4109,0.3719,0.5554,-104.48,-8.25,-74.17,-120.41,-38.83,35.42,129.05,0.009,13.84,40.97,SERVOING_MANUALLY_CONTROLLED
60.37,0.5559,-0.1352,0.5021,0.6199,0.4109,0.3719,0.5554,-104.48,-8.25,-74.17,-120.41,-38.83,35.42,129.05,0.009,13.84,40.97,SERVOING_MANUALLY_CONTROLLED
60.49,0.5559,-0.1352,0.5021,0.6199,0.4110,0.3720,0.5554,-104.48,-8.25,-74.17,-120.41,-38.83,35.42,129.05,0.009,13.84,40.97,SERVOING_MANUALLY_CONTROLLED
60.62,0.5559,-0.1353,0.5021,0.6199,0.4109,0.3719,0.5554,-104.48,-8.25,-74.17,-120.41,-38.83,35.42,129.05,0.009,13.84,40.97,SERVOING_MANUALLY_CONTROLLED
60.74,0.5559,-0.1352,0.5021,0.6199,0.4109,0.3719,0.5554,-104.48,-8.25,-74.17,-120.41,-38.83,35.42,129.05,0.009,13.84,40.97,SERVOING_MANUALLY_CONTROLLED
60.85,0.5559,-0.1352,0.5021,0.6199,0.4109,0.3719,0.5554,-104.48,-8.25,-74.17,-120.41,-38.83,35.42,129.05,0.009,13.84,40.97,SERVOING_MANUALLY_CONTROLLED
60.97,0.5559,-0.1352,0.5021,0.6199,0.4109,0.3719,0.5554,-104.48,-8.25,-74.17,-120.41,-38.83,35.42,129.05,0.009,13.84,40.97,SERVOING_MANUALLY_CONTROLLED
61.09,0.5559,-0.1352,0.5021,0.6199,0.4109,0.3719,0.5554,-104.48,-8.25,-74.17,-120.41,-38.83,35.42,129.05,0.009,13.84,40.97,SERVOING_MANUALLY_CONTROLLED
61.22,0.5559,-0.1352,0.5021,0.6199,0.4109,0.3719,0.5554,-104.48,-8.25,-74.17,-120.41,-38.83,35.42,129.05,0.009,13.84,40.97,SERVOING_MANUALLY_CONTROLLED
61.34,0.5559,-0.1352,0.5021,0.6199,0.4109,0.3719,0.5554,-104.48,-8.25,-74.17,-120.41,-38.83,35.42,129.05,0.009,13.84,40.97,SERVOING_MANUALLY_CONTROLLED
61.47,0.5559,-0.1352,0.5021,0.6199,0.4109,0.3719,0.5554,-104.48,-8.25,-74.17,-120.41,-38.83,35.42,129.05,0.009,13.84,40.97,SERVOING_MANUALLY_CONTROLLED
61.57,0.5559,-0.1352,0.5021,0.6199,0.4109,0.3719,0.5554,-104.48,-8.25,-74.17,-120.41,-38.83,35.42,129.05,0.009,13.84,40.97,SERVOING_MANUALLY_CONTROLLED
61.69,0.5559,-0.1352,0.5021,0.6199,0.4109,0.3719,0.5554,-104.48,-8.25,-74.17,-120.41,-38.83,35.42,129.05,0.009,13.84,40.97,SERVOING_MANUALLY_CONTROLLED
61.82,0.5559,-0.1352,0.5021,0.6199,0.4109,0.3719,0.5554,-104.48,-8.25,-74.17,-120.41,-38.83,35.42,129.05,0.009,13.84,40.97,SERVOING_MANUALLY_CONTROLLED
61.94,0.5559,-0.1352,0.5021,0.6199,0.4109,0.3719,0.5554,-104.48,-8.25,-74.17,-120.41,-38.83,35.42,129.05,0.009,13.84,40.97,SERVOING_MANUALLY_CONTROLLED
62.07,0.5559,-0.1352,0.5021,0.6199,0.4109,0.3719,0.5554,-104.48,-8.25,-74.17,-120.41,-38.83,35.42,129.05,0.009,13.84,40.97,SERVOING_MANUALLY_CONTROLLED
62.19,0.5559,-0.1352,0.5021,0.6199,0.4109,0.3719,0.5554,-104.48,-8.25,-74.17,-120.41,-38.83,35.42,129.05,0.009,13.84,40.97,SERVOING_MANUALLY_CONTROLLED
62.30,0.5559,-0.1352,0.5021,0.6199,0.4109,0.3719,0.5554,-104.48,-8.25,-74.17,-120.41,-38.83,35.42,129.05,0.009,13.84,40.97,SERVOING_MANUALLY_CONTROLLED
62.42,0.5559,-0.1352,0.5021,0.6199,0.4109,0.3719,0.5554,-104.48,-8.25,-74.17,-120.41,-38.83,35.42,129.05,0.009,13.84,40.97,SERVOING_MANUALLY_CONTROLLED
62.54,0.5559,-0.1352,0.5021,0.6199,0.4109,0.3719,0.5554,-104.48,-8.25,-74.17,-120.41,-38.83,35.42,129.05,0.009,13.84,40.97,SERVOING_MANUALLY_CONTROLLED
62.67,0.5559,-0.1352,0.5021,0.6199,0.4109,0.3719,0.5554,-104.48,-8.25,-74.17,-120.41,-38.83,35.42,129.05,0.009,13.84,40.97,SERVOING_MANUALLY_CONTROLLED
62.79,0.5559,-0.1352,0.5021,0.6199,0.4109,0.3719,0.5554,-104.48,-8.25,-74.17,-120.41,-38.83,35.42,129.05,0.009,13.84,40.97,SERVOING_MANUALLY_CONTROLLED
62.92,0.5559,-0.1352,0.5021,0.6199,0.4109,0.3719,0.5554,-104.48,-8.25,-74.17,-120.41,-38.83,35.42,129.05,0.009,13.84,40.97,SERVOING_MANUALLY_CONTROLLED
63.02,0.5559,-0.1352,0.5021,0.6199,0.4109,0.3719,0.5554,-104.48,-8.25,-74.17,-120.41,-38.83,35.42,129.05,0.009,13.84,40.97,SERVOING_MANUALLY_CONTROLLED
63.14,0.5559,-0.1352,0.5021,0.6199,0.4109,0.3719,0.5554,-104.48,-8.25,-74.17,-120.41,-38.83,35.42,129.05,0.009,13.84,40.97,SERVOING_MANUALLY_CONTROLLED
63.27,0.5559,-0.1352,0.5021,0.6199,0.4109,0.3719,0.5554,-104.48,-8.25,-74.17,-120.41,-38.83,35.42,129.05,0.009,13.84,40.97,SERVOING_MANUALLY_CONTROLLED
63.39,0.5559,-0.1352,0.5021,0.6199,0.4109,0.3719,0.5554,-104.48,-8.25,-74.17,-120.41,-38.83,35.42,129.05,0.009,13.84,40.97,SERVOING_MANUALLY_CONTROLLED
63.52,0.5559,-0.1352,0.5021,0.6199,0.4109,0.3719,0.5554,-104.48,-8.25,-74.17,-120.41,-38.83,35.42,129.05,0.009,13.84,40.97,SERVOING_MANUALLY_CONTROLLED
63.64,0.5559,-0.1352,0.5021,0.6199,0.4109,0.3719,0.5554,-104.48,-8.25,-74.17,-120.41,-38.83,35.42,129.05,0.009,13.84,40.97,SERVOING_MANUALLY_CONTROLLED
63.75,0.5559,-0.1352,0.5021,0.6199,0.4109,0.3719,0.5554,-104.48,-8.25,-74.17,-120.41,-38.83,35.42,129.05,0.009,13.84,40.97,SERVOING_MANUALLY_CONTROLLED
63.87,0.5559,-0.1352,0.5021,0.6199,0.4109,0.3719,0.5554,-104.48,-8.25,-74.17,-120.41,-38.83,35.42,129.05,0.009,13.84,40.97,SERVOING_MANUALLY_CONTROLLED
63.99,0.5559,-0.1352,0.5021,0.6199,0.4109,0.3719,0.5554,-104.48,-8.25,-74.17,-120.41,-38.83,35.42,129.05,0.009,13.84,40.97,SERVOING_MANUALLY_CONTROLLED
64.12,0.5559,-0.1352,0.5021,0.6199,0.4109,0.3719,0.5554,-104.48,-8.25,-74.17,-120.41,-38.83,35.42,129.05,0.009,13.84,40.97,SERVOING_MANUALLY_CONTROLLED
64.24,0.5559,-0.1352,0.5021,0.6199,0.4109,0.3719,0.5554,-104.48,-8.25,-74.17,-120.41,-38.83,35.42,129.05,0.009,13.84,40.97,SERVOING_MANUALLY_CONTROLLED
64.35,0.5559,-0.1352,0.5021,0.6199,0.4109,0.3719,0.5554,-104.48,-8.25,-74.17,-120.41,-38.83,35.42,129.05,0.009,13.84,40.97,SERVOING_MANUALLY_CONTROLLED
64.47,0.5559,-0.1352,0.5021,0.6199,0.4109,0.3719,0.5554,-104.48,-8.25,-74.17,-120.41,-38.83,35.42,129.05,0.009,13.84,40.97,SERVOING_MANUALLY_CONTROLLED
64.59,0.5559,-0.1352,0.5021,0.6199,0.4109,0.3719,0.5554,-104.48,-8.25,-74.17,-120.41,-38.83,35.42,129.05,0.009,13.84,40.97,SERVOING_MANUALLY_CONTROLLED
64.72,0.5559,-0.1352,0.5021,0.6199,0.4109,0.3719,0.5554,-104.48,-8.25,-74.17,-120.41,-38.83,35.42,129.05,0.009,13.84,40.97,SERVOING_MANUALLY_CONTROLLED
64.84,0.5559,-0.1352,0.5021,0.6199,0.4109,0.3719,0.5554,-104.48,-8.25,-74.17,-120.41,-38.83,35.42,129.05,0.009,13.84,40.97,SERVOING_MANUALLY_CONTROLLED
64.97,0.5559,-0.1352,0.5021,0.6199,0.4109,0.3719,0.5554,-104.48,-8.25,-74.17,-120.41,-38.83,35.42,129.05,0.009,13.84,40.97,SERVOING_MANUALLY_CONTROLLED
65.07,0.5559,-0.1352,0.5021,0.6199,0.4109,0.3719,0.5554,-104.48,-8.25,-74.17,-120.41,-38.83,35.42,129.05,0.009,13.84,40.97,SERVOING_MANUALLY_CONTROLLED
65.19,0.5559,-0.1352,0.5021,0.6199,0.4109,0.3719,0.5554,-104.48,-8.25,-74.17,-120.41,-38.83,35.42,129.05,0.009,13.84,40.97,SERVOING_MANUALLY_CONTROLLED
65.32,0.5559,-0.1352,0.5021,0.6199,0.4109,0.3719,0.5554,-104.48,-8.25,-74.17,-120.41,-38.83,35.42,129.05,0.009,13.84,40.97,SERVOING_MANUALLY_CONTROLLED
65.44,0.5559,-0.1352,0.5021,0.6199,0.4109,0.3719,0.5554,-104.48,-8.25,-74.17,-120.41,-38.83,35.42,129.05,0.009,13.84,40.97,SERVOING_MANUALLY_CONTROLLED
65.57,0.5559,-0.1352,0.5021,0.6199,0.4109,0.3719,0.5554,-104.48,-8.25,-74.17,-120.41,-38.83,35.42,129.05,0.009,13.84,40.97,SERVOING_MANUALLY_CONTROLLED
65.69,0.5559,-0.1352,0.5021,0.6199,0.4109,0.3719,0.5554,-104.48,-8.25,-74.17,-120.41,-38.83,35.42,129.05,0.009,13.84,40.97,SERVOING_MANUALLY_CONTROLLED
65.80,0.5559,-0.1352,0.5021,0.6199,0.4109,0.3719,0.5554,-104.48,-8.25,-74.17,-120.41,-38.83,35.42,129.05,0.009,13.84,40.97,SERVOING_MANUALLY_CONTROLLED
65.92,0.5559,-0.1352,0.5021,0.6199,0.4109,0.3719,0.5554,-104.48,-8.25,-74.17,-120.41,-38.83,35.42,129.05,0.009,13.84,40.97,SERVOING_MANUALLY_CONTROLLED
66.04,0.5559,-0.1352,0.5021,0.6199,0.4109,0.3719,0.5554,-104.48,-8.25,-74.17,-120.41,-38.83,35.42,129.05,0.009,13.84,40.97,SERVOING_MANUALLY_CONTROLLED
66.17,0.5559,-0.1352,0.5021,0.6199,0.4109,0.3719,0.5554,-104.48,-8.25,-74.17,-120.41,-38.83,35.42,129.05,0.009,13.84,40.97,SERVOING_READY
66.29,0.5559,-0.1352,0.5021,0.6199,0.4109,0.3719,0.5554,-104.48,-8.25,-74.17,-120.41,-38.83,35.42,129.05,0.009,13.84,40.97,SERVOING_READY
66.42,0.5559,-0.1352,0.5021,0.6199,0.4109,0.3719,0.5554,-104.48,-8.25,-74.17,-120.41,-38.83,35.42,129.05,0.009,13.84,40.97,SERVOING_READY
66.52,0.5559,-0.1352,0.5021,0.6199,0.4109,0.3719,0.5554,-104.48,-8.25,-74.17,-120.41,-38.83,35.42,129.05,0.009,13.84,40.97,SERVOING_READY
66.64,0.5559,-0.1352,0.5021,0.6199,0.4109,0.3719,0.5554,-104.48,-8.25,-74.17,-120.41,-38.83,35.42,129.05,0.009,13.84,40.97,SERVOING_READY
66.77,0.5559,-0.1352,0.5021,0.6199,0.4109,0.3719,0.5554,-104.48,-8.25,-74.17,-120.41,-38.83,35.42,129.05,0.009,13.84,40.97,SERVOING_READY
66.89,0.5559,-0.1352,0.5021,0.6199,0.4109,0.3719,0.5554,-104.48,-8.25,-74.17,-120.41,-38.83,35.42,129.05,0.009,13.84,40.97,SERVOING_READY
67.02,0.5559,-0.1352,0.5021,0.6199,0.4109,0.3719,0.5554,-104.48,-8.25,-74.17,-120.41,-38.83,35.42,129.05,0.009,13.84,40.97,SERVOING_READY
67.14,0.5559,-0.1352,0.5021,0.6199,0.4109,0.3719,0.5554,-104.48,-8.25,-74.17,-120.41,-38.83,35.42,129.05,0.009,13.84,40.97,SERVOING_READY
67.25,0.5559,-0.1352,0.5021,0.6199,0.4109,0.3719,0.5554,-104.48,-8.25,-74.17,-120.41,-38.83,35.42,129.05,0.009,13.84,40.97,SERVOING_READY
67.37,0.5559,-0.1352,0.5021,0.6199,0.4109,0.3719,0.5554,-104.48,-8.25,-74.17,-120.41,-38.83,35.42,129.05,0.009,13.84,40.97,SERVOING_READY
67.49,0.5559,-0.1352,0.5021,0.6199,0.4109,0.3719,0.5554,-104.48,-8.25,-74.17,-120.41,-38.83,35.42,129.05,0.009,13.84,40.97,SERVOING_READY
67.62,0.5559,-0.1352,0.5021,0.6199,0.4109,0.3719,0.5554,-104.48,-8.25,-74.17,-120.41,-38.83,35.42,129.05,0.009,13.84,40.97,SERVOING_READY
67.74,0.5559,-0.1352,0.5021,0.6199,0.4109,0.3719,0.5554,-104.48,-8.25,-74.17,-120.41,-38.83,35.42,129.05,0.009,13.84,40.97,SERVOING_READY
67.85,0.5559,-0.1352,0.5021,0.6199,0.4109,0.3719,0.5554,-104.48,-8.25,-74.17,-120.41,-38.83,35.42,129.05,0.009,13.84,40.97,SERVOING_READY
67.97,0.5559,-0.1352,0.5021,0.6199,0.4109,0.3719,0.5554,-104.48,-8.25,-74.17,-120.41,-38.83,35.42,129.05,0.009,13.84,40.97,SERVOING_READY
68.09,0.5559,-0.1352,0.5021,0.6199,0.4109,0.3719,0.5554,-104.48,-8.25,-74.17,-120.41,-38.83,35.42,129.05,0.009,13.84,40.97,SERVOING_READY
68.22,0.5559,-0.1352,0.5021,0.6199,0.4109,0.3719,0.5554,-104.48,-8.25,-74.17,-120.41,-38.83,35.42,129.05,0.009,13.84,40.97,SERVOING_READY
68.34,0.5559,-0.1352,0.5021,0.6199,0.4109,0.3719,0.5554,-104.48,-8.25,-74.17,-120.41,-38.83,35.42,129.05,0.009,13.84,40.97,SERVOING_READY
68.47,0.5559,-0.1352,0.5021,0.6199,0.4109,0.3719,0.5554,-104.48,-8.25,-74.17,-120.41,-38.83,35.42,129.05,0.009,13.84,40.97,SERVOING_READY
68.57,0.5559,-0.1352,0.5021,0.6199,0.4109,0.3719,0.5554,-104.48,-8.25,-74.17,-120.41,-38.83,35.42,129.05,0.009,13.84,40.97,SERVOING_READY
68.69,0.5559,-0.1352,0.5021,0.6199,0.4109,0.3719,0.5554,-104.48,-8.25,-74.17,-120.41,-38.83,35.42,129.05,0.009,13.84,40.97,SERVOING_READY
68.82,0.5559,-0.1352,0.5021,0.6199,0.4109,0.3719,0.5554,-104.48,-8.25,-74.17,-120.41,-38.83,35.42,129.05,0.009,13.84,40.97,SERVOING_READY
68.94,0.5559,-0.1352,0.5021,0.6199,0.4109,0.3719,0.5554,-104.48,-8.25,-74.17,-120.41,-38.83,35.42,129.05,0.009,13.84,40.97,SERVOING_READY
69.07,0.5559,-0.1352,0.5021,0.6199,0.4109,0.3719,0.5554,-104.48,-8.25,-74.17,-120.41,-38.83,35.42,129.05,0.009,13.84,40.97,SERVOING_READY
69.19,0.5559,-0.1352,0.5021,0.6199,0.4109,0.3719,0.5554,-104.48,-8.25,-74.17,-120.41,-38.83,35.42,129.05,0.009,13.84,40.97,SERVOING_READY
69.30,0.5559,-0.1352,0.5021,0.6199,0.4109,0.3719,0.5554,-104.48,-8.25,-74.17,-120.41,-38.83,35.42,129.05,0.009,13.84,40.97,SERVOING_READY
69.42,0.5559,-0.1352,0.5021,0.6199,0.4109,0.3719,0.5554,-104.48,-8.25,-74.17,-120.41,-38.83,35.42,129.05,0.009,13.84,40.97,SERVOING_READY
69.54,0.5559,-0.1352,0.5021,0.6199,0.4109,0.3719,0.5554,-104.48,-8.25,-74.17,-120.41,-38.83,35.42,129.05,0.009,13.84,40.97,SERVOING_READY
69.67,0.5559,-0.1352,0.5021,0.6199,0.4109,0.3719,0.5554,-104.48,-8.25,-74.17,-120.41,-38.83,35.42,129.05,0.009,13.84,40.97,SERVOING_READY
69.79,0.5559,-0.1352,0.5021,0.6199,0.4109,0.3719,0.5554,-104.48,-8.25,-74.17,-120.41,-38.83,35.42,129.05,0.009,13.84,40.97,SERVOING_READY
69.92,0.5559,-0.1352,0.5021,0.6199,0.4109,0.3719,0.5554,-104.48,-8.25,-74.17,-120.41,-38.83,35.42,129.05,0.009,13.84,40.97,SERVOING_READY
70.02,0.5559,-0.1352,0.5021,0.6199,0.4109,0.3719,0.5554,-104.48,-8.25,-74.17,-120.41,-38.83,35.42,129.05,0.009,13.84,40.97,SERVOING_READY
70.14,0.5559,-0.1352,0.5021,0.6199,0.4109,0.3719,0.5554,-104.48,-8.25,-74.17,-120.41,-38.83,35.42,129.05,0.009,13.84,40.97,SERVOING_READY
70.27,0.5559,-0.1352,0.5021,0.6199,0.4109,0.3719,0.5554,-104.48,-8.25,-74.17,-120.41,-38.83,35.42,129.05,0.009,13.84,40.97,SERVOING_READY
70.39,0.5559,-0.1352,0.5021,0.6199,0.4109,0.3719,0.5554,-104.48,-8.25,-74.17,-120.41,-38.83,35.42,129.05,0.009,13.84,40.97,SERVOING_READY
70.52,0.5559,-0.1352,0.5021,0.6199,0.4109,0.3719,0.5554,-104.48,-8.25,-74.17,-120.41,-38.83,35.42,129.05,0.009,13.84,40.97,SERVOING_READY
70.64,0.5559,-0.1352,0.5021,0.6199,0.4109,0.3719,0.5554,-104.48,-8.25,-74.17,-120.41,-38.83,35.42,129.05,0.009,13.84,40.97,SERVOING_READY
70.75,0.5559,-0.1352,0.5021,0.6199,0.4109,0.3719,0.5554,-104.48,-8.25,-74.17,-120.41,-38.83,35.42,129.05,0.009,13.84,40.97,SERVOING_READY
70.87,0.5559,-0.1352,0.5021,0.6199,0.4109,0.3719,0.5554,-104.48,-8.25,-74.17,-120.41,-38.83,35.42,129.05,0.009,13.84,40.97,SERVOING_READY
70.99,0.5559,-0.1352,0.5021,0.6199,0.4109,0.3719,0.5554,-104.48,-8.25,-74.17,-120.41,-38.83,35.42,129.05,0.009,13.84,40.97,SERVOING_READY
71.12,0.5559,-0.1352,0.5021,0.6199,0.4109,0.3719,0.5554,-104.48,-8.25,-74.17,-120.41,-38.83,35.42,129.05,0.009,13.84,40.97,SERVOING_READY
71.24,0.5559,-0.1352,0.5021,0.6199,0.4109,0.3719,0.5554,-104.48,-8.25,-74.17,-120.41,-38.83,35.42,129.05,0.009,13.84,40.97,SERVOING_READY
71.35,0.5559,-0.1352,0.5021,0.6199,0.4109,0.3719,0.5554,-104.48,-8.25,-74.17,-120.41,-38.83,35.42,129.05,0.009,13.84,40.97,SERVOING_READY
71.47,0.5559,-0.1352,0.5021,0.6199,0.4109,0.3719,0.5554,-104.48,-8.25,-74.17,-120.41,-38.83,35.42,129.05,0.009,13.84,40.97,SERVOING_READY
71.59,0.5559,-0.1352,0.5021,0.6199,0.4109,0.3719,0.5554,-104.48,-8.25,-74.17,-120.41,-38.83,35.42,129.05,0.009,13.84,40.97,SERVOING_READY
71.72,0.5559,-0.1352,0.5021,0.6199,0.4109,0.3719,0.5554,-104.48,-8.25,-74.17,-120.41,-38.83,35.42,129.05,0.009,13.84,40.97,SERVOING_READY
71.84,0.5559,-0.1352,0.5021,0.6199,0.4109,0.3719,0.5554,-104.48,-8.25,-74.17,-120.41,-38.83,35.42,129.05,0.009,13.84,40.97,SERVOING_READY
71.97,0.5559,-0.1352,0.5021,0.6199,0.4109,0.3719,0.5554,-104.48,-8.25,-74.17,-120.41,-38.83,35.42,129.05,0.009,13.84,40.97,SERVOING_READY
72.07,0.5559,-0.1352,0.5021,0.6199,0.4109,0.3719,0.5554,-104.48,-8.25,-74.17,-120.41,-38.83,35.42,129.05,0.009,13.84,40.97,SERVOING_READY
72.19,0.5559,-0.1352,0.5021,0.6199,0.4109,0.3719,0.5554,-104.48,-8.25,-74.17,-120.41,-38.83,35.42,129.05,0.009,13.84,40.97,SERVOING_READY
72.32,0.5559,-0.1352,0.5021,0.6199,0.4109,0.3719,0.5554,-104.48,-8.25,-74.17,-120.41,-38.83,35.42,129.05,0.009,13.84,40.97,SERVOING_READY
72.44,0.5559,-0.1352,0.5021,0.6199,0.4109,0.3719,0.5554,-104.48,-8.25,-74.17,-120.41,-38.83,35.42,129.05,0.009,13.84,40.97,SERVOING_READY
72.57,0.5559,-0.1352,0.5021,0.6199,0.4109,0.3719,0.5554,-104.48,-8.25,-74.17,-120.41,-38.83,35.42,129.05,0.009,13.84,40.97,SERVOING_READY
72.69,0.5559,-0.1352,0.5021,0.6199,0.4109,0.3719,0.5554,-104.48,-8.25,-74.17,-120.41,-38.83,35.42,129.05,0.009,13.84,40.97,SERVOING_READY
72.80,0.5559,-0.1352,0.5021,0.6199,0.4109,0.3719,0.5554,-104.48,-8.25,-74.17,-120.41,-38.83,35.42,129.05,0.009,13.84,40.97,SERVOING_READY
72.92,0.5559,-0.1352,0.5021,0.6199,0.4109,0.3719,0.5554,-104.48,-8.25,-74.17,-120.41,-38.83,35.42,129.05,0.009,13.84,40.97,SERVOING_READY
73.04,0.5559,-0.1352,0.5021,0.6199,0.4109,0.3719,0.5554,-104.48,-8.25,-74.17,-120.41,-38.83,35.42,129.05,0.009,13.84,40.97,SERVOING_READY
73.17,0.5559,-0.1352,0.5021,0.6199,0.4109,0.3719,0.5554,-104.48,-8.25,-74.17,-120.41,-38.83,35.42,129.05,0.009,13.84,40.97,SERVOING_READY
73.29,0.5559,-0.1352,0.5021,0.6199,0.4109,0.3719,0.5554,-104.48,-8.25,-74.17,-120.41,-38.83,35.42,129.05,0.009,13.84,40.97,SERVOING_READY
73.42,0.5559,-0.1352,0.5021,0.6199,0.4109,0.3719,0.5554,-104.48,-8.25,-74.17,-120.41,-38.83,35.42,129.05,0.009,13.84,40.97,SERVOING_READY
73.52,0.5559,-0.1352,0.5021,0.6199,0.4109,0.3719,0.5554,-104.48,-8.25,-74.17,-120.41,-38.83,35.42,129.05,0.009,13.84,40.97,SERVOING_READY
73.64,0.5559,-0.1352,0.5021,0.6199,0.4109,0.3719,0.5554,-104.48,-8.25,-74.17,-120.41,-38.83,35.42,129.05,0.009,13.84,40.97,SERVOING_READY
73.77,0.5559,-0.1352,0.5021,0.6199,0.4109,0.3719,0.5554,-104.48,-8.25,-74.17,-120.41,-38.83,35.42,129.05,0.009,13.84,40.97,SERVOING_READY
73.89,0.5559,-0.1352,0.5021,0.6199,0.4109,0.3719,0.5554,-104.48,-8.25,-74.17,-120.41,-38.83,35.42,129.05,0.009,13.84,40.97,SERVOING_READY
74.02,0.5559,-0.1352,0.5021,0.6199,0.4109,0.3719,0.5554,-104.48,-8.25,-74.17,-120.41,-38.83,35.42,129.05,0.009,13.84,40.97,SERVOING_READY
74.14,0.5559,-0.1352,0.5021,0.6199,0.4109,0.3719,0.5554,-104.48,-8.25,-74.17,-120.41,-38.83,35.42,129.05,0.009,13.84,40.97,SERVOING_READY
74.25,0.5559,-0.1352,0.5021,0.6199,0.4109,0.3719,0.5554,-104.48,-8.25,-74.17,-120.41,-38.83,35.42,129.05,0.009,13.84,40.97,SERVOING_READY
74.37,0.5559,-0.1352,0.5021,0.6199,0.4109,0.3719,0.5554,-104.48,-8.25,-74.17,-120.41,-38.83,35.42,129.05,0.009,13.84,40.97,SERVOING_READY
74.49,0.5559,-0.1352,0.5021,0.6199,0.4109,0.3719,0.5554,-104.48,-8.25,-74.17,-120.41,-38.83,35.42,129.05,0.009,13.84,40.97,SERVOING_READY
74.62,0.5559,-0.1352,0.5021,0.6199,0.4109,0.3719,0.5554,-104.48,-8.25,-74.17,-120.41,-38.83,35.42,129.05,0.009,13.84,40.97,SERVOING_READY
74.74,0.5559,-0.1352,0.5021,0.6199,0.4109,0.3719,0.5554,-104.48,-8.25,-74.17,-120.41,-38.83,35.42,129.05,0.009,13.84,40.97,SERVOING_READY
74.85,0.5559,-0.1352,0.5021,0.6199,0.4109,0.3719,0.5554,-104.48,-8.25,-74.17,-120.41,-38.83,35.42,129.05,0.009,13.84,40.97,SERVOING_READY
74.97,0.5559,-0.1352,0.5021,0.6199,0.4109,0.3719,0.5554,-104.48,-8.25,-74.17,-120.41,-38.83,35.42,129.05,0.009,13.84,40.97,SERVOING_READY
75.09,0.5559,-0.1352,0.5021,0.6199,0.4109,0.3719,0.5554,-104.48,-8.25,-74.17,-120.41,-38.83,35.42,129.05,0.009,13.84,40.97,SERVOING_READY
75.22,0.5559,-0.1352,0.5021,0.6199,0.4109,0.3719,0.5554,-104.48,-8.25,-74.17,-120.41,-38.83,35.42,129.05,0.009,13.84,40.97,SERVOING_READY
75.34,0.5559,-0.1352,0.5021,0.6199,0.4109,0.3719,0.5554,-104.48,-8.25,-74.17,-120.41,-38.83,35.42,129.05,0.009,13.84,40.97,SERVOING_READY
75.47,0.5559,-0.1352,0.5021,0.6199,0.4109,0.3719,0.5554,-104.48,-8.25,-74.17,-120.41,-38.83,35.42,129.05,0.009,13.84,40.97,SERVOING_READY
75.57,0.5559,-0.1352,0.5021,0.6199,0.4109,0.3719,0.5554,-104.48,-8.25,-74.17,-120.41,-38.83,35.42,129.05,0.009,13.84,40.97,SERVOING_READY
75.69,0.5559,-0.1352,0.5021,0.6199,0.4109,0.3719,0.5554,-104.48,-8.25,-74.17,-120.41,-38.83,35.42,129.05,0.009,13.84,40.97,SERVOING_READY
75.82,0.5559,-0.1352,0.5021,0.6199,0.4109,0.3719,0.5554,-104.48,-8.25,-74.17,-120.41,-38.83,35.42,129.05,0.009,13.84,40.97,SERVOING_READY
75.94,0.5559,-0.1352,0.5021,0.6199,0.4109,0.3719,0.5554,-104.48,-8.25,-74.17,-120.41,-38.83,35.42,129.05,0.009,13.84,40.97,SERVOING_READY
76.07,0.5559,-0.1352,0.5021,0.6199,0.4109,0.3719,0.5554,-104.48,-8.25,-74.17,-120.41,-38.83,35.42,129.05,0.009,13.84,40.97,SERVOING_READY
76.19,0.5559,-0.1352,0.5021,0.6199,0.4109,0.3719,0.5554,-104.48,-8.25,-74.17,-120.41,-38.83,35.42,129.05,0.009,13.84,40.97,SERVOING_READY
76.30,0.5559,-0.1352,0.5021,0.6199,0.4109,0.3719,0.5554,-104.48,-8.25,-74.17,-120.41,-38.83,35.42,129.05,0.009,13.84,40.97,SERVOING_READY
76.42,0.5559,-0.1352,0.5021,0.6199,0.4109,0.3719,0.5554,-104.48,-8.25,-74.17,-120.41,-38.83,35.42,129.05,0.009,13.84,40.97,SERVOING_READY
76.54,0.5559,-0.1352,0.5021,0.6199,0.4109,0.3719,0.5554,-104.48,-8.25,-74.17,-120.41,-38.83,35.42,129.05,0.009,13.84,40.97,SERVOING_READY
76.67,0.5559,-0.1352,0.5021,0.6199,0.4109,0.3719,0.5554,-104.48,-8.25,-74.17,-120.41,-38.83,35.42,129.05,0.009,13.84,40.97,SERVOING_READY
76.79,0.5559,-0.1352,0.5021,0.6199,0.4109,0.3719,0.5554,-104.48,-8.25,-74.17,-120.41,-38.83,35.42,129.05,0.009,13.84,40.97,SERVOING_READY
76.92,0.5559,-0.1352,0.5021,0.6199,0.4109,0.3719,0.5554,-104.48,-8.25,-74.17,-120.41,-38.83,35.42,129.05,0.009,13.84,40.97,SERVOING_READY
77.02,0.5559,-0.1352,0.5021,0.6199,0.4109,0.3719,0.5554,-104.48,-8.25,-74.17,-120.41,-38.83,35.42,129.05,0.009,13.84,40.97,SERVOING_READY
77.14,0.5559,-0.1352,0.5021,0.6199,0.4109,0.3719,0.5554,-104.48,-8.25,-74.17,-120.41,-38.83,35.42,129.05,0.009,13.84,40.97,SERVOING_READY
77.27,0.5559,-0.1352,0.5021,0.6199,0.4109,0.3719,0.5554,-104.48,-8.25,-74.17,-120.41,-38.83,35.42,129.05,0.009,13.84,40.97,SERVOING_READY
77.39,0.5559,-0.1352,0.5021,0.6199,0.4109,0.3719,0.5554,-104.48,-8.25,-74.17,-120.41,-38.83,35.42,129.05,0.009,13.84,40.97,SERVOING_READY
77.52,0.5559,-0.1352,0.5021,0.6199,0.4109,0.3719,0.5554,-104.48,-8.25,-74.17,-120.41,-38.83,35.42,129.05,0.009,13.84,40.97,SERVOING_READY
77.64,0.5559,-0.1352,0.5021,0.6199,0.4109,0.3719,0.5554,-104.48,-8.25,-74.17,-120.41,-38.83,35.42,129.05,0.009,13.84,40.97,SERVOING_READY
77.75,0.5559,-0.1352,0.5021,0.6199,0.4109,0.3719,0.5554,-104.48,-8.25,-74.17,-120.41,-38.83,35.42,129.05,0.009,13.84,40.97,SERVOING_READY
77.87,0.5559,-0.1352,0.5021,0.6199,0.4109,0.3719,0.5554,-104.48,-8.25,-74.17,-120.41,-38.83,35.42,129.05,0.009,13.84,40.97,SERVOING_READY
77.99,0.5559,-0.1352,0.5021,0.6199,0.4109,0.3719,0.5554,-104.48,-8.25,-74.17,-120.41,-38.83,35.42,129.05,0.009,13.84,40.97,SERVOING_READY
78.12,0.5559,-0.1352,0.5021,0.6199,0.4109,0.3719,0.5554,-104.48,-8.25,-74.17,-120.41,-38.83,35.42,129.05,0.009,13.84,40.97,SERVOING_READY
78.24,0.5559,-0.1352,0.5021,0.6199,0.4109,0.3719,0.5554,-104.48,-8.25,-74.17,-120.41,-38.83,35.42,129.05,0.009,13.84,40.97,SERVOING_READY
78.35,0.5559,-0.1352,0.5021,0.6199,0.4109,0.3719,0.5554,-104.48,-8.25,-74.17,-120.41,-38.83,35.42,129.05,0.009,13.84,40.97,SERVOING_READY
78.47,0.5559,-0.1352,0.5021,0.6199,0.4109,0.3719,0.5554,-104.48,-8.25,-74.17,-120.41,-38.83,35.42,129.05,0.009,13.84,40.97,SERVOING_READY
78.59,0.5559,-0.1352,0.5021,0.6199,0.4109,0.3719,0.5554,-104.48,-8.25,-74.17,-120.41,-38.83,35.42,129.05,0.009,13.84,40.97,SERVOING_READY
78.72,0.5559,-0.1352,0.5021,0.6199,0.4109,0.3719,0.5554,-104.48,-8.25,-74.17,-120.41,-38.83,35.42,129.05,0.009,13.84,40.97,SERVOING_READY
78.84,0.5559,-0.1352,0.5021,0.6199,0.4109,0.3719,0.5554,-104.48,-8.25,-74.17,-120.41,-38.83,35.42,129.05,0.009,13.84,40.97,SERVOING_READY
78.97,0.5559,-0.1352,0.5021,0.6199,0.4109,0.3719,0.5554,-104.48,-8.25,-74.17,-120.41,-38.83,35.42,129.05,0.009,13.84,40.97,SERVOING_READY
79.07,0.5559,-0.1352,0.5021,0.6199,0.4109,0.3719,0.5554,-104.48,-8.25,-74.17,-120.41,-38.83,35.42,129.05,0.009,13.84,40.97,SERVOING_READY
79.19,0.5559,-0.1352,0.5021,0.6199,0.4109,0.3719,0.5554,-104.48,-8.25,-74.17,-120.41,-38.83,35.42,129.05,0.009,13.84,40.97,SERVOING_READY
79.32,0.5559,-0.1352,0.5021,0.6199,0.4109,0.3719,0.5554,-104.48,-8.25,-74.17,-120.41,-38.83,35.42,129.05,0.009,13.84,40.97,SERVOING_READY
79.44,0.5559,-0.1352,0.5021,0.6199,0.4109,0.3719,0.5554,-104.48,-8.25,-74.17,-120.41,-38.83,35.42,129.05,0.009,13.84,40.97,SERVOING_READY
79.57,0.5559,-0.1352,0.5021,0.6199,0.4109,0.3719,0.5554,-104.48,-8.25,-74.17,-120.41,-38.83,35.42,129.05,0.009,13.84,40.97,SERVOING_READY
79.69,0.5559,-0.1352,0.5021,0.6199,0.4109,0.3719,0.5554,-104.48,-8.25,-74.17,-120.41,-38.83,35.42,129.05,0.009,13.84,40.97,SERVOING_READY
79.80,0.5559,-0.1352,0.5021,0.6199,0.4109,0.3719,0.5554,-104.48,-8.25,-74.17,-120.41,-38.83,35.42,129.05,0.009,13.84,40.97,SERVOING_READY
79.92,0.5559,-0.1352,0.5021,0.6199,0.4109,0.3719,0.5554,-104.48,-8.25,-74.17,-120.41,-38.83,35.42,129.05,0.009,13.84,40.97,SERVOING_READY
80.04,0.5559,-0.1352,0.5021,0.6199,0.4109,0.3719,0.5554,-104.48,-8.25,-74.17,-120.41,-38.83,35.42,129.05,0.009,13.84,40.97,SERVOING_READY
80.17,0.5559,-0.1352,0.5021,0.6199,0.4109,0.3719,0.5554,-104.48,-8.25,-74.17,-120.41,-38.83,35.42,129.05,0.009,13.84,40.97,SERVOING_READY
80.29,0.5559,-0.1352,0.5021,0.6199,0.4109,0.3719,0.5554,-104.48,-8.25,-74.17,-120.41,-38.83,35.42,129.05,0.009,13.84,40.97,SERVOING_READY
80.42,0.5559,-0.1352,0.5021,0.6199,0.4109,0.3719,0.5554,-104.48,-8.25,-74.17,-120.41,-38.83,35.42,129.05,0.009,13.84,40.97,SERVOING_READY
80.52,0.5559,-0.1352,0.5021,0.6199,0.4109,0.3719,0.5554,-104.48,-8.25,-74.17,-120.41,-38.83,35.42,129.05,0.009,13.84,40.97,SERVOING_READY
80.64,0.5559,-0.1352,0.5021,0.6199,0.4109,0.3719,0.5554,-104.48,-8.25,-74.17,-120.41,-38.83,35.42,129.05,0.009,13.84,40.97,SERVOING_READY
80.77,0.5559,-0.1352,0.5021,0.6199,0.4109,0.3719,0.5554,-104.48,-8.25,-74.17,-120.41,-38.83,35.42,129.05,0.009,13.84,40.97,SERVOING_READY
80.89,0.5559,-0.1352,0.5021,0.6199,0.4109,0.3719,0.5554,-104.48,-8.25,-74.17,-120.41,-38.83,35.42,129.05,0.009,13.84,40.97,SERVOING_READY
81.02,0.5559,-0.1352,0.5021,0.6199,0.4109,0.3719,0.5554,-104.48,-8.25,-74.17,-120.41,-38.83,35.42,129.05,0.009,13.84,40.97,SERVOING_READY
81.14,0.5559,-0.1352,0.5021,0.6199,0.4109,0.3719,0.5554,-104.48,-8.25,-74.17,-120.41,-38.83,35.42,129.05,0.009,13.84,40.97,SERVOING_READY
81.25,0.5559,-0.1352,0.5021,0.6199,0.4109,0.3719,0.5554,-104.48,-8.25,-74.17,-120.41,-38.83,35.42,129.05,0.009,13.84,40.97,SERVOING_READY
81.37,0.5559,-0.1352,0.5021,0.6199,0.4109,0.3719,0.5554,-104.48,-8.25,-74.17,-120.41,-38.83,35.42,129.05,0.009,13.84,40.97,SERVOING_READY
81.49,0.5559,-0.1352,0.5021,0.6199,0.4109,0.3719,0.5554,-104.48,-8.25,-74.17,-120.41,-38.83,35.42,129.05,0.009,13.84,40.97,SERVOING_READY
81.62,0.5559,-0.1352,0.5021,0.6199,0.4109,0.3719,0.5554,-104.48,-8.25,-74.17,-120.41,-38.83,35.42,129.05,0.009,13.84,40.97,SERVOING_READY
81.74,0.5559,-0.1352,0.5021,0.6199,0.4109,0.3719,0.5554,-104.48,-8.25,-74.17,-120.41,-38.83,35.42,129.05,0.009,13.84,40.97,SERVOING_READY
81.85,0.5559,-0.1352,0.5021,0.6199,0.4109,0.3719,0.5554,-104.48,-8.25,-74.17,-120.41,-38.83,35.42,129.05,0.009,13.84,40.97,SERVOING_READY
81.97,0.5559,-0.1352,0.5021,0.6199,0.4109,0.3719,0.5554,-104.48,-8.25,-74.17,-120.41,-38.83,35.42,129.05,0.009,13.84,40.97,SERVOING_READY
82.09,0.5559,-0.1352,0.5021,0.6199,0.4109,0.3719,0.5554,-104.48,-8.25,-74.17,-120.41,-38.83,35.42,129.05,0.009,13.84,40.97,SERVOING_READY
82.22,0.5559,-0.1352,0.5021,0.6199,0.4109,0.3719,0.5554,-104.48,-8.25,-74.17,-120.41,-38.83,35.42,129.05,0.009,13.84,40.97,SERVOING_READY
82.34,0.5559,-0.1352,0.5021,0.6199,0.4109,0.3719,0.5554,-104.48,-8.25,-74.17,-120.41,-38.83,35.42,129.05,0.009,13.84,40.97,SERVOING_READY
82.47,0.5559,-0.1352,0.5021,0.6199,0.4109,0.3719,0.5554,-104.48,-8.25,-74.17,-120.41,-38.83,35.42,129.05,0.009,13.84,40.97,SERVOING_READY
82.57,0.5559,-0.1352,0.5021,0.6199,0.4109,0.3719,0.5554,-104.48,-8.25,-74.17,-120.41,-38.83,35.42,129.05,0.009,13.84,40.97,SERVOING_READY
82.69,0.5559,-0.1352,0.5021,0.6199,0.4109,0.3719,0.5554,-104.48,-8.25,-74.17,-120.41,-38.83,35.42,129.05,0.009,13.84,40.97,SERVOING_READY
82.82,0.5559,-0.1352,0.5021,0.6199,0.4109,0.3719,0.5554,-104.48,-8.25,-74.17,-120.41,-38.83,35.42,129.05,0.009,13.84,40.97,SERVOING_READY
82.94,0.5559,-0.1352,0.5021,0.6199,0.4109,0.3719,0.5554,-104.48,-8.25,-74.17,-120.41,-38.83,35.42,129.05,0.009,13.84,40.97,SERVOING_READY
83.05,0.5559,-0.1352,0.5021,0.6199,0.4109,0.3719,0.5554,-104.48,-8.25,-74.17,-120.41,-38.83,35.42,129.05,0.009,13.84,40.97,SERVOING_READY
83.17,0.5559,-0.1352,0.5021,0.6199,0.4109,0.3719,0.5554,-104.48,-8.25,-74.17,-120.41,-38.83,35.42,129.05,0.009,13.84,40.97,SERVOING_READY
83.30,0.5559,-0.1352,0.5021,0.6199,0.4109,0.3719,0.5554,-104.48,-8.25,-74.17,-120.41,-38.83,35.42,129.05,0.009,13.84,40.97,SERVOING_READY
83.42,0.5559,-0.1352,0.5021,0.6199,0.4109,0.3719,0.5554,-104.48,-8.25,-74.17,-120.41,-38.83,35.42,129.05,0.009,13.84,40.97,SERVOING_READY
83.54,0.5559,-0.1352,0.5021,0.6199,0.4109,0.3719,0.5554,-104.48,-8.25,-74.17,-120.41,-38.83,35.42,129.05,0.009,13.84,40.97,SERVOING_READY
83.67,0.5559,-0.1352,0.5021,0.6199,0.4109,0.3719,0.5554,-104.48,-8.25,-74.17,-120.41,-38.83,35.42,129.05,0.009,13.84,40.97,SERVOING_READY
83.79,0.5559,-0.1352,0.5021,0.6199,0.4109,0.3719,0.5554,-104.48,-8.25,-74.17,-120.41,-38.83,35.42,129.05,0.009,13.84,40.97,SERVOING_READY
83.92,0.5559,-0.1352,0.5021,0.6199,0.4109,0.3719,0.5554,-104.48,-8.25,-74.17,-120.41,-38.83,35.42,129.05,0.009,13.84,40.97,SERVOING_READY
84.02,0.5559,-0.1352,0.5021,0.6199,0.4109,0.3719,0.5554,-104.48,-8.25,-74.17,-120.41,-38.83,35.42,129.05,0.009,13.84,40.97,SERVOING_READY
84.14,0.5559,-0.1352,0.5021,0.6199,0.4109,0.3719,0.5554,-104.48,-8.25,-74.17,-120.41,-38.83,35.42,129.05,0.009,13.84,40.97,SERVOING_READY
84.27,0.5559,-0.1352,0.5021,0.6199,0.4109,0.3719,0.5554,-104.48,-8.25,-74.17,-120.41,-38.83,35.42,129.05,0.009,13.84,40.97,SERVOING_READY
84.39,0.5559,-0.1352,0.5021,0.6199,0.4109,0.3719,0.5554,-104.48,-8.25,-74.17,-120.41,-38.83,35.42,129.05,0.009,13.84,40.97,SERVOING_READY
84.52,0.5559,-0.1352,0.5021,0.6199,0.4109,0.3719,0.5554,-104.48,-8.25,-74.17,-120.41,-38.83,35.42,129.05,0.009,13.84,40.97,SERVOING_READY
84.64,0.5559,-0.1352,0.5021,0.6199,0.4109,0.3719,0.5554,-104.48,-8.25,-74.17,-120.41,-38.83,35.42,129.05,0.009,13.84,40.97,SERVOING_READY
84.75,0.5559,-0.1352,0.5021,0.6199,0.4109,0.3719,0.5554,-104.48,-8.25,-74.17,-120.41,-38.83,35.42,129.05,0.009,13.84,40.97,SERVOING_READY
84.87,0.5559,-0.1352,0.5021,0.6199,0.4109,0.3719,0.5554,-104.48,-8.25,-74.17,-120.41,-38.83,35.42,129.05,0.009,13.84,40.97,SERVOING_READY
84.99,0.5559,-0.1352,0.5021,0.6199,0.4109,0.3719,0.5554,-104.48,-8.25,-74.17,-120.41,-38.83,35.42,129.05,0.009,13.84,40.97,SERVOING_READY
85.12,0.5559,-0.1352,0.5021,0.6199,0.4109,0.3719,0.5554,-104.48,-8.25,-74.17,-120.41,-38.83,35.42,129.05,0.009,13.84,40.97,SERVOING_READY
85.24,0.5559,-0.1352,0.5021,0.6199,0.4109,0.3719,0.5554,-104.48,-8.25,-74.17,-120.41,-38.83,35.42,129.05,0.009,13.84,40.97,SERVOING_READY
85.35,0.5559,-0.1352,0.5021,0.6199,0.4109,0.3719,0.5554,-104.48,-8.25,-74.17,-120.41,-38.83,35.42,129.05,0.009,13.84,40.97,SERVOING_READY
85.47,0.5559,-0.1352,0.5021,0.6199,0.4109,0.3719,0.5554,-104.48,-8.25,-74.17,-120.41,-38.83,35.42,129.05,0.009,13.84,40.97,SERVOING_READY
85.59,0.5559,-0.1352,0.5021,0.6199,0.4109,0.3719,0.5554,-104.48,-8.25,-74.17,-120.41,-38.83,35.42,129.05,0.009,13.84,40.97,SERVOING_READY
85.72,0.5559,-0.1352,0.5021,0.6199,0.4109,0.3719,0.5554,-104.48,-8.25,-74.17,-120.41,-38.83,35.42,129.05,0.009,13.84,40.97,SERVOING_READY
85.84,0.5559,-0.1352,0.5021,0.6199,0.4109,0.3719,0.5554,-104.48,-8.25,-74.17,-120.41,-38.83,35.42,129.05,0.009,13.84,40.97,SERVOING_READY
85.97,0.5559,-0.1352,0.5021,0.6199,0.4109,0.3719,0.5554,-104.48,-8.25,-74.17,-120.41,-38.83,35.42,129.05,0.009,13.84,40.97,SERVOING_READY
86.07,0.5559,-0.1352,0.5021,0.6199,0.4109,0.3719,0.5554,-104.48,-8.25,-74.17,-120.41,-38.83,35.42,129.05,0.009,13.84,40.97,SERVOING_READY
86.19,0.5559,-0.1352,0.5021,0.6199,0.4109,0.3719,0.5554,-104.48,-8.25,-74.17,-120.41,-38.83,35.42,129.05,0.009,13.84,40.97,SERVOING_READY
86.32,0.5559,-0.1352,0.5021,0.6199,0.4109,0.3719,0.5554,-104.48,-8.25,-74.17,-120.41,-38.83,35.42,129.05,0.009,13.84,40.97,SERVOING_READY
86.44,0.5559,-0.1352,0.5021,0.6199,0.4109,0.3719,0.5554,-104.48,-8.25,-74.17,-120.41,-38.83,35.42,129.05,0.009,13.84,40.97,SERVOING_READY
86.57,0.5559,-0.1352,0.5021,0.6199,0.4109,0.3719,0.5554,-104.48,-8.25,-74.17,-120.41,-38.83,35.42,129.05,0.009,13.84,40.97,SERVOING_READY
86.69,0.5559,-0.1352,0.5021,0.6199,0.4109,0.3719,0.5554,-104.48,-8.25,-74.17,-120.41,-38.83,35.42,129.05,0.009,13.84,40.97,SERVOING_READY
86.80,0.5559,-0.1352,0.5021,0.6199,0.4109,0.3719,0.5554,-104.48,-8.25,-74.17,-120.41,-38.83,35.42,129.05,0.009,13.84,40.97,SERVOING_READY
86.92,0.5559,-0.1352,0.5021,0.6199,0.4109,0.3719,0.5554,-104.48,-8.25,-74.17,-120.41,-38.83,35.42,129.05,0.009,13.84,40.97,SERVOING_READY
87.04,0.5559,-0.1352,0.5021,0.6199,0.4109,0.3719,0.5554,-104.48,-8.25,-74.17,-120.41,-38.83,35.42,129.05,0.009,13.84,40.97,SERVOING_READY
87.17,0.5559,-0.1352,0.5021,0.6199,0.4109,0.3719,0.5554,-104.48,-8.25,-74.17,-120.41,-38.83,35.42,129.05,0.009,13.84,40.97,SERVOING_READY
87.29,0.5559,-0.1352,0.5021,0.6199,0.4109,0.3719,0.5554,-104.48,-8.25,-74.17,-120.41,-38.83,35.42,129.05,0.009,13.84,40.97,SERVOING_READY
87.42,0.5559,-0.1352,0.5021,0.6199,0.4109,0.3719,0.5554,-104.48,-8.25,-74.17,-120.41,-38.83,35.42,129.05,0.009,13.84,40.97,SERVOING_READY
87.53,0.5559,-0.1352,0.5021,0.6199,0.4109,0.3719,0.5554,-104.48,-8.25,-74.17,-120.41,-38.83,35.42,129.05,0.009,13.84,40.97,SERVOING_READY
87.64,0.5559,-0.1352,0.5021,0.6199,0.4109,0.3719,0.5554,-104.48,-8.25,-74.17,-120.41,-38.83,35.42,129.05,0.009,13.84,40.97,SERVOING_READY
87.77,0.5559,-0.1352,0.5021,0.6199,0.4109,0.3719,0.5554,-104.48,-8.25,-74.17,-120.41,-38.83,35.42,129.05,0.009,13.84,40.97,SERVOING_READY
87.89,0.5559,-0.1352,0.5021,0.6199,0.4109,0.3719,0.5554,-104.48,-8.25,-74.17,-120.41,-38.83,35.42,129.05,0.009,13.84,40.97,SERVOING_READY
88.02,0.5559,-0.1352,0.5021,0.6199,0.4109,0.3719,0.5554,-104.48,-8.25,-74.17,-120.41,-38.83,35.42,129.05,0.009,13.84,40.97,SERVOING_READY
88.14,0.5559,-0.1352,0.5021,0.6199,0.4109,0.3719,0.5554,-104.48,-8.25,-74.17,-120.41,-38.83,35.42,129.05,0.009,13.84,40.97,SERVOING_READY
88.25,0.5559,-0.1352,0.5021,0.6199,0.4109,0.3719,0.5554,-104.48,-8.25,-74.17,-120.41,-38.83,35.42,129.05,0.009,13.84,40.97,SERVOING_READY
88.37,0.5559,-0.1352,0.5021,0.6199,0.4109,0.3719,0.5554,-104.48,-8.25,-74.17,-120.41,-38.83,35.42,129.05,0.009,13.84,40.97,SERVOING_READY
88.49,0.5559,-0.1352,0.5021,0.6199,0.4109,0.3719,0.5554,-104.48,-8.25,-74.17,-120.41,-38.83,35.42,129.05,0.009,13.84,40.97,SERVOING_READY
88.62,0.5559,-0.1352,0.5021,0.6199,0.4109,0.3719,0.5554,-104.48,-8.25,-74.17,-120.41,-38.83,35.42,129.05,0.009,13.84,40.97,SERVOING_READY
88.74,0.5559,-0.1352,0.5021,0.6199,0.4109,0.3719,0.5554,-104.48,-8.25,-74.17,-120.41,-38.83,35.42,129.05,0.009,13.84,40.97,SERVOING_READY
88.85,0.5559,-0.1352,0.5021,0.6199,0.4109,0.3719,0.5554,-104.48,-8.25,-74.17,-120.41,-38.83,35.42,129.05,0.009,13.84,40.97,SERVOING_READY
88.97,0.5559,-0.1352,0.5021,0.6199,0.4109,0.3719,0.5554,-104.48,-8.25,-74.17,-120.41,-38.83,35.42,129.05,0.009,13.84,40.97,SERVOING_READY
89.09,0.5559,-0.1352,0.5021,0.6199,0.4109,0.3719,0.5554,-104.48,-8.25,-74.17,-120.41,-38.83,35.42,129.05,0.009,13.84,40.97,SERVOING_READY
89.22,0.5559,-0.1352,0.5021,0.6199,0.4109,0.3719,0.5554,-104.48,-8.25,-74.17,-120.41,-38.83,35.42,129.05,0.009,13.84,40.97,SERVOING_READY
89.34,0.5559,-0.1352,0.5021,0.6199,0.4109,0.3719,0.5554,-104.48,-8.25,-74.17,-120.41,-38.83,35.42,129.05,0.009,13.84,40.97,SERVOING_READY
89.47,0.5559,-0.1352,0.5021,0.6199,0.4109,0.3719,0.5554,-104.48,-8.25,-74.17,-120.41,-38.83,35.42,129.05,0.009,13.84,40.97,SERVOING_READY
89.57,0.5559,-0.1352,0.5021,0.6199,0.4109,0.3719,0.5554,-104.48,-8.25,-74.17,-120.41,-38.83,35.42,129.05,0.009,13.84,40.97,SERVOING_READY
89.69,0.5559,-0.1352,0.5021,0.6199,0.4109,0.3719,0.5554,-104.48,-8.25,-74.17,-120.41,-38.83,35.42,129.05,0.009,13.84,40.97,SERVOING_READY
89.82,0.5559,-0.1352,0.5021,0.6199,0.4109,0.3719,0.5554,-104.48,-8.25,-74.17,-120.41,-38.83,35.42,129.05,0.009,13.84,40.97,SERVOING_READY
89.94,0.5559,-0.1352,0.5021,0.6199,0.4109,0.3719,0.5554,-104.48,-8.25,-74.17,-120.41,-38.83,35.42,129.05,0.009,13.84,40.97,SERVOING_READY
90.05,0.5559,-0.1352,0.5021,0.6199,0.4109,0.3719,0.5554,-104.48,-8.25,-74.17,-120.41,-38.83,35.42,129.05,0.009,13.84,40.97,SERVOING_READY
90.17,0.5559,-0.1352,0.5021,0.6199,0.4109,0.3719,0.5554,-104.48,-8.25,-74.17,-120.41,-38.83,35.42,129.05,0.009,13.84,40.97,SERVOING_READY
90.30,0.5559,-0.1352,0.5021,0.6199,0.4109,0.3719,0.5554,-104.48,-8.25,-74.17,-120.41,-38.83,35.42,129.05,0.009,13.84,40.97,SERVOING_READY
90.42,0.5559,-0.1352,0.5021,0.6199,0.4109,0.3719,0.5554,-104.48,-8.25,-74.17,-120.41,-38.83,35.42,129.05,0.009,13.84,40.97,SERVOING_READY
90.54,0.5559,-0.1352,0.5021,0.6199,0.4109,0.3719,0.5554,-104.48,-8.25,-74.17,-120.41,-38.83,35.42,129.05,0.009,13.84,40.97,SERVOING_READY
90.67,0.5559,-0.1352,0.5021,0.6199,0.4109,0.3719,0.5554,-104.48,-8.25,-74.17,-120.41,-38.83,35.42,129.05,0.009,13.84,40.97,SERVOING_READY
90.79,0.5559,-0.1352,0.5021,0.6199,0.4109,0.3719,0.5554,-104.48,-8.25,-74.17,-120.41,-38.83,35.42,129.05,0.009,13.84,40.97,SERVOING_READY
90.92,0.5559,-0.1352,0.5021,0.6199,0.4109,0.3719,0.5554,-104.48,-8.25,-74.17,-120.41,-38.83,35.42,129.05,0.009,13.84,40.97,SERVOING_READY
91.02,0.5559,-0.1352,0.5021,0.6199,0.4109,0.3719,0.5554,-104.48,-8.25,-74.17,-120.41,-38.83,35.42,129.05,0.009,13.84,40.97,SERVOING_READY
91.14,0.5559,-0.1352,0.5021,0.6199,0.4109,0.3719,0.5554,-104.48,-8.25,-74.17,-120.41,-38.83,35.42,129.05,0.009,13.84,40.97,SERVOING_READY
91.27,0.5559,-0.1352,0.5021,0.6199,0.4109,0.3719,0.5554,-104.48,-8.25,-74.17,-120.41,-38.83,35.42,129.05,0.009,13.84,40.97,SERVOING_READY
91.39,0.5559,-0.1352,0.5021,0.6199,0.4109,0.3719,0.5554,-104.48,-8.25,-74.17,-120.41,-38.83,35.42,129.05,0.009,13.84,40.97,SERVOING_READY
91.52,0.5559,-0.1352,0.5021,0.6199,0.4109,0.3719,0.5554,-104.48,-8.25,-74.17,-120.41,-38.83,35.42,129.05,0.009,13.84,40.97,SERVOING_READY
91.64,0.5559,-0.1352,0.5021,0.6199,0.4109,0.3719,0.5554,-104.48,-8.25,-74.17,-120.41,-38.83,35.42,129.05,0.009,13.84,40.97,SERVOING_READY
91.75,0.5559,-0.1352,0.5021,0.6199,0.4109,0.3719,0.5554,-104.48,-8.25,-74.17,-120.41,-38.83,35.42,129.05,0.009,13.84,40.97,SERVOING_READY
91.87,0.5559,-0.1352,0.5021,0.6199,0.4109,0.3719,0.5554,-104.48,-8.25,-74.17,-120.41,-38.83,35.42,129.05,0.009,13.84,40.97,SERVOING_READY
91.99,0.5559,-0.1352,0.5021,0.6199,0.4109,0.3719,0.5554,-104.48,-8.25,-74.17,-120.41,-38.83,35.42,129.05,0.009,13.84,40.97,SERVOING_READY
92.12,0.5559,-0.1352,0.5021,0.6199,0.4109,0.3719,0.5554,-104.48,-8.25,-74.17,-120.41,-38.83,35.42,129.05,0.009,13.84,40.97,SERVOING_READY
92.24,0.5559,-0.1352,0.5021,0.6199,0.4109,0.3719,0.5554,-104.48,-8.25,-74.17,-120.41,-38.83,35.42,129.05,0.009,13.84,40.97,SERVOING_READY
92.35,0.5559,-0.1352,0.5021,0.6199,0.4109,0.3719,0.5554,-104.48,-8.25,-74.17,-120.41,-38.83,35.42,129.05,0.009,13.84,40.97,SERVOING_READY
92.47,0.5559,-0.1352,0.5021,0.6199,0.4109,0.3719,0.5554,-104.48,-8.25,-74.17,-120.41,-38.83,35.42,129.05,0.009,13.84,40.97,SERVOING_READY
92.59,0.5559,-0.1352,0.5021,0.6199,0.4109,0.3719,0.5554,-104.48,-8.25,-74.17,-120.41,-38.83,35.42,129.05,0.009,13.84,40.97,SERVOING_READY
92.72,0.5559,-0.1352,0.5021,0.6199,0.4109,0.3719,0.5554,-104.48,-8.25,-74.17,-120.41,-38.83,35.42,129.05,0.009,13.84,40.97,SERVOING_READY
92.84,0.5559,-0.1352,0.5021,0.6199,0.4109,0.3719,0.5554,-104.48,-8.25,-74.17,-120.41,-38.83,35.42,129.05,0.009,13.84,40.97,SERVOING_READY
92.97,0.5559,-0.1352,0.5021,0.6199,0.4109,0.3719,0.5554,-104.48,-8.25,-74.17,-120.41,-38.83,35.42,129.05,0.009,13.84,40.97,SERVOING_READY
93.07,0.5559,-0.1352,0.5021,0.6199,0.4109,0.3719,0.5554,-104.48,-8.25,-74.17,-120.41,-38.83,35.42,129.05,0.009,13.84,40.97,SERVOING_READY
93.19,0.5559,-0.1352,0.5021,0.6199,0.4109,0.3719,0.5554,-104.48,-8.25,-74.17,-120.41,-38.83,35.42,129.05,0.009,13.84,40.97,SERVOING_READY
93.32,0.5559,-0.1352,0.5021,0.6199,0.4109,0.3719,0.5554,-104.48,-8.25,-74.17,-120.41,-38.83,35.42,129.05,0.009,13.84,40.97,SERVOING_READY
93.44,0.5559,-0.1352,0.5021,0.6199,0.4109,0.3719,0.5554,-104.48,-8.25,-74.17,-120.41,-38.83,35.42,129.05,0.009,13.84,40.97,SERVOING_READY
93.57,0.5559,-0.1352,0.5021,0.6199,0.4109,0.3719,0.5554,-104.48,-8.25,-74.17,-120.41,-38.83,35.42,129.05,0.009,13.84,40.97,SERVOING_READY
93.69,0.5559,-0.1352,0.5021,0.6199,0.4109,0.3719,0.5554,-104.48,-8.25,-74.17,-120.41,-38.83,35.42,129.05,0.009,13.84,40.97,SERVOING_READY
93.80,0.5559,-0.1352,0.5021,0.6199,0.4109,0.3719,0.5554,-104.48,-8.25,-74.17,-120.41,-38.83,35.42,129.05,0.009,13.84,40.97,SERVOING_READY
93.92,0.5559,-0.1352,0.5021,0.6199,0.4109,0.3719,0.5554,-104.48,-8.25,-74.17,-120.41,-38.83,35.42,129.05,0.009,13.84,40.97,SERVOING_READY
94.04,0.5559,-0.1352,0.5021,0.6199,0.4109,0.3719,0.5554,-104.48,-8.25,-74.17,-120.41,-38.83,35.42,129.05,0.009,13.84,40.97,SERVOING_READY
94.17,0.5559,-0.1352,0.5021,0.6199,0.4109,0.3719,0.5554,-104.48,-8.25,-74.17,-120.41,-38.83,35.42,129.05,0.009,13.84,40.97,SERVOING_READY
94.29,0.5559,-0.1352,0.5021,0.6199,0.4109,0.3719,0.5554,-104.48,-8.25,-74.17,-120.41,-38.83,35.42,129.05,0.009,13.84,40.97,SERVOING_READY
94.42,0.5559,-0.1352,0.5021,0.6199,0.4109,0.3719,0.5554,-104.48,-8.25,-74.17,-120.41,-38.83,35.42,129.05,0.009,13.84,40.97,SERVOING_READY
94.52,0.5559,-0.1352,0.5021,0.6199,0.4109,0.3719,0.5554,-104.48,-8.25,-74.17,-120.41,-38.83,35.42,129.05,0.009,13.84,40.97,SERVOING_READY
94.64,0.5559,-0.1352,0.5021,0.6199,0.4109,0.3719,0.5554,-104.48,-8.25,-74.17,-120.41,-38.83,35.42,129.05,0.009,13.84,40.97,SERVOING_READY
94.77,0.5559,-0.1352,0.5021,0.6199,0.4109,0.3719,0.5554,-104.48,-8.25,-74.17,-120.41,-38.83,35.42,129.05,0.009,13.84,40.97,SERVOING_READY
94.89,0.5559,-0.1352,0.5021,0.6199,0.4109,0.3719,0.5554,-104.48,-8.25,-74.17,-120.41,-38.83,35.42,129.05,0.009,13.84,40.97,SERVOING_READY
95.02,0.5559,-0.1352,0.5021,0.6199,0.4109,0.3719,0.5554,-104.48,-8.25,-74.17,-120.41,-38.83,35.42,129.05,0.009,13.84,40.97,SERVOING_READY
95.14,0.5559,-0.1352,0.5021,0.6199,0.4109,0.3719,0.5554,-104.48,-8.25,-74.17,-120.41,-38.83,35.42,129.05,0.009,13.84,40.97,SERVOING_READY
95.25,0.5559,-0.1352,0.5021,0.6199,0.4109,0.3719,0.5554,-104.48,-8.25,-74.17,-120.41,-38.83,35.42,129.05,0.009,13.84,40.97,SERVOING_READY
95.37,0.5559,-0.1352,0.5021,0.6199,0.4109,0.3719,0.5554,-104.48,-8.25,-74.17,-120.41,-38.83,35.42,129.05,0.009,13.84,40.97,SERVOING_READY
95.49,0.5559,-0.1352,0.5021,0.6199,0.4109,0.3719,0.5554,-104.48,-8.25,-74.17,-120.41,-38.83,35.42,129.05,0.009,13.84,40.97,SERVOING_READY
95.62,0.5559,-0.1352,0.5021,0.6199,0.4109,0.3719,0.5554,-104.48,-8.25,-74.17,-120.41,-38.83,35.42,129.05,0.009,13.84,40.97,SERVOING_READY
95.74,0.5559,-0.1352,0.5021,0.6199,0.4109,0.3719,0.5554,-104.48,-8.25,-74.17,-120.41,-38.83,35.42,129.05,0.009,13.84,40.97,SERVOING_READY
95.85,0.5559,-0.1352,0.5021,0.6199,0.4109,0.3719,0.5554,-104.48,-8.25,-74.17,-120.41,-38.83,35.42,129.05,0.009,13.84,40.97,SERVOING_READY
95.97,0.5559,-0.1352,0.5021,0.6199,0.4109,0.3719,0.5554,-104.48,-8.25,-74.17,-120.41,-38.83,35.42,129.05,0.009,13.84,40.97,SERVOING_READY
96.09,0.5559,-0.1352,0.5021,0.6199,0.4109,0.3719,0.5554,-104.48,-8.25,-74.17,-120.41,-38.83,35.42,129.05,0.009,13.84,40.97,SERVOING_READY
96.22,0.5559,-0.1352,0.5021,0.6199,0.4109,0.3719,0.5554,-104.48,-8.25,-74.17,-120.41,-38.83,35.42,129.05,0.009,13.84,40.97,SERVOING_READY
96.34,0.5559,-0.1352,0.5021,0.6199,0.4109,0.3719,0.5554,-104.48,-8.25,-74.17,-120.41,-38.83,35.42,129.05,0.009,13.84,40.97,SERVOING_READY
96.47,0.5559,-0.1352,0.5021,0.6199,0.4109,0.3719,0.5554,-104.48,-8.25,-74.17,-120.41,-38.83,35.42,129.05,0.009,13.84,40.97,SERVOING_READY
96.57,0.5559,-0.1352,0.5021,0.6199,0.4109,0.3719,0.5554,-104.48,-8.25,-74.17,-120.41,-38.83,35.42,129.05,0.009,13.84,40.97,SERVOING_READY
96.69,0.5559,-0.1352,0.5021,0.6199,0.4109,0.3719,0.5554,-104.48,-8.25,-74.17,-120.41,-38.83,35.42,129.05,0.009,13.84,40.97,SERVOING_READY
96.82,0.5559,-0.1352,0.5021,0.6199,0.4109,0.3719,0.5554,-104.48,-8.25,-74.17,-120.41,-38.83,35.42,129.05,0.009,13.84,40.97,SERVOING_READY
96.94,0.5559,-0.1352,0.5021,0.6199,0.4109,0.3719,0.5554,-104.48,-8.25,-74.17,-120.41,-38.83,35.42,129.05,0.009,13.84,40.97,SERVOING_READY
97.05,0.5559,-0.1352,0.5021,0.6199,0.4109,0.3719,0.5554,-104.48,-8.25,-74.17,-120.41,-38.83,35.42,129.05,0.009,13.84,40.97,SERVOING_READY
97.17,0.5559,-0.1352,0.5021,0.6199,0.4109,0.3719,0.5554,-104.48,-8.25,-74.17,-120.41,-38.83,35.42,129.05,0.009,13.84,40.97,SERVOING_READY
97.30,0.5559,-0.1352,0.5021,0.6199,0.4109,0.3719,0.5554,-104.48,-8.25,-74.17,-120.41,-38.83,35.42,129.05,0.009,13.84,40.97,SERVOING_READY
97.42,0.5559,-0.1352,0.5021,0.6199,0.4109,0.3719,0.5554,-104.48,-8.25,-74.17,-120.41,-38.83,35.42,129.05,0.009,13.84,40.97,SERVOING_READY
97.54,0.5559,-0.1352,0.5021,0.6199,0.4109,0.3719,0.5554,-104.48,-8.25,-74.17,-120.41,-38.83,35.42,129.05,0.009,13.84,40.97,SERVOING_READY
97.67,0.5559,-0.1352,0.5021,0.6199,0.4109,0.3719,0.5554,-104.48,-8.25,-74.17,-120.41,-38.83,35.42,129.05,0.009,13.84,40.97,SERVOING_READY
97.79,0.5559,-0.1352,0.5021,0.6199,0.4109,0.3719,0.5554,-104.48,-8.25,-74.17,-120.41,-38.83,35.42,129.05,0.009,13.84,40.97,SERVOING_READY
97.92,0.5559,-0.1352,0.5021,0.6199,0.4109,0.3719,0.5554,-104.48,-8.25,-74.17,-120.41,-38.83,35.42,129.05,0.009,13.84,40.97,SERVOING_READY
98.02,0.5559,-0.1352,0.5021,0.6199,0.4109,0.3719,0.5554,-104.48,-8.25,-74.17,-120.41,-38.83,35.42,129.05,0.009,13.84,40.97,SERVOING_READY
98.14,0.5559,-0.1352,0.5021,0.6199,0.4109,0.3719,0.5554,-104.48,-8.25,-74.17,-120.41,-38.83,35.42,129.05,0.009,13.84,40.97,SERVOING_READY
98.27,0.5559,-0.1352,0.5021,0.6199,0.4109,0.3719,0.5554,-104.48,-8.25,-74.17,-120.41,-38.83,35.42,129.05,0.009,13.84,40.97,SERVOING_READY
98.39,0.5559,-0.1352,0.5021,0.6199,0.4109,0.3719,0.5554,-104.48,-8.25,-74.17,-120.41,-38.83,35.42,129.05,0.009,13.84,40.97,SERVOING_READY
98.52,0.5559,-0.1352,0.5021,0.6199,0.4109,0.3719,0.5554,-104.48,-8.25,-74.17,-120.41,-38.83,35.42,129.05,0.009,13.84,40.97,SERVOING_READY
98.76,0.5559,-0.1353,0.5021,0.6199,0.4110,0.3719,0.5555,-104.47,-8.25,-74.17,-120.41,-38.81,35.42,129.04,0.009,13.84,40.97,SERVOING_MANUALLY_CONTROLLED
98.92,0.5557,-0.1358,0.5022,0.6163,0.4188,0.3789,0.5489,-100.57,-8.03,-76.58,-120.56,-35.32,33.17,126.29,0.009,13.84,41.03,SERVOING_MANUALLY_CONTROLLED
99.05,0.5557,-0.1358,0.5023,0.6151,0.4279,0.3835,0.5399,-96.29,-7.60,-79.37,-120.28,-32.56,30.19,124.02,0.009,13.84,41.03,SERVOING_MANUALLY_CONTROLLED
99.17,0.5557,-0.1358,0.5023,0.6147,0.4354,0.3868,0.5319,-92.57,-7.47,-82.10,-119.92,-30.58,27.80,122.53,0.009,13.84,41.03,SERVOING_MANUALLY_CONTROLLED
99.29,0.5561,-0.1356,0.5022,0.6143,0.4424,0.3898,0.5244,-89.67,-7.75,-84.47,-119.53,-29.18,25.91,121.81,0.009,13.80,40.99,SERVOING_MANUALLY_CONTROLLED
99.42,0.5564,-0.1356,0.5020,0.6139,0.4495,0.3928,0.5166,-86.96,-8.32,-86.84,-119.10,-28.08,24.10,121.57,0.009,13.76,40.99,SERVOING_MANUALLY_CONTROLLED
99.54,0.5564,-0.1356,0.5018,0.6120,0.4558,0.3974,0.5096,-84.93,-9.42,-88.89,-118.89,-26.94,22.98,121.64,0.009,13.77,40.98,SERVOING_MANUALLY_CONTROLLED
99.67,0.5564,-0.1355,0.5018,0.6077,0.4612,0.4041,0.5046,-83.99,-11.10,-90.24,-118.95,-25.52,22.79,121.92,0.009,13.76,40.98,SERVOING_MANUALLY_CONTROLLED
99.79,0.5563,-0.1356,0.5016,0.6027,0.4657,0.4112,0.5007,-83.61,-12.90,-91.11,-119.13,-24.05,22.94,122.25,0.009,13.76,40.99,SERVOING_MANUALLY_CONTROLLED
99.92,0.5563,-0.1357,0.5015,0.5977,0.4691,0.4179,0.4981,-83.56,-14.55,-91.65,-119.36,-22.71,23.29,122.54,0.009,13.76,41.00,SERVOING_MANUALLY_CONTROLLED
100.04,0.5563,-0.1358,0.5015,0.5926,0.4719,0.4244,0.4961,-83.65,-16.16,-92.06,-119.61,-21.39,23.75,122.83,0.009,13.76,41.01,SERVOING_MANUALLY_CONTROLLED
100.17,0.5563,-0.1358,0.5015,0.5883,0.4740,0.4295,0.4948,-83.76,-17.39,-92.32,-119.79,-20.36,24.12,123.06,0.009,13.76,41.01,SERVOING_MANUALLY_CONTROLLED
100.29,0.5564,-0.1359,0.5016,0.5870,0.4747,0.4307,0.4946,-83.79,-17.69,-92.38,-119.84,-20.08,24.21,123.12,0.009,13.75,41.01,SERVOING_MANUALLY_CONTROLLED
100.42,0.5564,-0.1357,0.5016,0.5868,0.4748,0.4308,0.4946,-83.80,-17.71,-92.39,-119.84,-20.05,24.21,123.13,0.009,13.76,41.00,SERVOING_MANUALLY_CONTROLLED
100.71,0.5564,-0.1357,0.5016,0.5868,0.4748,0.4308,0.4946,-83.80,-17.71,-92.39,-119.84,-20.05,24.21,123.13,0.009,13.76,41.00,SERVOING_MANUALLY_CONTROLLED
100.88,0.5608,-0.1198,0.5015,0.5863,0.4756,0.4305,0.4947,-86.52,-15.70,-90.96,-119.85,-21.71,24.98,122.52,0.009,13.94,39.35,SERVOING_MANUALLY_CONTROLLED
100.99,0.5640,-0.1112,0.5015,0.5866,0.4752,0.4307,0.4946,-88.63,-14.65,-89.59,-119.70,-22.78,25.40,122.27,0.009,13.94,38.44,SERVOING_MANUALLY_CONTROLLED
101.12,0.5642,-0.1108,0.5016,0.5867,0.4750,0.4307,0.4947,-88.77,-14.59,-89.48,-119.68,-22.86,25.43,122.27,0.009,13.92,38.39,SERVOING_MANUALLY_CONTROLLED
101.24,0.5643,-0.1067,0.5017,0.5864,0.4754,0.4305,0.4949,-89.07,-14.03,-89.49,-119.79,-23.28,25.58,122.09,0.009,14.13,38.00,SERVOING_MANUALLY_CONTROLLED
101.35,0.5643,-0.0957,0.5017,0.5861,0.4756,0.4305,0.4949,-89.86,-12.58,-89.52,-120.08,-24.46,25.97,121.59,0.009,14.73,36.97,SERVOING_MANUALLY_CONTROLLED
101.47,0.5643,-0.0850,0.5017,0.5859,0.4758,0.4307,0.4948,-90.72,-11.19,-89.47,-120.30,-25.65,26.30,121.14,0.009,15.33,35.98,SERVOING_MANUALLY_CONTROLLED
101.59,0.5643,-0.0751,0.5017,0.5861,0.4756,0.4307,0.4948,-91.65,-9.86,-89.27,-120.46,-26.83,26.56,120.72,0.009,15.93,35.06,SERVOING_MANUALLY_CONTROLLED
101.72,0.5643,-0.0725,0.5017,0.5863,0.4753,0.4308,0.4947,-91.93,-9.50,-89.19,-120.49,-27.17,26.63,120.61,0.009,16.10,34.81,SERVOING_MANUALLY_CONTROLLED
101.84,0.5643,-0.0723,0.5017,0.5864,0.4753,0.4308,0.4946,-91.96,-9.47,-89.17,-120.49,-27.21,26.63,120.60,0.009,16.11,34.80,SERVOING_MANUALLY_CONTROLLED
101.97,0.5643,-0.0724,0.5017,0.5864,0.4752,0.4308,0.4947,-91.96,-9.48,-89.16,-120.49,-27.21,26.63,120.60,0.009,16.11,34.81,SERVOING_MANUALLY_CONTROLLED
102.08,0.5642,-0.0725,0.5024,0.5864,0.4751,0.4307,0.4948,-91.59,-9.39,-89.48,-120.40,-27.24,26.48,120.59,0.009,16.10,34.82,SERVOING_MANUALLY_CONTROLLED
102.20,0.5643,-0.0727,0.5077,0.5862,0.4748,0.4309,0.4953,-89.01,-8.82,-91.73,-119.75,-27.59,25.37,120.58,0.009,16.09,34.83,SERVOING_MANUALLY_CONTROLLED
102.32,0.5648,-0.0726,0.5173,0.5860,0.4748,0.4310,0.4953,-84.34,-8.02,-96.00,-118.41,-28.78,23.29,121.26,0.009,16.01,34.80,SERVOING_MANUALLY_CONTROLLED
102.44,0.5656,-0.0725,0.5210,0.5863,0.4751,0.4309,0.4949,-82.87,-7.78,-97.35,-117.78,-29.46,22.41,121.77,0.009,15.90,34.77,SERVOING_MANUALLY_CONTROLLED
102.57,0.5658,-0.0726,0.5215,0.5863,0.4750,0.4309,0.4949,-82.82,-7.75,-97.37,-117.69,-29.51,22.32,121.82,0.009,15.86,34.77,SERVOING_MANUALLY_CONTROLLED
102.69,0.5661,-0.0683,0.5214,0.5860,0.4754,0.4308,0.4950,-82.95,-7.16,-97.54,-117.72,-29.94,22.41,121.63,0.009,16.09,34.36,SERVOING_MANUALLY_CONTROLLED
102.80,0.5668,-0.0576,0.5209,0.5857,0.4757,0.4309,0.4949,-83.36,-5.71,-97.83,-117.76,-31.05,22.59,121.13,0.009,16.66,33.34,SERVOING_MANUALLY_CONTROLLED
102.92,0.5674,-0.0501,0.5205,0.5858,0.4757,0.4310,0.4948,-83.65,-4.68,-98.01,-117.75,-31.85,22.70,120.76,0.009,17.09,32.64,SERVOING_MANUALLY_CONTROLLED
103.05,0.5675,-0.0485,0.5205,0.5859,0.4755,0.4312,0.4947,-83.72,-4.47,-98.05,-117.76,-32.02,22.74,120.67,0.009,17.19,32.48,SERVOING_MANUALLY_CONTROLLED
103.17,0.5675,-0.0484,0.5205,0.5859,0.4755,0.4312,0.4947,-83.72,-4.46,-98.06,-117.76,-32.03,22.74,120.66,0.009,17.19,32.48,SERVOING_MANUALLY_CONTROLLED
103.29,0.5675,-0.0484,0.5204,0.5859,0.4755,0.4312,0.4947,-83.72,-4.46,-98.06,-117.76,-32.03,22.74,120.66,0.009,17.19,32.47,SERVOING_MANUALLY_CONTROLLED
103.42,0.5675,-0.0480,0.5204,0.5858,0.4755,0.4313,0.4946,-83.75,-4.43,-98.07,-117.76,-32.06,22.75,120.65,0.009,17.22,32.44,SERVOING_MANUALLY_CONTROLLED
103.52,0.5678,-0.0412,0.5199,0.5854,0.4758,0.4313,0.4948,-84.00,-3.48,-98.29,-117.79,-32.76,22.89,120.33,0.009,17.65,31.80,SERVOING_MANUALLY_CONTROLLED
103.64,0.5683,-0.0324,0.5192,0.5852,0.4761,0.4313,0.4948,-84.33,-2.25,-98.52,-117.77,-33.70,22.99,119.92,0.009,18.24,30.97,SERVOING_MANUALLY_CONTROLLED
103.77,0.5690,-0.0229,0.5189,0.5849,0.4761,0.4315,0.4949,-84.66,-0.90,-98.76,-117.65,-34.73,23.01,119.48,0.009,18.86,30.09,SERVOING_MANUALLY_CONTROLLED
103.90,0.5696,-0.0135,0.5184,0.5848,0.4760,0.4317,0.4950,-84.97,0.48,-99.00,-117.51,-35.81,23.01,119.05,0.009,19.53,29.21,SERVOING_MANUALLY_CONTROLLED
104.02,0.5699,-0.0086,0.5179,0.5850,0.4758,0.4319,0.4948,-85.14,1.15,-99.13,-117.46,-36.37,23.01,118.82,0.009,19.91,28.75,SERVOING_MANUALLY_CONTROLLED
104.15,0.5699,-0.0080,0.5179,0.5850,0.4758,0.4321,0.4947,-85.16,1.20,-99.15,-117.46,-36.41,23.03,118.80,0.009,19.96,28.71,SERVOING_MANUALLY_CONTROLLED
104.25,0.5701,-0.0024,0.5173,0.5845,0.4761,0.4321,0.4949,-85.37,1.99,-99.31,-117.41,-37.00,23.08,118.57,0.009,20.42,28.20,SERVOING_MANUALLY_CONTROLLED
104.37,0.5706,0.0057,0.5167,0.5843,0.4761,0.4323,0.4950,-85.63,3.17,-99.51,-117.26,-37.96,23.04,118.25,0.009,21.10,27.45,SERVOING_MANUALLY_CONTROLLED
104.49,0.5708,0.0098,0.5163,0.5844,0.4760,0.4325,0.4947,-85.76,3.73,-99.62,-117.18,-38.43,23.01,118.07,0.009,21.46,27.07,SERVOING_MANUALLY_CONTROLLED
104.62,0.5708,0.0103,0.5162,0.5845,0.4760,0.4326,0.4947,-85.78,3.80,-99.63,-117.18,-38.49,23.01,118.05,0.009,21.51,27.03,SERVOING_MANUALLY_CONTROLLED
104.75,0.5710,0.0150,0.5159,0.5841,0.4761,0.4326,0.4950,-85.93,4.50,-99.75,-117.07,-39.03,22.98,117.88,0.009,21.93,26.60,SERVOING_MANUALLY_CONTROLLED
104.85,0.5718,0.0226,0.5155,0.5841,0.4761,0.4328,0.4948,-86.10,5.65,-99.92,-116.77,-39.96,22.74,117.60,0.009,22.56,25.90,SERVOING_MANUALLY_CONTROLLED
104.97,0.5721,0.0243,0.5154,0.5842,0.4761,0.4328,0.4947,-86.13,5.92,-99.97,-116.70,-40.17,22.68,117.53,0.009,22.71,25.74,SERVOING_MANUALLY_CONTROLLED
105.10,0.5721,0.0246,0.5154,0.5842,0.4761,0.4329,0.4947,-86.13,5.95,-99.97,-116.68,-40.21,22.66,117.52,0.009,22.73,25.71,SERVOING_MANUALLY_CONTROLLED
105.22,0.5721,0.0245,0.5154,0.5842,0.4760,0.4329,0.4947,-86.12,5.95,-99.97,-116.68,-40.21,22.66,117.52,0.009,22.71,25.72,SERVOING_MANUALLY_CONTROLLED
105.35,0.5721,0.0246,0.5154,0.5842,0.4761,0.4329,0.4947,-86.13,5.96,-99.97,-116.68,-40.22,22.66,117.52,0.009,22.72,25.71,SERVOING_MANUALLY_CONTROLLED
105.47,0.5725,0.0305,0.5154,0.5838,0.4763,0.4329,0.4949,-86.51,6.81,-99.92,-116.45,-41.06,22.53,117.52,0.009,23.30,25.18,SERVOING_MANUALLY_CONTROLLED
105.57,0.5733,0.0394,0.5153,0.5839,0.4763,0.4329,0.4949,-86.99,8.16,-99.83,-115.99,-42.50,22.15,117.57,0.009,24.16,24.37,SERVOING_MANUALLY_CONTROLLED
105.70,0.5736,0.0418,0.5152,0.5840,0.4763,0.4329,0.4947,-87.08,8.53,-99.83,-115.86,-42.86,22.02,117.54,0.009,24.40,24.14,SERVOING_MANUALLY_CONTROLLED
105.82,0.5736,0.0422,0.5152,0.5840,0.4763,0.4329,0.4946,-87.09,8.59,-99.83,-115.84,-42.92,21.99,117.54,0.009,24.44,24.11,SERVOING_MANUALLY_CONTROLLED
105.95,0.5737,0.0421,0.5152,0.5841,0.4762,0.4330,0.4947,-87.09,8.59,-99.82,-115.83,-42.92,21.99,117.54,0.009,24.42,24.11,SERVOING_MANUALLY_CONTROLLED
106.07,0.5716,0.0423,0.5170,0.5841,0.4760,0.4336,0.4942,-89.36,7.99,-98.02,-115.93,-44.08,22.18,119.07,0.009,24.87,24.21,SERVOING_MANUALLY_CONTROLLED
106.20,0.5670,0.0424,0.5208,0.5841,0.4761,0.4335,0.4941,-94.92,6.67,-93.59,-116.06,-47.08,22.78,123.07,0.009,25.79,24.44,SERVOING_MANUALLY_CONTROLLED
106.30,0.5649,0.0421,0.5238,0.5842,0.4758,0.4334,0.4945,-98.80,5.99,-90.24,-115.98,-48.80,23.05,125.36,0.009,26.18,24.57,SERVOING_MANUALLY_CONTROLLED
106.42,0.5640,0.0427,0.5266,0.5840,0.4754,0.4335,0.4950,-101.42,5.90,-87.76,-115.73,-49.85,22.91,126.56,0.009,26.43,24.57,SERVOING_MANUALLY_CONTROLLED
106.55,0.5624,0.0440,0.5277,0.5838,0.4754,0.4335,0.4952,-103.76,6.00,-85.57,-115.79,-50.38,22.88,127.03,0.009,26.91,24.55,SERVOING_MANUALLY_CONTROLLED
106.67,0.5597,0.0452,0.5266,0.5839,0.4751,0.4334,0.4955,-106.04,6.15,-83.49,-116.24,-50.45,23.14,126.90,0.009,27.58,24.60,SERVOING_MANUALLY_CONTROLLED
106.80,0.5563,0.0462,0.5257,0.5839,0.4746,0.4331,0.4962,-108.90,6.58,-80.57,-116.78,-50.20,23.17,126.29,0.009,28.38,24.71,SERVOING_MANUALLY_CONTROLLED
106.92,0.5516,0.0466,0.5258,0.5839,0.4745,0.4330,0.4965,-112.56,7.50,-76.29,-117.33,-49.31,22.41,124.91,0.009,29.30,24.95,SERVOING_MANUALLY_CONTROLLED
107.03,0.5490,0.0469,0.5259,0.5838,0.4747,0.4332,0.4961,-114.27,8.08,-74.09,-117.61,-48.63,21.83,123.93,0.009,29.83,25.07,SERVOING_MANUALLY_CONTROLLED
107.15,0.5487,0.0468,0.5259,0.5840,0.4746,0.4332,0.4961,-114.43,8.14,-73.86,-117.65,-48.55,21.76,123.81,0.009,29.87,25.10,SERVOING_MANUALLY_CONTROLLED
107.43,0.5487,0.0468,0.5259,0.5840,0.4746,0.4332,0.4961,-114.44,8.14,-73.85,-117.65,-48.54,21.76,123.80,0.009,29.87,25.10,SERVOING_MANUALLY_CONTROLLED
107.60,0.5488,0.0468,0.5254,0.5760,0.4753,0.4425,0.4964,-117.37,6.28,-71.87,-118.76,-44.32,24.14,121.11,0.009,29.85,25.09,SERVOING_MANUALLY_CONTROLLED
107.72,0.5493,0.0467,0.5255,0.5678,0.4784,0.4521,0.4943,-120.37,5.23,-68.59,-119.59,-38.85,24.95,117.01,0.009,29.75,25.08,SERVOING_MANUALLY_CONTROLLED
107.85,0.5492,0.0466,0.5256,0.5627,0.4821,0.4579,0.4912,-122.40,5.05,-65.72,-120.01,-34.43,24.60,113.34,0.009,29.76,25.08,SERVOING_MANUALLY_CONTROLLED
107.97,0.5492,0.0464,0.5256,0.5581,0.4862,0.4638,0.4870,-124.40,4.95,-62.68,-120.36,-29.52,24.06,109.13,0.009,29.73,25.10,SERVOING_MANUALLY_CONTROLLED
108.10,0.5492,0.0462,0.5257,0.5535,0.4907,0.4694,0.4822,-126.33,4.88,-59.64,-120.62,-24.35,23.50,104.69,0.009,29.70,25.11,SERVOING_MANUALLY_CONTROLLED
108.20,0.5492,0.0464,0.5257,0.5485,0.4957,0.4751,0.4772,-128.23,4.79,-56.63,-120.84,-18.87,23.06,100.01,0.009,29.72,25.10,SERVOING_MANUALLY_CONTROLLED
108.32,0.5492,0.0463,0.5257,0.5445,0.4997,0.4797,0.4730,-129.74,4.69,-54.17,-121.01,-14.14,22.82,95.95,0.009,29.71,25.11,SERVOING_MANUALLY_CONTROLLED
108.45,0.5492,0.0461,0.5257,0.5398,0.5043,0.4851,0.4680,-131.35,4.56,-51.48,-121.17,-8.68,22.72,91.28,0.009,29.69,25.12,SERVOING_MANUALLY_CONTROLLED
108.57,0.5492,0.0462,0.5257,0.5348,0.5089,0.4905,0.4630,-132.78,4.42,-48.99,-121.31,-3.17,22.81,86.58,0.009,29.69,25.12,SERVOING_MANUALLY_CONTROLLED
108.70,0.5492,0.0464,0.5256,0.5299,0.5120,0.4958,0.4596,-133.69,4.19,-47.30,-121.57,0.96,23.44,83.12,0.009,29.72,25.10,SERVOING_MANUALLY_CONTROLLED
108.82,0.5492,0.0464,0.5255,0.5250,0.5127,0.5012,0.4586,-134.09,3.88,-46.45,-121.98,3.42,24.62,81.19,0.009,29.73,25.10,SERVOING_MANUALLY_CONTROLLED
108.93,0.5493,0.0466,0.5256,0.5208,0.5125,0.5058,0.4587,-134.22,3.59,-46.07,-122.35,4.75,25.77,80.27,0.009,29.74,25.08,SERVOING_MANUALLY_CONTROLLED
109.05,0.5493,0.0467,0.5258,0.5196,0.5124,0.5069,0.4589,-134.23,3.53,-46.02,-122.44,5.02,26.05,80.09,0.009,29.75,25.08,SERVOING_MANUALLY_CONTROLLED
109.17,0.5493,0.0467,0.5258,0.5195,0.5124,0.5071,0.4588,-134.23,3.51,-46.02,-122.45,5.06,26.10,80.07,0.009,29.76,25.07,SERVOING_MANUALLY_CONTROLLED
109.30,0.5493,0.0467,0.5258,0.5195,0.5124,0.5071,0.4588,-134.23,3.51,-46.02,-122.45,5.06,26.10,80.07,0.009,29.76,25.07,SERVOING_MANUALLY_CONTROLLED
109.51,0.5490,0.0469,0.5258,0.5194,0.5124,0.5071,0.4589,-134.24,3.56,-46.02,-122.48,5.06,26.10,80.04,0.009,29.82,25.07,SERVOING_MANUALLY_CONTROLLED
109.68,0.5361,0.0545,0.5260,0.5190,0.5125,0.5069,0.4593,-134.97,6.21,-45.20,-124.02,5.72,25.86,77.68,0.009,33.20,25.26,SERVOING_MANUALLY_CONTROLLED
109.80,0.5201,0.0610,0.5262,0.5189,0.5124,0.5070,0.4595,-136.65,9.32,-43.08,-125.83,7.47,25.47,74.18,0.009,36.87,25.83,SERVOING_MANUALLY_CONTROLLED
109.92,0.5083,0.0636,0.5263,0.5189,0.5122,0.5071,0.4595,-138.50,11.41,-40.68,-127.14,9.33,25.17,71.45,0.009,39.12,26.46,SERVOING_MANUALLY_CONTROLLED
110.05,0.4958,0.0644,0.5266,0.5189,0.5122,0.5074,0.4594,-140.93,13.46,-37.50,-128.49,11.75,24.85,68.52,0.009,41.10,27.32,SERVOING_MANUALLY_CONTROLLED
110.15,0.4835,0.0638,0.5307,0.5188,0.5116,0.5078,0.4597,-144.14,15.54,-33.44,-129.22,14.71,23.78,65.39,0.009,42.69,28.27,SERVOING_MANUALLY_CONTROLLED
110.27,0.4737,0.0625,0.5393,0.5186,0.5113,0.5083,0.4597,-147.97,17.27,-28.95,-128.95,18.03,21.79,62.31,0.009,43.76,29.10,SERVOING_MANUALLY_CONTROLLED
110.40,0.4629,0.0603,0.5492,0.5188,0.5112,0.5084,0.4594,-152.62,19.05,-23.86,-128.44,21.72,19.26,59.21,0.009,44.75,30.07,SERVOING_MANUALLY_CONTROLLED
110.52,0.4521,0.0582,0.5521,0.5190,0.5113,0.5083,0.4592,-155.80,20.57,-20.45,-128.94,23.94,18.05,57.47,0.009,45.71,31.05,SERVOING_MANUALLY_CONTROLLED
110.65,0.4415,0.0564,0.5525,0.5189,0.5114,0.5084,0.4591,-158.28,22.03,-17.78,-129.81,25.53,17.35,56.34,0.009,46.64,32.00,SERVOING_MANUALLY_CONTROLLED
110.77,0.4315,0.0529,0.5524,0.5191,0.5113,0.5085,0.4589,-160.92,23.30,-14.82,-130.66,27.24,16.76,55.37,0.009,47.19,33.01,SERVOING_MANUALLY_CONTROLLED
110.88,0.4239,0.0456,0.5523,0.5194,0.5111,0.5084,0.4588,-163.93,24.10,-11.05,-131.32,29.48,16.44,54.48,0.009,46.96,34.06,SERVOING_MANUALLY_CONTROLLED
111.00,0.4176,0.0398,0.5523,0.5194,0.5110,0.5085,0.4588,-166.34,24.84,-8.06,-131.81,31.29,16.13,53.81,0.009,46.82,34.91,SERVOING_MANUALLY_CONTROLLED
111.12,0.4096,0.0348,0.5524,0.5193,0.5111,0.5086,0.4588,-168.80,25.94,-5.22,-132.39,33.01,15.53,53.16,0.009,46.95,35.85,SERVOING_MANUALLY_CONTROLLED
111.25,0.4009,0.0303,0.5524,0.5193,0.5110,0.5087,0.4588,-171.21,27.22,-2.58,-132.98,34.59,14.73,52.60,0.009,47.20,36.81,SERVOING_MANUALLY_CONTROLLED
111.35,0.3921,0.0260,0.5525,0.5192,0.5109,0.5088,0.4588,-173.52,28.61,-0.18,-133.52,36.01,13.77,52.16,0.009,47.48,37.78,SERVOING_MANUALLY_CONTROLLED
111.47,0.3847,0.0226,0.5525,0.5192,0.5109,0.5088,0.4588,-175.39,29.82,1.69,-133.94,37.10,12.86,51.88,0.009,47.72,38.58,SERVOING_MANUALLY_CONTROLLED
111.60,0.3759,0.0187,0.5527,0.5191,0.5108,0.5090,0.4588,-177.54,31.32,3.71,-134.39,38.27,11.68,51.65,0.009,48.00,39.52,SERVOING_MANUALLY_CONTROLLED
111.72,0.3669,0.0149,0.5527,0.5191,0.5108,0.5091,0.4588,-179.64,32.94,5.56,-134.81,39.32,10.31,51.51,0.009,48.32,40.47,SERVOING_MANUALLY_CONTROLLED
111.85,0.3585,0.0124,0.5527,0.5190,0.5109,0.5089,0.4589,178.74,34.50,6.73,-135.16,40.06,8.90,51.41,0.009,48.71,41.30,SERVOING_MANUALLY_CONTROLLED
111.97,0.3557,0.0119,0.5525,0.5192,0.5110,0.5086,0.4589,178.32,35.03,6.95,-135.27,40.23,8.36,51.37,0.009,48.88,41.56,SERVOING_MANUALLY_CONTROLLED
112.07,0.3554,0.0120,0.5525,0.5193,0.5111,0.5085,0.4589,178.28,35.08,6.95,-135.28,40.24,8.29,51.37,0.009,48.91,41.59,SERVOING_MANUALLY_CONTROLLED
112.20,0.3554,0.0119,0.5524,0.5193,0.5111,0.5085,0.4589,178.28,35.08,6.95,-135.28,40.24,8.29,51.37,0.009,48.91,41.59,SERVOING_MANUALLY_CONTROLLED
112.32,0.3552,0.0119,0.5525,0.5193,0.5111,0.5084,0.4590,178.27,35.12,6.95,-135.29,40.25,8.26,51.36,0.009,48.91,41.60,SERVOING_MANUALLY_CONTROLLED
112.45,0.3490,0.0124,0.5528,0.5188,0.5110,0.5089,0.4591,177.55,36.34,7.07,-135.54,40.41,7.18,51.25,0.009,49.45,42.08,SERVOING_MANUALLY_CONTROLLED
112.57,0.3375,0.0133,0.5530,0.5186,0.5109,0.5092,0.4591,176.34,38.59,7.03,-135.95,40.60,4.96,51.02,0.009,50.41,43.00,SERVOING_MANUALLY_CONTROLLED
112.70,0.3249,0.0139,0.5531,0.5185,0.5108,0.5094,0.4591,174.92,41.06,6.96,-136.31,40.73,2.39,50.85,0.009,51.37,44.02,SERVOING_MANUALLY_CONTROLLED
112.80,0.3123,0.0140,0.5533,0.5183,0.5108,0.5096,0.4592,173.42,43.56,6.84,-136.56,40.79,-0.35,50.77,0.009,52.25,45.08,SERVOING_MANUALLY_CONTROLLED
112.92,0.3018,0.0141,0.5534,0.5181,0.5107,0.5097,0.4592,172.18,45.64,6.61,-136.71,40.73,-2.75,50.75,0.009,52.94,45.98,SERVOING_MANUALLY_CONTROLLED
113.05,0.2897,0.0140,0.5534,0.5181,0.5107,0.5098,0.4592,170.81,48.06,6.18,-136.79,40.54,-5.63,50.78,0.009,53.69,47.02,SERVOING_MANUALLY_CONTROLLED
113.17,0.2772,0.0140,0.5534,0.5180,0.5107,0.5098,0.4593,169.43,50.54,5.57,-136.79,40.20,-8.70,50.88,0.009,54.44,48.11,SERVOING_MANUALLY_CONTROLLED
113.30,0.2647,0.0141,0.5534,0.5180,0.5107,0.5098,0.4593,168.12,52.97,4.79,-136.68,39.73,-11.85,51.03,0.009,55.15,49.20,SERVOING_MANUALLY_CONTROLLED
113.42,0.2522,0.0141,0.5536,0.5178,0.5106,0.5100,0.4594,166.90,55.35,3.89,-136.48,39.12,-15.01,51.23,0.009,55.83,50.30,SERVOING_MANUALLY_CONTROLLED
113.53,0.2399,0.0141,0.5537,0.5178,0.5106,0.5100,0.4595,165.77,57.64,2.88,-136.20,38.41,-18.18,51.49,0.009,56.47,51.39,SERVOING_MANUALLY_CONTROLLED
113.65,0.2295,0.0140,0.5537,0.5178,0.5105,0.5100,0.4595,164.88,59.53,1.95,-135.88,37.73,-20.84,51.74,0.009,56.99,52.32,SERVOING_MANUALLY_CONTROLLED
113.77,0.2179,0.0140,0.5538,0.5177,0.5105,0.5101,0.4596,163.95,61.57,0.86,-135.46,36.89,-23.83,52.07,0.009,57.55,53.36,SERVOING_MANUALLY_CONTROLLED
113.90,0.2058,0.0141,0.5539,0.5176,0.5104,0.5101,0.4597,163.07,63.62,-0.34,-134.93,35.95,-26.89,52.44,0.009,58.12,54.44,SERVOING_MANUALLY_CONTROLLED
114.02,0.1997,0.0138,0.5534,0.5184,0.5105,0.5094,0.4594,162.68,64.61,-0.95,-134.64,35.42,-28.53,52.65,0.009,58.37,55.01,SERVOING_MANUALLY_CONTROLLED
114.12,0.1988,0.0137,0.5532,0.5187,0.5105,0.5093,0.4594,162.62,64.75,-1.03,-134.59,35.34,-28.77,52.68,0.009,58.40,55.10,SERVOING_MANUALLY_CONTROLLED
114.25,0.1987,0.0137,0.5532,0.5187,0.5106,0.5092,0.4594,162.62,64.75,-1.04,-134.59,35.34,-28.79,52.69,0.009,58.40,55.10,SERVOING_MANUALLY_CONTROLLED
114.37,0.1988,0.0137,0.5532,0.5187,0.5106,0.5092,0.4593,162.62,64.74,-1.03,-134.59,35.34,-28.79,52.69,0.009,58.40,55.10,SERVOING_MANUALLY_CONTROLLED
114.50,0.1988,0.0137,0.5531,0.5188,0.5106,0.5091,0.4593,162.62,64.73,-1.03,-134.59,35.34,-28.79,52.69,0.009,58.40,55.09,SERVOING_MANUALLY_CONTROLLED
114.62,0.1988,0.0137,0.5531,0.5188,0.5107,0.5091,0.4593,162.63,64.73,-1.03,-134.60,35.34,-28.79,52.69,0.009,58.40,55.09,SERVOING_MANUALLY_CONTROLLED
114.75,0.1989,0.0136,0.5531,0.5188,0.5106,0.5091,0.4593,162.63,64.73,-1.02,-134.60,35.34,-28.79,52.69,0.009,58.39,55.09,SERVOING_MANUALLY_CONTROLLED
114.85,0.1989,0.0136,0.5531,0.5188,0.5106,0.5090,0.4593,162.63,64.73,-1.02,-134.60,35.34,-28.79,52.69,0.009,58.39,55.09,SERVOING_MANUALLY_CONTROLLED
114.97,0.1989,0.0136,0.5531,0.5188,0.5106,0.5090,0.4593,162.63,64.73,-1.02,-134.60,35.34,-28.79,52.69,0.009,58.39,55.09,SERVOING_MANUALLY_CONTROLLED
115.10,0.1989,0.0136,0.5531,0.5188,0.5106,0.5090,0.4593,162.63,64.73,-1.02,-134.60,35.34,-28.79,52.69,0.009,58.39,55.09,SERVOING_MANUALLY_CONTROLLED
115.22,0.1989,0.0136,0.5531,0.5188,0.5106,0.5090,0.4593,162.63,64.73,-1.02,-134.60,35.34,-28.79,52.69,0.009,58.39,55.09,SERVOING_MANUALLY_CONTROLLED
115.35,0.1989,0.0136,0.5531,0.5188,0.5106,0.5090,0.4593,162.63,64.73,-1.02,-134.60,35.34,-28.79,52.69,0.009,58.39,55.09,SERVOING_MANUALLY_CONTROLLED
115.47,0.1989,0.0136,0.5531,0.5188,0.5106,0.5090,0.4593,162.63,64.73,-1.02,-134.60,35.34,-28.79,52.69,0.009,58.39,55.09,SERVOING_MANUALLY_CONTROLLED
115.58,0.1989,0.0136,0.5531,0.5188,0.5106,0.5090,0.4593,162.63,64.73,-1.02,-134.60,35.34,-28.79,52.69,0.009,58.39,55.09,SERVOING_MANUALLY_CONTROLLED
115.70,0.1989,0.0136,0.5531,0.5188,0.5106,0.5090,0.4593,162.63,64.73,-1.02,-134.60,35.34,-28.79,52.69,0.009,58.39,55.09,SERVOING_MANUALLY_CONTROLLED
115.82,0.1989,0.0136,0.5531,0.5188,0.5106,0.5090,0.4593,162.63,64.73,-1.02,-134.60,35.34,-28.79,52.69,0.009,58.39,55.09,SERVOING_MANUALLY_CONTROLLED
115.95,0.1989,0.0136,0.5531,0.5188,0.5106,0.5090,0.4593,162.63,64.73,-1.02,-134.60,35.34,-28.79,52.69,0.009,58.39,55.09,SERVOING_MANUALLY_CONTROLLED
116.07,0.1989,0.0136,0.5531,0.5188,0.5106,0.5090,0.4593,162.63,64.73,-1.02,-134.60,35.34,-28.79,52.69,0.009,58.39,55.09,SERVOING_MANUALLY_CONTROLLED
116.20,0.1989,0.0136,0.5531,0.5188,0.5106,0.5090,0.4593,162.63,64.73,-1.02,-134.60,35.34,-28.79,52.69,0.009,58.39,55.09,SERVOING_MANUALLY_CONTROLLED
116.30,0.1989,0.0136,0.5531,0.5188,0.5106,0.5090,0.4593,162.63,64.73,-1.02,-134.60,35.34,-28.79,52.69,0.009,58.39,55.09,SERVOING_MANUALLY_CONTROLLED
116.42,0.1989,0.0136,0.5531,0.5188,0.5106,0.5090,0.4593,162.63,64.73,-1.02,-134.60,35.34,-28.79,52.69,0.009,58.39,55.09,SERVOING_MANUALLY_CONTROLLED
116.55,0.1989,0.0136,0.5531,0.5188,0.5106,0.5090,0.4593,162.63,64.73,-1.02,-134.60,35.34,-28.79,52.69,0.009,58.39,55.09,SERVOING_MANUALLY_CONTROLLED
116.67,0.1989,0.0136,0.5531,0.5188,0.5106,0.5090,0.4593,162.63,64.73,-1.02,-134.60,35.34,-28.79,52.69,0.009,58.39,55.09,SERVOING_MANUALLY_CONTROLLED
116.80,0.1989,0.0136,0.5531,0.5188,0.5106,0.5090,0.4593,162.63,64.73,-1.02,-134.60,35.34,-28.79,52.69,0.009,58.39,55.09,SERVOING_MANUALLY_CONTROLLED
116.92,0.1989,0.0136,0.5531,0.5188,0.5106,0.5090,0.4593,162.63,64.73,-1.02,-134.60,35.34,-28.79,52.69,0.009,58.39,55.09,SERVOING_MANUALLY_CONTROLLED
117.03,0.1989,0.0136,0.5531,0.5188,0.5106,0.5090,0.4593,162.63,64.73,-1.02,-134.60,35.34,-28.79,52.69,0.009,58.39,55.09,SERVOING_MANUALLY_CONTROLLED
117.15,0.1989,0.0136,0.5531,0.5188,0.5106,0.5090,0.4593,162.63,64.73,-1.02,-134.60,35.34,-28.79,52.69,0.009,58.39,55.09,SERVOING_MANUALLY_CONTROLLED
117.27,0.1989,0.0136,0.5531,0.5188,0.5106,0.5090,0.4593,162.63,64.73,-1.02,-134.60,35.34,-28.79,52.69,0.009,58.39,55.09,SERVOING_MANUALLY_CONTROLLED
117.40,0.1989,0.0136,0.5531,0.5188,0.5106,0.5090,0.4593,162.63,64.73,-1.02,-134.60,35.34,-28.79,52.69,0.009,58.39,55.09,SERVOING_MANUALLY_CONTROLLED
117.52,0.1989,0.0136,0.5531,0.5188,0.5106,0.5090,0.4593,162.63,64.73,-1.02,-134.60,35.34,-28.79,52.69,0.009,58.39,55.09,SERVOING_MANUALLY_CONTROLLED
117.63,0.1989,0.0136,0.5531,0.5188,0.5106,0.5090,0.4593,162.63,64.73,-1.02,-134.60,35.34,-28.79,52.69,0.009,58.39,55.09,SERVOING_MANUALLY_CONTROLLED
117.75,0.1989,0.0136,0.5531,0.5188,0.5106,0.5090,0.4593,162.63,64.73,-1.02,-134.60,35.34,-28.79,52.69,0.009,58.39,55.09,SERVOING_MANUALLY_CONTROLLED
117.87,0.1989,0.0136,0.5531,0.5188,0.5106,0.5090,0.4593,162.63,64.73,-1.02,-134.60,35.34,-28.79,52.69,0.009,58.39,55.09,SERVOING_MANUALLY_CONTROLLED
118.00,0.1989,0.0136,0.5531,0.5188,0.5106,0.5090,0.4593,162.63,64.73,-1.02,-134.60,35.34,-28.79,52.69,0.009,58.39,55.09,SERVOING_MANUALLY_CONTROLLED
118.12,0.1989,0.0136,0.5531,0.5188,0.5106,0.5090,0.4593,162.63,64.73,-1.02,-134.60,35.34,-28.79,52.69,0.009,58.39,55.09,SERVOING_MANUALLY_CONTROLLED
118.25,0.1989,0.0136,0.5531,0.5188,0.5106,0.5090,0.4593,162.63,64.73,-1.02,-134.60,35.34,-28.79,52.69,0.009,58.39,55.09,SERVOING_MANUALLY_CONTROLLED
118.35,0.1989,0.0136,0.5531,0.5188,0.5106,0.5090,0.4593,162.63,64.73,-1.02,-134.60,35.34,-28.79,52.69,0.009,58.39,55.09,SERVOING_MANUALLY_CONTROLLED
118.47,0.1989,0.0136,0.5531,0.5188,0.5106,0.5090,0.4593,162.63,64.73,-1.02,-134.60,35.34,-28.79,52.69,0.009,58.39,55.09,SERVOING_MANUALLY_CONTROLLED
118.60,0.1989,0.0136,0.5531,0.5188,0.5106,0.5090,0.4593,162.63,64.73,-1.02,-134.60,35.34,-28.79,52.69,0.009,58.39,55.09,SERVOING_MANUALLY_CONTROLLED
118.72,0.1989,0.0136,0.5531,0.5188,0.5106,0.5090,0.4593,162.63,64.73,-1.02,-134.60,35.34,-28.79,52.69,0.009,58.39,55.09,SERVOING_MANUALLY_CONTROLLED
118.85,0.1989,0.0136,0.5531,0.5188,0.5106,0.5090,0.4593,162.63,64.73,-1.02,-134.60,35.34,-28.79,52.69,0.009,58.39,55.09,SERVOING_MANUALLY_CONTROLLED
118.97,0.1989,0.0136,0.5531,0.5188,0.5106,0.5090,0.4593,162.63,64.73,-1.02,-134.60,35.34,-28.79,52.69,0.009,58.39,55.09,SERVOING_MANUALLY_CONTROLLED
119.08,0.1989,0.0136,0.5531,0.5188,0.5106,0.5090,0.4593,162.63,64.73,-1.02,-134.60,35.34,-28.79,52.69,0.009,58.39,55.09,SERVOING_MANUALLY_CONTROLLED
119.20,0.1989,0.0136,0.5531,0.5188,0.5106,0.5090,0.4593,162.63,64.73,-1.02,-134.60,35.34,-28.79,52.69,0.009,58.39,55.09,SERVOING_MANUALLY_CONTROLLED
119.32,0.1989,0.0136,0.5531,0.5188,0.5106,0.5090,0.4593,162.63,64.73,-1.02,-134.60,35.34,-28.79,52.69,0.009,58.39,55.09,SERVOING_MANUALLY_CONTROLLED
119.45,0.1989,0.0136,0.5531,0.5188,0.5106,0.5090,0.4593,162.63,64.73,-1.02,-134.60,35.34,-28.79,52.69,0.009,58.39,55.09,SERVOING_MANUALLY_CONTROLLED
119.57,0.1989,0.0136,0.5531,0.5188,0.5106,0.5090,0.4593,162.63,64.73,-1.02,-134.60,35.34,-28.79,52.69,0.009,58.39,55.09,SERVOING_MANUALLY_CONTROLLED
119.70,0.1989,0.0136,0.5531,0.5188,0.5106,0.5090,0.4593,162.63,64.73,-1.02,-134.60,35.34,-28.79,52.69,0.009,58.39,55.09,SERVOING_MANUALLY_CONTROLLED
119.80,0.1989,0.0136,0.5531,0.5188,0.5106,0.5090,0.4593,162.63,64.73,-1.02,-134.60,35.34,-28.79,52.69,0.009,58.39,55.09,SERVOING_MANUALLY_CONTROLLED
119.92,0.1989,0.0136,0.5531,0.5188,0.5106,0.5090,0.4593,162.63,64.73,-1.02,-134.60,35.34,-28.79,52.69,0.009,58.39,55.09,SERVOING_MANUALLY_CONTROLLED
120.05,0.1989,0.0136,0.5531,0.5188,0.5106,0.5090,0.4593,162.63,64.73,-1.02,-134.60,35.34,-28.79,52.69,0.009,58.39,55.09,SERVOING_MANUALLY_CONTROLLED
120.17,0.1989,0.0136,0.5531,0.5188,0.5106,0.5090,0.4593,162.63,64.73,-1.02,-134.60,35.34,-28.79,52.69,0.009,58.39,55.09,SERVOING_MANUALLY_CONTROLLED
120.30,0.1989,0.0136,0.5531,0.5188,0.5106,0.5090,0.4593,162.63,64.73,-1.02,-134.60,35.34,-28.79,52.69,0.009,58.39,55.09,SERVOING_MANUALLY_CONTROLLED
120.42,0.1989,0.0136,0.5531,0.5188,0.5106,0.5090,0.4593,162.63,64.73,-1.02,-134.60,35.34,-28.79,52.69,0.009,58.39,55.09,SERVOING_MANUALLY_CONTROLLED
120.53,0.1989,0.0136,0.5531,0.5188,0.5106,0.5090,0.4593,162.63,64.73,-1.02,-134.60,35.34,-28.79,52.69,0.009,58.39,55.09,SERVOING_MANUALLY_CONTROLLED
120.65,0.1989,0.0136,0.5531,0.5188,0.5106,0.5090,0.4593,162.63,64.73,-1.02,-134.60,35.34,-28.79,52.69,0.009,58.39,55.09,SERVOING_MANUALLY_CONTROLLED
120.77,0.1989,0.0136,0.5531,0.5188,0.5106,0.5090,0.4593,162.63,64.73,-1.02,-134.60,35.34,-28.79,52.69,0.009,58.39,55.09,SERVOING_MANUALLY_CONTROLLED
120.90,0.1989,0.0136,0.5531,0.5188,0.5106,0.5090,0.4593,162.63,64.73,-1.02,-134.60,35.34,-28.79,52.69,0.009,58.39,55.09,SERVOING_MANUALLY_CONTROLLED
121.02,0.1989,0.0136,0.5531,0.5188,0.5106,0.5090,0.4593,162.63,64.73,-1.02,-134.60,35.34,-28.79,52.69,0.009,58.39,55.09,SERVOING_MANUALLY_CONTROLLED
121.13,0.1989,0.0136,0.5531,0.5188,0.5106,0.5090,0.4593,162.63,64.73,-1.02,-134.60,35.34,-28.79,52.69,0.009,58.39,55.09,SERVOING_MANUALLY_CONTROLLED
121.25,0.1989,0.0136,0.5531,0.5188,0.5106,0.5090,0.4593,162.63,64.73,-1.02,-134.60,35.34,-28.79,52.69,0.009,58.39,55.09,SERVOING_MANUALLY_CONTROLLED
121.37,0.1989,0.0136,0.5531,0.5188,0.5106,0.5090,0.4593,162.63,64.73,-1.02,-134.60,35.34,-28.79,52.69,0.009,58.39,55.09,SERVOING_READY
121.50,0.1989,0.0136,0.5531,0.5188,0.5106,0.5090,0.4593,162.63,64.73,-1.02,-134.60,35.34,-28.79,52.69,0.009,58.39,55.09,SERVOING_READY
121.62,0.1989,0.0136,0.5531,0.5188,0.5106,0.5090,0.4593,162.63,64.73,-1.02,-134.60,35.34,-28.79,52.69,0.009,58.39,55.09,SERVOING_READY
121.75,0.1989,0.0136,0.5531,0.5188,0.5106,0.5090,0.4593,162.63,64.73,-1.02,-134.60,35.34,-28.79,52.69,0.009,58.39,55.09,SERVOING_READY
121.85,0.1989,0.0136,0.5531,0.5188,0.5106,0.5090,0.4593,162.63,64.73,-1.02,-134.60,35.34,-28.79,52.69,0.009,58.39,55.09,SERVOING_READY
121.97,0.1989,0.0136,0.5531,0.5188,0.5106,0.5090,0.4593,162.63,64.73,-1.02,-134.60,35.34,-28.79,52.69,0.009,58.39,55.09,SERVOING_READY
122.10,0.1989,0.0136,0.5531,0.5188,0.5106,0.5090,0.4593,162.63,64.73,-1.02,-134.60,35.34,-28.79,52.69,0.009,58.39,55.09,SERVOING_READY
122.22,0.1989,0.0136,0.5531,0.5188,0.5106,0.5090,0.4593,162.63,64.73,-1.02,-134.60,35.34,-28.79,52.69,0.009,58.39,55.09,SERVOING_READY
122.35,0.1989,0.0136,0.5531,0.5188,0.5106,0.5090,0.4593,162.63,64.73,-1.02,-134.60,35.34,-28.79,52.69,0.009,58.39,55.09,SERVOING_READY
122.47,0.1989,0.0136,0.5531,0.5188,0.5106,0.5090,0.4593,162.63,64.73,-1.02,-134.60,35.34,-28.79,52.69,0.009,58.39,55.09,SERVOING_READY
122.58,0.1989,0.0136,0.5531,0.5188,0.5106,0.5090,0.4593,162.63,64.73,-1.02,-134.60,35.34,-28.79,52.69,0.009,58.39,55.09,SERVOING_READY
122.70,0.1989,0.0136,0.5531,0.5188,0.5106,0.5090,0.4593,162.63,64.73,-1.02,-134.60,35.34,-28.79,52.69,0.009,58.39,55.09,SERVOING_READY
122.82,0.1989,0.0136,0.5531,0.5188,0.5106,0.5090,0.4593,162.63,64.73,-1.02,-134.60,35.34,-28.79,52.69,0.009,58.39,55.09,SERVOING_READY
122.95,0.1989,0.0136,0.5531,0.5188,0.5106,0.5090,0.4593,162.63,64.73,-1.02,-134.60,35.34,-28.79,52.69,0.009,58.39,55.09,SERVOING_READY
123.07,0.1989,0.0136,0.5531,0.5188,0.5106,0.5090,0.4593,162.63,64.73,-1.02,-134.60,35.34,-28.79,52.69,0.009,58.39,55.09,SERVOING_READY
123.20,0.1989,0.0136,0.5531,0.5188,0.5106,0.5090,0.4593,162.63,64.73,-1.02,-134.60,35.34,-28.79,52.69,0.009,58.39,55.09,SERVOING_READY
123.30,0.1989,0.0136,0.5531,0.5188,0.5106,0.5090,0.4593,162.63,64.73,-1.02,-134.60,35.34,-28.79,52.69,0.009,58.39,55.09,SERVOING_READY
123.42,0.1989,0.0136,0.5531,0.5188,0.5106,0.5090,0.4593,162.63,64.73,-1.02,-134.60,35.34,-28.79,52.69,0.009,58.39,55.09,SERVOING_READY
123.55,0.1989,0.0136,0.5531,0.5188,0.5106,0.5090,0.4593,162.63,64.73,-1.02,-134.60,35.34,-28.79,52.69,0.009,58.39,55.09,SERVOING_READY
123.67,0.1989,0.0136,0.5531,0.5188,0.5106,0.5090,0.4593,162.63,64.73,-1.02,-134.60,35.34,-28.79,52.69,0.009,58.39,55.09,SERVOING_READY
123.80,0.1989,0.0136,0.5531,0.5188,0.5106,0.5090,0.4593,162.63,64.73,-1.02,-134.60,35.34,-28.79,52.69,0.009,58.39,55.09,SERVOING_READY
123.92,0.1989,0.0136,0.5531,0.5188,0.5106,0.5090,0.4593,162.63,64.73,-1.02,-134.60,35.34,-28.79,52.69,0.009,58.39,55.09,SERVOING_READY
124.03,0.1989,0.0136,0.5531,0.5188,0.5106,0.5090,0.4593,162.63,64.73,-1.02,-134.60,35.34,-28.79,52.69,0.009,58.39,55.09,SERVOING_READY
124.15,0.1989,0.0136,0.5531,0.5188,0.5106,0.5090,0.4593,162.63,64.73,-1.02,-134.60,35.34,-28.79,52.69,0.009,58.39,55.09,SERVOING_READY
124.27,0.1989,0.0136,0.5531,0.5188,0.5106,0.5090,0.4593,162.63,64.73,-1.02,-134.60,35.34,-28.79,52.69,0.009,58.39,55.09,SERVOING_READY
124.40,0.1989,0.0136,0.5531,0.5188,0.5106,0.5090,0.4593,162.63,64.73,-1.02,-134.60,35.34,-28.79,52.69,0.009,58.39,55.09,SERVOING_READY
124.52,0.1989,0.0136,0.5531,0.5188,0.5106,0.5090,0.4593,162.63,64.73,-1.02,-134.60,35.34,-28.79,52.69,0.009,58.39,55.09,SERVOING_READY
124.63,0.1989,0.0136,0.5531,0.5188,0.5106,0.5090,0.4593,162.63,64.73,-1.02,-134.60,35.34,-28.79,52.69,0.009,58.39,55.09,SERVOING_READY
124.75,0.1989,0.0136,0.5531,0.5188,0.5106,0.5090,0.4593,162.63,64.73,-1.02,-134.60,35.34,-28.79,52.69,0.009,58.39,55.09,SERVOING_READY
124.87,0.1989,0.0136,0.5531,0.5188,0.5106,0.5090,0.4593,162.63,64.73,-1.02,-134.60,35.34,-28.79,52.69,0.009,58.39,55.09,SERVOING_READY
125.00,0.1989,0.0136,0.5531,0.5188,0.5106,0.5090,0.4593,162.63,64.73,-1.02,-134.60,35.34,-28.79,52.69,0.009,58.39,55.09,SERVOING_READY
125.12,0.1989,0.0136,0.5531,0.5188,0.5106,0.5090,0.4593,162.63,64.73,-1.02,-134.60,35.34,-28.79,52.69,0.009,58.39,55.09,SERVOING_READY
125.25,0.1989,0.0136,0.5531,0.5188,0.5106,0.5090,0.4593,162.63,64.73,-1.02,-134.60,35.34,-28.79,52.69,0.009,58.39,55.09,SERVOING_READY
125.35,0.1989,0.0136,0.5531,0.5188,0.5106,0.5090,0.4593,162.63,64.73,-1.02,-134.60,35.34,-28.79,52.69,0.009,58.39,55.09,SERVOING_READY
125.47,0.1989,0.0136,0.5531,0.5188,0.5106,0.5090,0.4593,162.63,64.73,-1.02,-134.60,35.34,-28.79,52.69,0.009,58.39,55.09,SERVOING_READY
125.60,0.1989,0.0136,0.5531,0.5188,0.5106,0.5090,0.4593,162.63,64.73,-1.02,-134.60,35.34,-28.79,52.69,0.009,58.39,55.09,SERVOING_READY
125.72,0.1989,0.0136,0.5531,0.5188,0.5106,0.5090,0.4593,162.63,64.73,-1.02,-134.60,35.34,-28.79,52.69,0.009,58.39,55.09,SERVOING_READY
125.85,0.1989,0.0136,0.5531,0.5188,0.5106,0.5090,0.4593,162.63,64.73,-1.02,-134.60,35.34,-28.79,52.69,0.009,58.39,55.09,SERVOING_READY
125.97,0.1989,0.0136,0.5531,0.5188,0.5106,0.5090,0.4593,162.63,64.73,-1.02,-134.60,35.34,-28.79,52.69,0.009,58.39,55.09,SERVOING_READY
126.08,0.1989,0.0136,0.5531,0.5188,0.5106,0.5090,0.4593,162.63,64.73,-1.02,-134.60,35.34,-28.79,52.69,0.009,58.39,55.09,SERVOING_READY
126.20,0.1989,0.0136,0.5531,0.5188,0.5106,0.5090,0.4593,162.63,64.73,-1.02,-134.60,35.34,-28.79,52.69,0.009,58.39,55.09,SERVOING_READY
126.32,0.1989,0.0136,0.5531,0.5188,0.5106,0.5090,0.4593,162.63,64.73,-1.02,-134.60,35.34,-28.79,52.69,0.009,58.39,55.09,SERVOING_READY
126.45,0.1989,0.0136,0.5531,0.5188,0.5106,0.5090,0.4593,162.63,64.73,-1.02,-134.60,35.34,-28.79,52.69,0.009,58.39,55.09,SERVOING_READY
126.57,0.1989,0.0136,0.5531,0.5188,0.5106,0.5090,0.4593,162.63,64.73,-1.02,-134.60,35.34,-28.79,52.69,0.009,58.39,55.09,SERVOING_READY
126.70,0.1989,0.0136,0.5531,0.5188,0.5106,0.5090,0.4593,162.63,64.73,-1.02,-134.60,35.34,-28.79,52.69,0.009,58.39,55.09,SERVOING_READY
126.80,0.1989,0.0136,0.5531,0.5188,0.5106,0.5090,0.4593,162.63,64.73,-1.02,-134.60,35.34,-28.79,52.69,0.009,58.39,55.09,SERVOING_READY
126.92,0.1989,0.0136,0.5531,0.5188,0.5106,0.5090,0.4593,162.63,64.73,-1.02,-134.60,35.34,-28.79,52.69,0.009,58.39,55.09,SERVOING_READY
127.05,0.1989,0.0136,0.5531,0.5188,0.5106,0.5090,0.4593,162.63,64.73,-1.02,-134.60,35.34,-28.79,52.69,0.009,58.39,55.09,SERVOING_READY
127.17,0.1989,0.0136,0.5531,0.5188,0.5106,0.5090,0.4593,162.63,64.73,-1.02,-134.60,35.34,-28.79,52.69,0.009,58.39,55.09,SERVOING_READY
127.30,0.1989,0.0136,0.5531,0.5188,0.5106,0.5090,0.4593,162.63,64.73,-1.02,-134.60,35.34,-28.79,52.69,0.009,58.39,55.09,SERVOING_READY
127.42,0.1989,0.0136,0.5531,0.5188,0.5106,0.5090,0.4593,162.63,64.73,-1.02,-134.60,35.34,-28.79,52.69,0.009,58.39,55.09,SERVOING_READY
127.53,0.1989,0.0136,0.5531,0.5188,0.5106,0.5090,0.4593,162.63,64.73,-1.02,-134.60,35.34,-28.79,52.69,0.009,58.39,55.09,SERVOING_READY
127.65,0.1989,0.0136,0.5531,0.5188,0.5106,0.5090,0.4593,162.63,64.73,-1.02,-134.60,35.34,-28.79,52.69,0.009,58.39,55.09,SERVOING_READY
127.77,0.1989,0.0136,0.5531,0.5188,0.5106,0.5090,0.4593,162.63,64.73,-1.02,-134.60,35.34,-28.79,52.69,0.009,58.39,55.09,SERVOING_READY
127.90,0.1989,0.0136,0.5531,0.5188,0.5106,0.5090,0.4593,162.63,64.73,-1.02,-134.60,35.34,-28.79,52.69,0.009,58.39,55.09,SERVOING_READY
128.02,0.1989,0.0136,0.5531,0.5188,0.5106,0.5090,0.4593,162.63,64.73,-1.02,-134.60,35.34,-28.79,52.69,0.009,58.39,55.09,SERVOING_READY
128.13,0.1989,0.0136,0.5531,0.5188,0.5106,0.5090,0.4593,162.63,64.73,-1.02,-134.60,35.34,-28.79,52.69,0.009,58.39,55.09,SERVOING_READY
128.25,0.1989,0.0136,0.5531,0.5188,0.5106,0.5090,0.4593,162.63,64.73,-1.02,-134.60,35.34,-28.79,52.69,0.009,58.39,55.09,SERVOING_READY
128.37,0.1989,0.0136,0.5531,0.5188,0.5106,0.5090,0.4593,162.63,64.73,-1.02,-134.60,35.34,-28.79,52.69,0.009,58.39,55.09,SERVOING_READY
128.50,0.1989,0.0136,0.5531,0.5188,0.5106,0.5090,0.4593,162.63,64.73,-1.02,-134.60,35.34,-28.79,52.69,0.009,58.39,55.09,SERVOING_READY
128.62,0.1989,0.0136,0.5531,0.5188,0.5106,0.5090,0.4593,162.63,64.73,-1.02,-134.60,35.34,-28.79,52.69,0.009,58.39,55.09,SERVOING_READY
128.75,0.1989,0.0136,0.5531,0.5188,0.5106,0.5090,0.4593,162.63,64.73,-1.02,-134.60,35.34,-28.79,52.69,0.009,58.39,55.09,SERVOING_READY
128.85,0.1989,0.0136,0.5531,0.5188,0.5106,0.5090,0.4593,162.63,64.73,-1.02,-134.60,35.34,-28.79,52.69,0.009,58.39,55.09,SERVOING_READY
128.97,0.1989,0.0136,0.5531,0.5188,0.5106,0.5090,0.4593,162.63,64.73,-1.02,-134.60,35.34,-28.79,52.69,0.009,58.39,55.09,SERVOING_READY
129.10,0.1989,0.0136,0.5531,0.5188,0.5106,0.5090,0.4593,162.63,64.73,-1.02,-134.60,35.34,-28.79,52.69,0.009,58.39,55.09,SERVOING_READY
129.22,0.1989,0.0136,0.5531,0.5188,0.5106,0.5090,0.4593,162.63,64.73,-1.02,-134.60,35.34,-28.79,52.69,0.009,58.39,55.09,SERVOING_READY
129.35,0.1989,0.0136,0.5531,0.5188,0.5106,0.5090,0.4593,162.63,64.73,-1.02,-134.60,35.34,-28.79,52.69,0.009,58.39,55.09,SERVOING_READY
129.47,0.1989,0.0136,0.5531,0.5188,0.5106,0.5090,0.4593,162.63,64.73,-1.02,-134.60,35.34,-28.79,52.69,0.009,58.39,55.09,SERVOING_READY
129.58,0.1989,0.0136,0.5531,0.5188,0.5106,0.5090,0.4593,162.63,64.73,-1.02,-134.60,35.34,-28.79,52.69,0.009,58.39,55.09,SERVOING_READY
129.70,0.1989,0.0136,0.5531,0.5188,0.5106,0.5090,0.4593,162.63,64.73,-1.02,-134.60,35.34,-28.79,52.69,0.009,58.39,55.09,SERVOING_READY
129.82,0.1989,0.0136,0.5531,0.5188,0.5106,0.5090,0.4593,162.63,64.73,-1.02,-134.60,35.34,-28.79,52.69,0.009,58.39,55.09,SERVOING_READY
129.95,0.1989,0.0136,0.5531,0.5188,0.5106,0.5090,0.4593,162.63,64.73,-1.02,-134.60,35.34,-28.79,52.69,0.009,58.39,55.09,SERVOING_READY
130.07,0.1989,0.0136,0.5531,0.5188,0.5106,0.5090,0.4593,162.63,64.73,-1.02,-134.60,35.34,-28.79,52.69,0.009,58.39,55.09,SERVOING_READY
130.20,0.1989,0.0136,0.5531,0.5188,0.5106,0.5090,0.4593,162.63,64.73,-1.02,-134.60,35.34,-28.79,52.69,0.009,58.39,55.09,SERVOING_READY
130.30,0.1989,0.0136,0.5531,0.5188,0.5106,0.5090,0.4593,162.63,64.73,-1.02,-134.60,35.34,-28.79,52.69,0.009,58.39,55.09,SERVOING_READY
130.42,0.1989,0.0136,0.5531,0.5188,0.5106,0.5090,0.4593,162.63,64.73,-1.02,-134.60,35.34,-28.79,52.69,0.009,58.39,55.09,SERVOING_READY
130.55,0.1989,0.0136,0.5531,0.5188,0.5106,0.5090,0.4593,162.63,64.73,-1.02,-134.60,35.34,-28.79,52.69,0.009,58.39,55.09,SERVOING_READY
130.67,0.1989,0.0136,0.5531,0.5188,0.5106,0.5090,0.4593,162.63,64.73,-1.02,-134.60,35.34,-28.79,52.69,0.009,58.39,55.09,SERVOING_READY
130.80,0.1989,0.0136,0.5531,0.5188,0.5106,0.5090,0.4593,162.63,64.73,-1.02,-134.60,35.34,-28.79,52.69,0.009,58.39,55.09,SERVOING_READY
130.92,0.1989,0.0136,0.5531,0.5188,0.5106,0.5090,0.4593,162.63,64.73,-1.02,-134.60,35.34,-28.79,52.69,0.009,58.39,55.09,SERVOING_READY
131.03,0.1989,0.0136,0.5531,0.5188,0.5106,0.5090,0.4593,162.63,64.73,-1.02,-134.60,35.34,-28.79,52.69,0.009,58.39,55.09,SERVOING_READY
131.15,0.1989,0.0136,0.5531,0.5188,0.5106,0.5090,0.4593,162.63,64.73,-1.02,-134.60,35.34,-28.79,52.69,0.009,58.39,55.09,SERVOING_READY
131.27,0.1989,0.0136,0.5531,0.5188,0.5106,0.5090,0.4593,162.63,64.73,-1.02,-134.60,35.34,-28.79,52.69,0.009,58.39,55.09,SERVOING_READY
131.40,0.1989,0.0136,0.5531,0.5188,0.5106,0.5090,0.4593,162.63,64.73,-1.02,-134.60,35.34,-28.79,52.69,0.009,58.39,55.09,SERVOING_READY
131.52,0.1989,0.0136,0.5531,0.5188,0.5106,0.5090,0.4593,162.63,64.73,-1.02,-134.60,35.34,-28.79,52.69,0.009,58.39,55.09,SERVOING_READY
131.63,0.1989,0.0136,0.5531,0.5188,0.5106,0.5090,0.4593,162.63,64.73,-1.02,-134.60,35.34,-28.79,52.69,0.009,58.39,55.09,SERVOING_READY
131.75,0.1989,0.0136,0.5531,0.5188,0.5106,0.5090,0.4593,162.63,64.73,-1.02,-134.60,35.34,-28.79,52.69,0.009,58.39,55.09,SERVOING_READY
131.87,0.1989,0.0136,0.5531,0.5188,0.5106,0.5090,0.4593,162.63,64.73,-1.02,-134.60,35.34,-28.79,52.69,0.009,58.39,55.09,SERVOING_READY
132.00,0.1989,0.0136,0.5531,0.5188,0.5106,0.5090,0.4593,162.63,64.73,-1.02,-134.60,35.34,-28.79,52.69,0.009,58.39,55.09,SERVOING_READY
132.12,0.1989,0.0136,0.5531,0.5188,0.5106,0.5090,0.4593,162.63,64.73,-1.02,-134.60,35.34,-28.79,52.69,0.009,58.39,55.09,SERVOING_READY
132.25,0.1989,0.0136,0.5531,0.5188,0.5106,0.5090,0.4593,162.63,64.73,-1.02,-134.60,35.34,-28.79,52.69,0.009,58.39,55.09,SERVOING_READY
132.35,0.1989,0.0136,0.5531,0.5188,0.5106,0.5090,0.4593,162.63,64.73,-1.02,-134.60,35.34,-28.79,52.69,0.009,58.39,55.09,SERVOING_READY
132.47,0.1989,0.0136,0.5531,0.5188,0.5106,0.5090,0.4593,162.63,64.73,-1.02,-134.60,35.34,-28.79,52.69,0.009,58.39,55.09,SERVOING_READY
132.60,0.1989,0.0136,0.5531,0.5188,0.5106,0.5090,0.4593,162.63,64.73,-1.02,-134.60,35.34,-28.79,52.69,0.009,58.39,55.09,SERVOING_READY
132.72,0.1989,0.0136,0.5531,0.5188,0.5106,0.5090,0.4593,162.63,64.73,-1.02,-134.60,35.34,-28.79,52.69,0.009,58.39,55.09,SERVOING_READY
132.85,0.1989,0.0136,0.5531,0.5188,0.5106,0.5090,0.4593,162.63,64.73,-1.02,-134.60,35.34,-28.79,52.69,0.009,58.39,55.09,SERVOING_READY
132.97,0.1989,0.0136,0.5531,0.5188,0.5106,0.5090,0.4593,162.63,64.73,-1.02,-134.60,35.34,-28.79,52.69,0.009,58.39,55.09,SERVOING_READY
133.08,0.1989,0.0136,0.5531,0.5188,0.5106,0.5090,0.4593,162.63,64.73,-1.02,-134.60,35.34,-28.79,52.69,0.009,58.39,55.09,SERVOING_READY
133.20,0.1989,0.0136,0.5531,0.5188,0.5106,0.5090,0.4593,162.63,64.73,-1.02,-134.60,35.34,-28.79,52.69,0.009,58.39,55.09,SERVOING_READY
133.32,0.1989,0.0136,0.5531,0.5188,0.5106,0.5090,0.4593,162.63,64.73,-1.02,-134.60,35.34,-28.79,52.69,0.009,58.39,55.09,SERVOING_READY
133.45,0.1989,0.0136,0.5531,0.5188,0.5106,0.5090,0.4593,162.63,64.73,-1.02,-134.60,35.34,-28.79,52.69,0.009,58.39,55.09,SERVOING_READY
133.57,0.1989,0.0136,0.5531,0.5188,0.5106,0.5090,0.4593,162.63,64.73,-1.02,-134.60,35.34,-28.79,52.69,0.009,58.39,55.09,SERVOING_READY
133.70,0.1989,0.0136,0.5531,0.5188,0.5106,0.5090,0.4593,162.63,64.73,-1.02,-134.60,35.34,-28.79,52.69,0.009,58.39,55.09,SERVOING_READY
133.80,0.1989,0.0136,0.5531,0.5188,0.5106,0.5090,0.4593,162.63,64.73,-1.02,-134.60,35.34,-28.79,52.69,0.009,58.39,55.09,SERVOING_READY
133.92,0.1989,0.0136,0.5531,0.5188,0.5106,0.5090,0.4593,162.63,64.73,-1.02,-134.60,35.34,-28.79,52.69,0.009,58.39,55.09,SERVOING_READY
134.05,0.1989,0.0136,0.5531,0.5188,0.5106,0.5090,0.4593,162.63,64.73,-1.02,-134.60,35.34,-28.79,52.69,0.009,58.39,55.09,SERVOING_READY
134.17,0.1989,0.0136,0.5531,0.5188,0.5106,0.5090,0.4593,162.63,64.73,-1.02,-134.60,35.34,-28.79,52.69,0.009,58.39,55.09,SERVOING_READY
134.30,0.1989,0.0136,0.5531,0.5188,0.5106,0.5090,0.4593,162.63,64.73,-1.02,-134.60,35.34,-28.79,52.69,0.009,58.39,55.09,SERVOING_READY
134.42,0.1989,0.0136,0.5531,0.5188,0.5106,0.5090,0.4593,162.63,64.73,-1.02,-134.60,35.34,-28.79,52.69,0.009,58.39,55.09,SERVOING_READY
134.53,0.1989,0.0136,0.5531,0.5188,0.5106,0.5090,0.4593,162.63,64.73,-1.02,-134.60,35.34,-28.79,52.69,0.009,58.39,55.09,SERVOING_READY
134.65,0.1989,0.0136,0.5531,0.5188,0.5106,0.5090,0.4593,162.63,64.73,-1.02,-134.60,35.34,-28.79,52.69,0.009,58.39,55.09,SERVOING_READY
134.77,0.1989,0.0136,0.5531,0.5188,0.5106,0.5090,0.4593,162.63,64.73,-1.02,-134.60,35.34,-28.79,52.69,0.009,58.39,55.09,SERVOING_READY
134.90,0.1989,0.0136,0.5531,0.5188,0.5106,0.5090,0.4593,162.63,64.73,-1.02,-134.60,35.34,-28.79,52.69,0.009,58.39,55.09,SERVOING_READY
135.02,0.1989,0.0136,0.5531,0.5188,0.5106,0.5090,0.4593,162.63,64.73,-1.02,-134.60,35.34,-28.79,52.69,0.009,58.39,55.09,SERVOING_READY
135.13,0.1989,0.0136,0.5531,0.5188,0.5106,0.5090,0.4593,162.63,64.73,-1.02,-134.60,35.34,-28.79,52.69,0.009,58.39,55.09,SERVOING_READY
135.25,0.1989,0.0136,0.5531,0.5188,0.5106,0.5090,0.4593,162.63,64.73,-1.02,-134.60,35.34,-28.79,52.69,0.009,58.39,55.09,SERVOING_READY
135.37,0.1989,0.0136,0.5531,0.5188,0.5106,0.5090,0.4593,162.63,64.73,-1.02,-134.60,35.34,-28.79,52.69,0.009,58.39,55.09,SERVOING_READY
135.50,0.1989,0.0136,0.5531,0.5188,0.5106,0.5090,0.4593,162.63,64.73,-1.02,-134.60,35.34,-28.79,52.69,0.009,58.39,55.09,SERVOING_READY
135.62,0.1989,0.0136,0.5531,0.5188,0.5106,0.5090,0.4593,162.63,64.73,-1.02,-134.60,35.34,-28.79,52.69,0.009,58.39,55.09,SERVOING_READY
135.75,0.1989,0.0136,0.5531,0.5188,0.5106,0.5090,0.4593,162.63,64.73,-1.02,-134.60,35.34,-28.79,52.69,0.009,58.39,55.09,SERVOING_READY
135.85,0.1989,0.0136,0.5531,0.5188,0.5106,0.5090,0.4593,162.63,64.73,-1.02,-134.60,35.34,-28.79,52.69,0.009,58.39,55.09,SERVOING_READY
135.97,0.1989,0.0136,0.5531,0.5188,0.5106,0.5090,0.4593,162.63,64.73,-1.02,-134.60,35.34,-28.79,52.69,0.009,58.39,55.09,SERVOING_READY
136.10,0.1989,0.0136,0.5531,0.5188,0.5106,0.5090,0.4593,162.63,64.73,-1.02,-134.60,35.34,-28.79,52.69,0.009,58.39,55.09,SERVOING_READY
136.22,0.1989,0.0136,0.5531,0.5188,0.5106,0.5090,0.4593,162.63,64.73,-1.02,-134.60,35.34,-28.79,52.69,0.009,58.39,55.09,SERVOING_READY
136.35,0.1989,0.0136,0.5531,0.5188,0.5106,0.5090,0.4593,162.63,64.73,-1.02,-134.60,35.34,-28.79,52.69,0.009,58.39,55.09,SERVOING_READY
136.47,0.1989,0.0136,0.5531,0.5188,0.5106,0.5090,0.4593,162.63,64.73,-1.02,-134.60,35.34,-28.79,52.69,0.009,58.39,55.09,SERVOING_READY
136.58,0.1989,0.0136,0.5531,0.5188,0.5106,0.5090,0.4593,162.63,64.73,-1.02,-134.60,35.34,-28.79,52.69,0.009,58.39,55.09,SERVOING_READY
136.70,0.1989,0.0136,0.5531,0.5188,0.5106,0.5090,0.4593,162.63,64.73,-1.02,-134.60,35.34,-28.79,52.69,0.009,58.39,55.09,SERVOING_READY
136.82,0.1989,0.0136,0.5531,0.5188,0.5106,0.5090,0.4593,162.63,64.73,-1.02,-134.60,35.34,-28.79,52.69,0.009,58.39,55.09,SERVOING_READY
136.95,0.1989,0.0136,0.5531,0.5188,0.5106,0.5090,0.4593,162.63,64.73,-1.02,-134.60,35.34,-28.79,52.69,0.009,58.39,55.09,SERVOING_READY
137.07,0.1989,0.0136,0.5531,0.5188,0.5106,0.5090,0.4593,162.63,64.73,-1.02,-134.60,35.34,-28.79,52.69,0.009,58.39,55.09,SERVOING_READY
137.20,0.1989,0.0136,0.5531,0.5188,0.5106,0.5090,0.4593,162.63,64.73,-1.02,-134.60,35.34,-28.79,52.69,0.009,58.39,55.09,SERVOING_READY
137.30,0.1989,0.0136,0.5531,0.5188,0.5106,0.5090,0.4593,162.63,64.73,-1.02,-134.60,35.34,-28.79,52.69,0.009,58.39,55.09,SERVOING_READY
137.42,0.1989,0.0136,0.5531,0.5188,0.5106,0.5090,0.4593,162.63,64.73,-1.02,-134.60,35.34,-28.79,52.69,0.009,58.39,55.09,SERVOING_READY
137.55,0.1989,0.0136,0.5531,0.5188,0.5106,0.5090,0.4593,162.63,64.73,-1.02,-134.60,35.34,-28.79,52.69,0.009,58.39,55.09,SERVOING_READY
137.67,0.1989,0.0136,0.5531,0.5188,0.5106,0.5090,0.4593,162.63,64.73,-1.02,-134.60,35.34,-28.79,52.69,0.009,58.39,55.09,SERVOING_READY
137.80,0.1989,0.0136,0.5531,0.5188,0.5106,0.5090,0.4593,162.63,64.73,-1.02,-134.60,35.34,-28.79,52.69,0.009,58.39,55.09,SERVOING_READY
137.92,0.1989,0.0136,0.5531,0.5188,0.5106,0.5090,0.4593,162.63,64.73,-1.02,-134.60,35.34,-28.79,52.69,0.009,58.39,55.09,SERVOING_READY
138.03,0.1989,0.0136,0.5531,0.5188,0.5106,0.5090,0.4593,162.63,64.73,-1.02,-134.60,35.34,-28.79,52.69,0.009,58.39,55.09,SERVOING_READY
138.15,0.1989,0.0136,0.5531,0.5188,0.5106,0.5090,0.4593,162.63,64.73,-1.02,-134.60,35.34,-28.79,52.69,0.009,58.39,55.09,SERVOING_READY
138.27,0.1989,0.0136,0.5531,0.5188,0.5106,0.5090,0.4593,162.63,64.73,-1.02,-134.60,35.34,-28.79,52.69,0.009,58.39,55.09,SERVOING_READY
138.40,0.1989,0.0136,0.5531,0.5188,0.5106,0.5090,0.4593,162.63,64.73,-1.02,-134.60,35.34,-28.79,52.69,0.009,58.39,55.09,SERVOING_READY
138.52,0.1989,0.0136,0.5531,0.5188,0.5106,0.5090,0.4593,162.63,64.73,-1.02,-134.60,35.34,-28.79,52.69,0.009,58.39,55.09,SERVOING_READY
138.63,0.1989,0.0136,0.5531,0.5188,0.5106,0.5090,0.4593,162.63,64.73,-1.02,-134.60,35.34,-28.79,52.69,0.009,58.39,55.09,SERVOING_READY
138.75,0.1989,0.0136,0.5531,0.5188,0.5106,0.5090,0.4593,162.63,64.73,-1.02,-134.60,35.34,-28.79,52.69,0.009,58.39,55.09,SERVOING_READY
138.87,0.1989,0.0136,0.5531,0.5188,0.5106,0.5090,0.4593,162.63,64.73,-1.02,-134.60,35.34,-28.79,52.69,0.009,58.39,55.09,SERVOING_READY
139.00,0.1989,0.0136,0.5531,0.5188,0.5106,0.5090,0.4593,162.63,64.73,-1.02,-134.60,35.34,-28.79,52.69,0.009,58.39,55.09,SERVOING_READY
139.12,0.1989,0.0136,0.5531,0.5188,0.5106,0.5090,0.4593,162.63,64.73,-1.02,-134.60,35.34,-28.79,52.69,0.009,58.39,55.09,SERVOING_READY
139.25,0.1989,0.0136,0.5531,0.5188,0.5106,0.5090,0.4593,162.63,64.73,-1.02,-134.60,35.34,-28.79,52.69,0.009,58.39,55.09,SERVOING_READY
139.35,0.1989,0.0136,0.5531,0.5188,0.5106,0.5090,0.4593,162.63,64.73,-1.02,-134.60,35.34,-28.79,52.69,0.009,58.39,55.09,SERVOING_READY
139.47,0.1989,0.0136,0.5531,0.5188,0.5106,0.5090,0.4593,162.63,64.73,-1.02,-134.60,35.34,-28.79,52.69,0.009,58.39,55.09,SERVOING_READY
139.60,0.1989,0.0136,0.5531,0.5188,0.5106,0.5090,0.4593,162.63,64.73,-1.02,-134.60,35.34,-28.79,52.69,0.009,58.39,55.09,SERVOING_READY
139.72,0.1989,0.0136,0.5531,0.5188,0.5106,0.5090,0.4593,162.63,64.73,-1.02,-134.60,35.34,-28.79,52.69,0.009,58.39,55.09,SERVOING_READY
139.85,0.1989,0.0136,0.5531,0.5188,0.5106,0.5090,0.4593,162.63,64.73,-1.02,-134.60,35.34,-28.79,52.69,0.009,58.39,55.09,SERVOING_READY
139.97,0.1989,0.0136,0.5531,0.5188,0.5106,0.5090,0.4593,162.63,64.73,-1.02,-134.60,35.34,-28.79,52.69,0.009,58.39,55.09,SERVOING_READY
140.08,0.1989,0.0136,0.5531,0.5188,0.5106,0.5090,0.4593,162.63,64.73,-1.02,-134.60,35.34,-28.79,52.69,0.009,58.39,55.09,SERVOING_READY
140.20,0.1989,0.0136,0.5531,0.5188,0.5106,0.5090,0.4593,162.63,64.73,-1.02,-134.60,35.34,-28.79,52.69,0.009,58.39,55.09,SERVOING_READY
140.32,0.1989,0.0136,0.5531,0.5188,0.5106,0.5090,0.4593,162.63,64.73,-1.02,-134.60,35.34,-28.79,52.69,0.009,58.39,55.09,SERVOING_READY
140.45,0.1989,0.0136,0.5531,0.5188,0.5106,0.5090,0.4593,162.63,64.73,-1.02,-134.60,35.34,-28.79,52.69,0.009,58.39,55.09,SERVOING_READY
140.57,0.1989,0.0136,0.5531,0.5188,0.5106,0.5090,0.4593,162.63,64.73,-1.02,-134.60,35.34,-28.79,52.69,0.009,58.39,55.09,SERVOING_READY
140.70,0.1989,0.0136,0.5531,0.5188,0.5106,0.5090,0.4593,162.63,64.73,-1.02,-134.60,35.34,-28.79,52.69,0.009,58.39,55.09,SERVOING_READY
140.80,0.1989,0.0136,0.5531,0.5188,0.5106,0.5090,0.4593,162.63,64.73,-1.02,-134.60,35.34,-28.79,52.69,0.009,58.39,55.09,SERVOING_READY
140.92,0.1989,0.0136,0.5531,0.5188,0.5106,0.5090,0.4593,162.63,64.73,-1.02,-134.60,35.34,-28.79,52.69,0.009,58.39,55.09,SERVOING_READY
141.05,0.1989,0.0136,0.5531,0.5188,0.5106,0.5090,0.4593,162.63,64.73,-1.02,-134.60,35.34,-28.79,52.69,0.009,58.39,55.09,SERVOING_READY
141.17,0.1989,0.0136,0.5531,0.5188,0.5106,0.5090,0.4593,162.63,64.73,-1.02,-134.60,35.34,-28.79,52.69,0.009,58.39,55.09,SERVOING_READY
141.30,0.1989,0.0136,0.5531,0.5188,0.5106,0.5090,0.4593,162.63,64.73,-1.02,-134.60,35.34,-28.79,52.69,0.009,58.39,55.09,SERVOING_READY
141.42,0.1989,0.0136,0.5531,0.5188,0.5106,0.5090,0.4593,162.63,64.73,-1.02,-134.60,35.34,-28.79,52.69,0.009,58.39,55.09,SERVOING_READY
141.53,0.1989,0.0136,0.5531,0.5188,0.5106,0.5090,0.4593,162.63,64.73,-1.02,-134.60,35.34,-28.79,52.69,0.009,58.39,55.09,SERVOING_READY
141.65,0.1989,0.0136,0.5531,0.5188,0.5106,0.5090,0.4593,162.63,64.73,-1.02,-134.60,35.34,-28.79,52.69,0.009,58.39,55.09,SERVOING_READY
141.77,0.1989,0.0136,0.5531,0.5188,0.5106,0.5090,0.4593,162.63,64.73,-1.02,-134.60,35.34,-28.79,52.69,0.009,58.39,55.09,SERVOING_READY
141.90,0.1989,0.0136,0.5531,0.5188,0.5106,0.5090,0.4593,162.63,64.73,-1.02,-134.60,35.34,-28.79,52.69,0.009,58.39,55.09,SERVOING_READY
142.02,0.1989,0.0136,0.5531,0.5188,0.5106,0.5090,0.4593,162.63,64.73,-1.02,-134.60,35.34,-28.79,52.69,0.009,58.39,55.09,SERVOING_READY
142.13,0.1989,0.0136,0.5531,0.5188,0.5106,0.5090,0.4593,162.63,64.73,-1.02,-134.60,35.34,-28.79,52.69,0.009,58.39,55.09,SERVOING_READY
142.25,0.1989,0.0136,0.5531,0.5188,0.5106,0.5090,0.4593,162.63,64.73,-1.02,-134.60,35.34,-28.79,52.69,0.009,58.39,55.09,SERVOING_READY
142.37,0.1989,0.0136,0.5531,0.5188,0.5106,0.5090,0.4593,162.63,64.73,-1.02,-134.60,35.34,-28.79,52.69,0.009,58.39,55.09,SERVOING_READY
142.50,0.1989,0.0136,0.5531,0.5188,0.5106,0.5090,0.4593,162.63,64.73,-1.02,-134.60,35.34,-28.79,52.69,0.009,58.39,55.09,SERVOING_READY
142.62,0.1989,0.0136,0.5531,0.5188,0.5106,0.5090,0.4593,162.63,64.73,-1.02,-134.60,35.34,-28.79,52.69,0.009,58.39,55.09,SERVOING_READY
142.75,0.1989,0.0136,0.5531,0.5188,0.5106,0.5090,0.4593,162.63,64.73,-1.02,-134.60,35.34,-28.79,52.69,0.009,58.39,55.09,SERVOING_READY
142.85,0.1989,0.0136,0.5531,0.5188,0.5106,0.5090,0.4593,162.63,64.73,-1.02,-134.60,35.34,-28.79,52.69,0.009,58.39,55.09,SERVOING_READY
142.97,0.1989,0.0136,0.5531,0.5188,0.5106,0.5090,0.4593,162.63,64.73,-1.02,-134.60,35.34,-28.79,52.69,0.009,58.39,55.09,SERVOING_READY
143.10,0.1989,0.0136,0.5531,0.5188,0.5106,0.5090,0.4593,162.63,64.73,-1.02,-134.60,35.34,-28.79,52.69,0.009,58.39,55.09,SERVOING_READY
143.22,0.1989,0.0136,0.5531,0.5188,0.5106,0.5090,0.4593,162.63,64.73,-1.02,-134.60,35.34,-28.79,52.69,0.009,58.39,55.09,SERVOING_READY
143.35,0.1989,0.0136,0.5531,0.5188,0.5106,0.5090,0.4593,162.63,64.73,-1.02,-134.60,35.34,-28.79,52.69,0.009,58.39,55.09,SERVOING_READY
143.47,0.1989,0.0136,0.5531,0.5188,0.5106,0.5090,0.4593,162.63,64.73,-1.02,-134.60,35.34,-28.79,52.69,0.009,58.39,55.09,SERVOING_READY
143.58,0.1989,0.0136,0.5531,0.5188,0.5106,0.5090,0.4593,162.63,64.73,-1.02,-134.60,35.34,-28.79,52.69,0.009,58.39,55.09,SERVOING_READY
143.70,0.1989,0.0136,0.5531,0.5188,0.5106,0.5090,0.4593,162.63,64.73,-1.02,-134.60,35.34,-28.79,52.69,0.009,58.39,55.09,SERVOING_READY
143.82,0.1989,0.0136,0.5531,0.5188,0.5106,0.5090,0.4593,162.63,64.73,-1.02,-134.60,35.34,-28.79,52.69,0.009,58.39,55.09,SERVOING_READY
143.95,0.1989,0.0136,0.5531,0.5188,0.5106,0.5090,0.4593,162.63,64.73,-1.02,-134.60,35.34,-28.79,52.69,0.009,58.39,55.09,SERVOING_READY
144.07,0.1989,0.0136,0.5531,0.5188,0.5106,0.5090,0.4593,162.63,64.73,-1.02,-134.60,35.34,-28.79,52.69,0.009,58.39,55.09,SERVOING_READY
144.20,0.1989,0.0136,0.5531,0.5188,0.5106,0.5090,0.4593,162.63,64.73,-1.02,-134.60,35.34,-28.79,52.69,0.009,58.39,55.09,SERVOING_READY
144.30,0.1989,0.0136,0.5531,0.5188,0.5106,0.5090,0.4593,162.63,64.73,-1.02,-134.60,35.34,-28.79,52.69,0.009,58.39,55.09,SERVOING_READY
144.42,0.1989,0.0136,0.5531,0.5188,0.5106,0.5090,0.4593,162.63,64.73,-1.02,-134.60,35.34,-28.79,52.69,0.009,58.39,55.09,SERVOING_READY
144.55,0.1989,0.0136,0.5531,0.5188,0.5106,0.5090,0.4593,162.63,64.73,-1.02,-134.60,35.34,-28.79,52.69,0.009,58.39,55.09,SERVOING_READY
144.67,0.1989,0.0136,0.5531,0.5188,0.5106,0.5090,0.4593,162.63,64.73,-1.02,-134.60,35.34,-28.79,52.69,0.009,58.39,55.09,SERVOING_READY
144.80,0.1989,0.0136,0.5531,0.5188,0.5106,0.5090,0.4593,162.63,64.73,-1.02,-134.60,35.34,-28.79,52.69,0.009,58.39,55.09,SERVOING_READY
144.92,0.1989,0.0136,0.5531,0.5188,0.5106,0.5090,0.4593,162.63,64.73,-1.02,-134.60,35.34,-28.79,52.69,0.009,58.39,55.09,SERVOING_READY
145.03,0.1989,0.0136,0.5531,0.5188,0.5106,0.5090,0.4593,162.63,64.73,-1.02,-134.60,35.34,-28.79,52.69,0.009,58.39,55.09,SERVOING_READY
145.15,0.1989,0.0136,0.5531,0.5188,0.5106,0.5090,0.4593,162.63,64.73,-1.02,-134.60,35.34,-28.79,52.69,0.009,58.39,55.09,SERVOING_READY
145.27,0.1989,0.0136,0.5531,0.5188,0.5106,0.5090,0.4593,162.63,64.73,-1.02,-134.60,35.34,-28.79,52.69,0.009,58.39,55.09,SERVOING_READY
145.40,0.1989,0.0136,0.5531,0.5188,0.5106,0.5090,0.4593,162.63,64.73,-1.02,-134.60,35.34,-28.79,52.69,0.009,58.39,55.09,SERVOING_READY
145.52,0.1989,0.0136,0.5531,0.5188,0.5106,0.5090,0.4593,162.63,64.73,-1.02,-134.60,35.34,-28.79,52.69,0.009,58.39,55.09,SERVOING_READY
145.63,0.1989,0.0136,0.5531,0.5188,0.5106,0.5090,0.4593,162.63,64.73,-1.02,-134.60,35.34,-28.79,52.69,0.009,58.39,55.09,SERVOING_READY
145.75,0.1989,0.0136,0.5531,0.5188,0.5106,0.5090,0.4593,162.63,64.73,-1.02,-134.60,35.34,-28.79,52.69,0.009,58.39,55.09,SERVOING_READY
145.87,0.1989,0.0136,0.5531,0.5188,0.5106,0.5090,0.4593,162.63,64.73,-1.02,-134.60,35.34,-28.79,52.69,0.009,58.39,55.09,SERVOING_READY
146.00,0.1989,0.0136,0.5531,0.5188,0.5106,0.5090,0.4593,162.63,64.73,-1.02,-134.60,35.34,-28.79,52.69,0.009,58.39,55.09,SERVOING_READY
146.12,0.1989,0.0136,0.5531,0.5188,0.5106,0.5090,0.4593,162.63,64.73,-1.02,-134.60,35.34,-28.79,52.69,0.009,58.39,55.09,SERVOING_READY
146.25,0.1989,0.0136,0.5531,0.5188,0.5106,0.5090,0.4593,162.63,64.73,-1.02,-134.60,35.34,-28.79,52.69,0.009,58.39,55.09,SERVOING_READY
146.35,0.1989,0.0136,0.5531,0.5188,0.5106,0.5090,0.4593,162.63,64.73,-1.02,-134.60,35.34,-28.79,52.69,0.009,58.39,55.09,SERVOING_READY
146.47,0.1989,0.0136,0.5531,0.5188,0.5106,0.5090,0.4593,162.63,64.73,-1.02,-134.60,35.34,-28.79,52.69,0.009,58.39,55.09,SERVOING_READY
146.60,0.1989,0.0136,0.5531,0.5188,0.5106,0.5090,0.4593,162.63,64.73,-1.02,-134.60,35.34,-28.79,52.69,0.009,58.39,55.09,SERVOING_READY
146.72,0.1989,0.0136,0.5531,0.5188,0.5106,0.5090,0.4593,162.63,64.73,-1.02,-134.60,35.34,-28.79,52.69,0.009,58.39,55.09,SERVOING_READY
146.85,0.1989,0.0136,0.5531,0.5188,0.5106,0.5090,0.4593,162.63,64.73,-1.02,-134.60,35.34,-28.79,52.69,0.009,58.39,55.09,SERVOING_READY
146.97,0.1989,0.0136,0.5531,0.5188,0.5106,0.5090,0.4593,162.63,64.73,-1.02,-134.60,35.34,-28.79,52.69,0.009,58.39,55.09,SERVOING_READY
147.08,0.1989,0.0136,0.5531,0.5188,0.5106,0.5090,0.4593,162.63,64.73,-1.02,-134.60,35.34,-28.79,52.69,0.009,58.39,55.09,SERVOING_READY
147.20,0.1989,0.0136,0.5531,0.5188,0.5106,0.5090,0.4593,162.63,64.73,-1.02,-134.60,35.34,-28.79,52.69,0.009,58.39,55.09,SERVOING_READY
147.32,0.1989,0.0136,0.5531,0.5188,0.5106,0.5090,0.4593,162.63,64.73,-1.02,-134.60,35.34,-28.79,52.69,0.009,58.39,55.09,SERVOING_READY
147.45,0.1989,0.0136,0.5531,0.5188,0.5106,0.5090,0.4593,162.63,64.73,-1.02,-134.60,35.34,-28.79,52.69,0.009,58.39,55.09,SERVOING_READY
147.57,0.1989,0.0136,0.5531,0.5188,0.5106,0.5090,0.4593,162.63,64.73,-1.02,-134.60,35.34,-28.79,52.69,0.009,58.39,55.09,SERVOING_READY
147.70,0.1989,0.0136,0.5531,0.5188,0.5106,0.5090,0.4593,162.63,64.73,-1.02,-134.60,35.34,-28.79,52.69,0.009,58.39,55.09,SERVOING_READY
147.80,0.1989,0.0136,0.5531,0.5188,0.5106,0.5090,0.4593,162.63,64.73,-1.02,-134.60,35.34,-28.79,52.69,0.009,58.39,55.09,SERVOING_READY
147.92,0.1989,0.0136,0.5531,0.5188,0.5106,0.5090,0.4593,162.63,64.73,-1.02,-134.60,35.34,-28.79,52.69,0.009,58.39,55.09,SERVOING_READY
148.05,0.1989,0.0136,0.5531,0.5188,0.5106,0.5090,0.4593,162.63,64.73,-1.02,-134.60,35.34,-28.79,52.69,0.009,58.39,55.09,SERVOING_READY
148.17,0.1989,0.0136,0.5531,0.5188,0.5106,0.5090,0.4593,162.63,64.73,-1.02,-134.60,35.34,-28.79,52.69,0.009,58.39,55.09,SERVOING_READY
148.30,0.1989,0.0136,0.5531,0.5188,0.5106,0.5090,0.4593,162.63,64.73,-1.02,-134.60,35.34,-28.79,52.69,0.009,58.39,55.09,SERVOING_READY
148.42,0.1989,0.0136,0.5531,0.5188,0.5106,0.5090,0.4593,162.63,64.73,-1.02,-134.60,35.34,-28.79,52.69,0.009,58.39,55.09,SERVOING_READY
148.53,0.1989,0.0136,0.5531,0.5188,0.5106,0.5090,0.4593,162.63,64.73,-1.02,-134.60,35.34,-28.79,52.69,0.009,58.39,55.09,SERVOING_READY
148.65,0.1989,0.0136,0.5531,0.5188,0.5106,0.5090,0.4593,162.63,64.73,-1.02,-134.60,35.34,-28.79,52.69,0.009,58.39,55.09,SERVOING_READY
148.77,0.1989,0.0136,0.5531,0.5188,0.5106,0.5090,0.4593,162.63,64.73,-1.02,-134.60,35.34,-28.79,52.69,0.009,58.39,55.09,SERVOING_READY
148.90,0.1989,0.0136,0.5531,0.5188,0.5106,0.5090,0.4593,162.63,64.73,-1.02,-134.60,35.34,-28.79,52.69,0.009,58.39,55.09,SERVOING_READY
149.02,0.1989,0.0136,0.5531,0.5188,0.5106,0.5090,0.4593,162.63,64.73,-1.02,-134.60,35.34,-28.79,52.69,0.009,58.39,55.09,SERVOING_READY
149.13,0.1989,0.0136,0.5531,0.5188,0.5106,0.5090,0.4593,162.63,64.73,-1.02,-134.60,35.34,-28.79,52.69,0.009,58.39,55.09,SERVOING_READY
149.25,0.1989,0.0136,0.5531,0.5188,0.5106,0.5090,0.4593,162.63,64.73,-1.02,-134.60,35.34,-28.79,52.69,0.009,58.39,55.09,SERVOING_READY
149.37,0.1989,0.0136,0.5531,0.5188,0.5106,0.5090,0.4593,162.63,64.73,-1.02,-134.60,35.34,-28.79,52.69,0.009,58.39,55.09,SERVOING_READY
149.50,0.1989,0.0136,0.5531,0.5188,0.5106,0.5090,0.4593,162.63,64.73,-1.02,-134.60,35.34,-28.79,52.69,0.009,58.39,55.09,SERVOING_READY
149.62,0.1989,0.0136,0.5531,0.5188,0.5106,0.5090,0.4593,162.63,64.73,-1.02,-134.60,35.34,-28.79,52.69,0.009,58.39,55.09,SERVOING_READY
149.75,0.1989,0.0136,0.5531,0.5188,0.5106,0.5090,0.4593,162.63,64.73,-1.02,-134.60,35.34,-28.79,52.69,0.009,58.39,55.09,SERVOING_READY
149.85,0.1989,0.0136,0.5531,0.5188,0.5106,0.5090,0.4593,162.63,64.73,-1.02,-134.60,35.34,-28.79,52.69,0.009,58.39,55.09,SERVOING_READY
149.97,0.1989,0.0136,0.5531,0.5188,0.5106,0.5090,0.4593,162.63,64.73,-1.02,-134.60,35.34,-28.79,52.69,0.009,58.39,55.09,SERVOING_READY
150.10,0.1989,0.0136,0.5531,0.5188,0.5106,0.5090,0.4593,162.63,64.73,-1.02,-134.60,35.34,-28.79,52.69,0.009,58.39,55.09,SERVOING_READY
150.22,0.1989,0.0136,0.5531,0.5188,0.5106,0.5090,0.4593,162.63,64.73,-1.02,-134.60,35.34,-28.79,52.69,0.009,58.39,55.09,SERVOING_READY
150.35,0.1989,0.0136,0.5531,0.5188,0.5106,0.5090,0.4593,162.63,64.73,-1.02,-134.60,35.34,-28.79,52.69,0.009,58.39,55.09,SERVOING_READY
150.47,0.1989,0.0136,0.5531,0.5188,0.5106,0.5090,0.4593,162.63,64.73,-1.02,-134.60,35.34,-28.79,52.69,0.009,58.39,55.09,SERVOING_READY
150.58,0.1989,0.0136,0.5531,0.5188,0.5106,0.5090,0.4593,162.63,64.73,-1.02,-134.60,35.34,-28.79,52.69,0.009,58.39,55.09,SERVOING_READY
150.70,0.1989,0.0136,0.5531,0.5188,0.5106,0.5090,0.4593,162.63,64.73,-1.02,-134.60,35.34,-28.79,52.69,0.009,58.39,55.09,SERVOING_READY
150.82,0.1989,0.0136,0.5531,0.5188,0.5106,0.5090,0.4593,162.63,64.73,-1.02,-134.60,35.34,-28.79,52.69,0.009,58.39,55.09,SERVOING_READY
150.95,0.1989,0.0136,0.5531,0.5188,0.5106,0.5090,0.4593,162.63,64.73,-1.02,-134.60,35.34,-28.79,52.69,0.009,58.39,55.09,SERVOING_READY
151.07,0.1989,0.0136,0.5531,0.5188,0.5106,0.5090,0.4593,162.63,64.73,-1.02,-134.60,35.34,-28.79,52.69,0.009,58.39,55.09,SERVOING_READY
151.20,0.1989,0.0136,0.5531,0.5188,0.5106,0.5090,0.4593,162.63,64.73,-1.02,-134.60,35.34,-28.79,52.69,0.009,58.39,55.09,SERVOING_READY
151.30,0.1989,0.0136,0.5531,0.5188,0.5106,0.5090,0.4593,162.63,64.73,-1.02,-134.60,35.34,-28.79,52.69,0.009,58.39,55.09,SERVOING_READY
151.42,0.1989,0.0136,0.5531,0.5188,0.5106,0.5090,0.4593,162.63,64.73,-1.02,-134.60,35.34,-28.79,52.69,0.009,58.39,55.09,SERVOING_READY
151.55,0.1989,0.0136,0.5531,0.5188,0.5106,0.5090,0.4593,162.63,64.73,-1.02,-134.60,35.34,-28.79,52.69,0.009,58.39,55.09,SERVOING_READY
151.67,0.1989,0.0136,0.5531,0.5188,0.5106,0.5090,0.4593,162.63,64.73,-1.02,-134.60,35.34,-28.79,52.69,0.009,58.39,55.09,SERVOING_READY
151.80,0.1989,0.0136,0.5531,0.5188,0.5106,0.5090,0.4593,162.63,64.73,-1.02,-134.60,35.34,-28.79,52.69,0.009,58.39,55.09,SERVOING_READY
151.92,0.1989,0.0136,0.5531,0.5188,0.5106,0.5090,0.4593,162.63,64.73,-1.02,-134.60,35.34,-28.79,52.69,0.009,58.39,55.09,SERVOING_READY
152.03,0.1989,0.0136,0.5531,0.5188,0.5106,0.5090,0.4593,162.63,64.73,-1.02,-134.60,35.34,-28.79,52.69,0.009,58.39,55.09,SERVOING_READY
152.15,0.1989,0.0136,0.5531,0.5188,0.5106,0.5090,0.4593,162.63,64.73,-1.02,-134.60,35.34,-28.79,52.69,0.009,58.39,55.09,SERVOING_READY
152.27,0.1989,0.0136,0.5531,0.5188,0.5106,0.5090,0.4593,162.63,64.73,-1.02,-134.60,35.34,-28.79,52.69,0.009,58.39,55.09,SERVOING_READY
152.40,0.1989,0.0136,0.5531,0.5188,0.5106,0.5090,0.4593,162.63,64.73,-1.02,-134.60,35.34,-28.79,52.69,0.009,58.39,55.09,SERVOING_READY
152.52,0.1989,0.0136,0.5531,0.5188,0.5106,0.5090,0.4593,162.63,64.73,-1.02,-134.60,35.34,-28.79,52.69,0.009,58.39,55.09,SERVOING_READY
152.63,0.1989,0.0136,0.5531,0.5188,0.5106,0.5090,0.4593,162.63,64.73,-1.02,-134.60,35.34,-28.79,52.69,0.009,58.39,55.09,SERVOING_READY
152.75,0.1989,0.0136,0.5531,0.5188,0.5106,0.5090,0.4593,162.63,64.73,-1.02,-134.60,35.34,-28.79,52.69,0.009,58.39,55.09,SERVOING_READY
152.87,0.1989,0.0136,0.5531,0.5188,0.5106,0.5090,0.4593,162.63,64.73,-1.02,-134.60,35.34,-28.79,52.69,0.009,58.39,55.09,SERVOING_READY
153.00,0.1989,0.0136,0.5531,0.5188,0.5106,0.5090,0.4593,162.63,64.73,-1.02,-134.60,35.34,-28.79,52.69,0.009,58.39,55.09,SERVOING_READY
153.12,0.1989,0.0136,0.5531,0.5188,0.5106,0.5090,0.4593,162.63,64.73,-1.02,-134.60,35.34,-28.79,52.69,0.009,58.39,55.09,SERVOING_READY
153.25,0.1989,0.0136,0.5531,0.5188,0.5106,0.5090,0.4593,162.63,64.73,-1.02,-134.60,35.34,-28.79,52.69,0.009,58.39,55.09,SERVOING_READY
153.35,0.1989,0.0136,0.5531,0.5188,0.5106,0.5090,0.4593,162.63,64.73,-1.02,-134.60,35.34,-28.79,52.69,0.009,58.39,55.09,SERVOING_READY
153.47,0.1989,0.0136,0.5531,0.5188,0.5106,0.5090,0.4593,162.63,64.73,-1.02,-134.60,35.34,-28.79,52.69,0.009,58.39,55.09,SERVOING_READY
153.60,0.1989,0.0136,0.5531,0.5188,0.5106,0.5090,0.4593,162.63,64.73,-1.02,-134.60,35.34,-28.79,52.69,0.009,58.39,55.09,SERVOING_READY
153.72,0.1989,0.0136,0.5531,0.5188,0.5106,0.5090,0.4593,162.63,64.73,-1.02,-134.60,35.34,-28.79,52.69,0.009,58.39,55.09,SERVOING_READY
153.85,0.1989,0.0136,0.5531,0.5188,0.5106,0.5090,0.4593,162.63,64.73,-1.02,-134.60,35.34,-28.79,52.69,0.009,58.39,55.09,SERVOING_READY
153.97,0.1989,0.0136,0.5531,0.5188,0.5106,0.5090,0.4593,162.63,64.73,-1.02,-134.60,35.34,-28.79,52.69,0.009,58.39,55.09,SERVOING_READY
154.08,0.1989,0.0136,0.5531,0.5188,0.5106,0.5090,0.4593,162.63,64.73,-1.02,-134.60,35.34,-28.79,52.69,0.009,58.39,55.09,SERVOING_READY
154.20,0.1989,0.0136,0.5531,0.5188,0.5106,0.5090,0.4593,162.63,64.73,-1.02,-134.60,35.34,-28.79,52.69,0.009,58.39,55.09,SERVOING_READY
154.32,0.1989,0.0136,0.5531,0.5188,0.5106,0.5090,0.4593,162.63,64.73,-1.02,-134.60,35.34,-28.79,52.69,0.009,58.39,55.09,SERVOING_READY
154.45,0.1989,0.0136,0.5531,0.5188,0.5106,0.5090,0.4593,162.63,64.73,-1.02,-134.60,35.34,-28.79,52.69,0.009,58.39,55.09,SERVOING_READY
154.57,0.1989,0.0136,0.5531,0.5188,0.5106,0.5090,0.4593,162.63,64.73,-1.02,-134.60,35.34,-28.79,52.69,0.009,58.39,55.09,SERVOING_READY
154.70,0.1989,0.0136,0.5531,0.5188,0.5106,0.5090,0.4593,162.63,64.73,-1.02,-134.60,35.34,-28.79,52.69,0.009,58.39,55.09,SERVOING_READY
154.80,0.1989,0.0136,0.5531,0.5188,0.5106,0.5090,0.4593,162.63,64.73,-1.02,-134.60,35.34,-28.79,52.69,0.009,58.39,55.09,SERVOING_READY
154.92,0.1989,0.0136,0.5531,0.5188,0.5106,0.5090,0.4593,162.63,64.73,-1.02,-134.60,35.34,-28.79,52.69,0.009,58.39,55.09,SERVOING_READY
155.05,0.1989,0.0136,0.5531,0.5188,0.5106,0.5090,0.4593,162.63,64.73,-1.02,-134.60,35.34,-28.79,52.69,0.009,58.39,55.09,SERVOING_READY
155.17,0.1989,0.0136,0.5531,0.5188,0.5106,0.5090,0.4593,162.63,64.73,-1.02,-134.60,35.34,-28.79,52.69,0.009,58.39,55.09,SERVOING_READY
155.30,0.1989,0.0136,0.5531,0.5188,0.5106,0.5090,0.4593,162.63,64.73,-1.02,-134.60,35.34,-28.79,52.69,0.009,58.39,55.09,SERVOING_READY
155.42,0.1989,0.0136,0.5531,0.5188,0.5106,0.5090,0.4593,162.63,64.73,-1.02,-134.60,35.34,-28.79,52.69,0.009,58.39,55.09,SERVOING_READY
155.53,0.1989,0.0136,0.5531,0.5188,0.5106,0.5090,0.4593,162.63,64.73,-1.02,-134.60,35.34,-28.79,52.69,0.009,58.39,55.09,SERVOING_READY
155.65,0.1989,0.0136,0.5531,0.5188,0.5106,0.5090,0.4593,162.63,64.73,-1.02,-134.60,35.34,-28.79,52.69,0.009,58.39,55.09,SERVOING_READY
155.77,0.1989,0.0136,0.5531,0.5188,0.5106,0.5090,0.4593,162.63,64.73,-1.02,-134.60,35.34,-28.79,52.69,0.009,58.39,55.09,SERVOING_READY
155.90,0.1989,0.0136,0.5531,0.5188,0.5106,0.5090,0.4593,162.63,64.73,-1.02,-134.60,35.34,-28.79,52.69,0.009,58.39,55.09,SERVOING_READY
156.02,0.1989,0.0136,0.5531,0.5188,0.5106,0.5090,0.4593,162.63,64.73,-1.02,-134.60,35.34,-28.79,52.69,0.009,58.39,55.09,SERVOING_READY
156.13,0.1989,0.0136,0.5531,0.5188,0.5106,0.5090,0.4593,162.63,64.73,-1.02,-134.60,35.34,-28.79,52.69,0.009,58.39,55.09,SERVOING_READY
156.25,0.1989,0.0136,0.5531,0.5188,0.5106,0.5090,0.4593,162.63,64.73,-1.02,-134.60,35.34,-28.79,52.69,0.009,58.39,55.09,SERVOING_READY
156.37,0.1989,0.0136,0.5531,0.5188,0.5106,0.5090,0.4593,162.63,64.73,-1.02,-134.60,35.34,-28.79,52.69,0.009,58.39,55.09,SERVOING_READY
156.50,0.1989,0.0136,0.5531,0.5188,0.5106,0.5090,0.4593,162.63,64.73,-1.02,-134.60,35.34,-28.79,52.69,0.009,58.39,55.09,SERVOING_READY
156.62,0.1989,0.0136,0.5531,0.5188,0.5106,0.5090,0.4593,162.63,64.73,-1.02,-134.60,35.34,-28.79,52.69,0.009,58.39,55.09,SERVOING_READY
156.75,0.1989,0.0136,0.5531,0.5188,0.5106,0.5090,0.4593,162.63,64.73,-1.02,-134.60,35.34,-28.79,52.69,0.009,58.39,55.09,SERVOING_READY
156.85,0.1989,0.0136,0.5531,0.5188,0.5106,0.5090,0.4593,162.63,64.73,-1.02,-134.60,35.34,-28.79,52.69,0.009,58.39,55.09,SERVOING_READY
156.97,0.1989,0.0136,0.5531,0.5188,0.5106,0.5090,0.4593,162.63,64.73,-1.02,-134.60,35.34,-28.79,52.69,0.009,58.39,55.09,SERVOING_READY
157.10,0.1989,0.0136,0.5531,0.5188,0.5106,0.5090,0.4593,162.63,64.73,-1.02,-134.60,35.34,-28.79,52.69,0.009,58.39,55.09,SERVOING_READY
157.22,0.1989,0.0136,0.5531,0.5188,0.5106,0.5090,0.4593,162.63,64.73,-1.02,-134.60,35.34,-28.79,52.69,0.009,58.39,55.09,SERVOING_READY
157.35,0.1989,0.0136,0.5531,0.5188,0.5106,0.5090,0.4593,162.63,64.73,-1.02,-134.60,35.34,-28.79,52.69,0.009,58.39,55.09,SERVOING_READY
157.47,0.1989,0.0136,0.5531,0.5188,0.5106,0.5090,0.4593,162.63,64.73,-1.02,-134.60,35.34,-28.79,52.69,0.009,58.39,55.09,SERVOING_READY
157.58,0.1989,0.0136,0.5531,0.5188,0.5106,0.5090,0.4593,162.63,64.73,-1.02,-134.60,35.34,-28.79,52.69,0.009,58.39,55.09,SERVOING_READY
157.70,0.1989,0.0136,0.5531,0.5188,0.5106,0.5090,0.4593,162.63,64.73,-1.02,-134.60,35.34,-28.79,52.69,0.009,58.39,55.09,SERVOING_READY
157.82,0.1989,0.0136,0.5531,0.5188,0.5106,0.5090,0.4593,162.63,64.73,-1.02,-134.60,35.34,-28.79,52.69,0.009,58.39,55.09,SERVOING_READY
157.95,0.1989,0.0136,0.5531,0.5188,0.5106,0.5090,0.4593,162.63,64.73,-1.02,-134.60,35.34,-28.79,52.69,0.009,58.39,55.09,SERVOING_READY
158.07,0.1989,0.0136,0.5531,0.5188,0.5106,0.5090,0.4593,162.63,64.73,-1.02,-134.60,35.34,-28.79,52.69,0.009,58.39,55.09,SERVOING_READY
158.20,0.1989,0.0136,0.5531,0.5188,0.5106,0.5090,0.4593,162.63,64.73,-1.02,-134.60,35.34,-28.79,52.69,0.009,58.39,55.09,SERVOING_READY
158.30,0.1989,0.0136,0.5531,0.5188,0.5106,0.5090,0.4593,162.63,64.73,-1.02,-134.60,35.34,-28.79,52.69,0.009,58.39,55.09,SERVOING_READY
158.42,0.1989,0.0136,0.5531,0.5188,0.5106,0.5090,0.4593,162.63,64.73,-1.02,-134.60,35.34,-28.79,52.69,0.009,58.39,55.09,SERVOING_READY
158.55,0.1989,0.0136,0.5531,0.5188,0.5106,0.5090,0.4593,162.63,64.73,-1.02,-134.60,35.34,-28.79,52.69,0.009,58.39,55.09,SERVOING_READY
158.67,0.1989,0.0136,0.5531,0.5188,0.5106,0.5090,0.4593,162.63,64.73,-1.02,-134.60,35.34,-28.79,52.69,0.009,58.39,55.09,SERVOING_READY
158.80,0.1989,0.0136,0.5531,0.5188,0.5106,0.5090,0.4593,162.63,64.73,-1.02,-134.60,35.34,-28.79,52.69,0.009,58.39,55.09,SERVOING_READY
158.92,0.1989,0.0136,0.5531,0.5188,0.5106,0.5090,0.4593,162.63,64.73,-1.02,-134.60,35.34,-28.79,52.69,0.009,58.39,55.09,SERVOING_READY
159.03,0.1989,0.0136,0.5531,0.5188,0.5106,0.5090,0.4593,162.63,64.73,-1.02,-134.60,35.34,-28.79,52.69,0.009,58.39,55.09,SERVOING_READY
159.15,0.1989,0.0136,0.5531,0.5188,0.5106,0.5090,0.4593,162.63,64.73,-1.02,-134.60,35.34,-28.79,52.69,0.009,58.39,55.09,SERVOING_READY
159.27,0.1989,0.0136,0.5531,0.5188,0.5106,0.5090,0.4593,162.63,64.73,-1.02,-134.60,35.34,-28.79,52.69,0.009,58.39,55.09,SERVOING_READY
159.40,0.1989,0.0136,0.5531,0.5188,0.5106,0.5090,0.4593,162.63,64.73,-1.02,-134.60,35.34,-28.79,52.69,0.009,58.39,55.09,SERVOING_READY
159.52,0.1989,0.0136,0.5531,0.5188,0.5106,0.5090,0.4593,162.63,64.73,-1.02,-134.60,35.34,-28.79,52.69,0.009,58.39,55.09,SERVOING_READY
159.63,0.1989,0.0136,0.5531,0.5188,0.5106,0.5090,0.4593,162.63,64.73,-1.02,-134.60,35.34,-28.79,52.69,0.009,58.39,55.09,SERVOING_READY
159.75,0.1989,0.0136,0.5531,0.5188,0.5106,0.5090,0.4593,162.63,64.73,-1.02,-134.60,35.34,-28.79,52.69,0.009,58.39,55.09,SERVOING_READY
159.87,0.1989,0.0136,0.5531,0.5188,0.5106,0.5090,0.4593,162.63,64.73,-1.02,-134.60,35.34,-28.79,52.69,0.009,58.39,55.09,SERVOING_READY
160.00,0.1989,0.0136,0.5531,0.5188,0.5106,0.5090,0.4593,162.63,64.73,-1.02,-134.60,35.34,-28.79,52.69,0.009,58.39,55.09,SERVOING_READY
160.12,0.1989,0.0136,0.5531,0.5188,0.5106,0.5090,0.4593,162.63,64.73,-1.02,-134.60,35.34,-28.79,52.69,0.009,58.39,55.09,SERVOING_READY
160.25,0.1989,0.0136,0.5531,0.5188,0.5106,0.5090,0.4593,162.63,64.73,-1.02,-134.60,35.34,-28.79,52.69,0.009,58.39,55.09,SERVOING_READY
160.35,0.1989,0.0136,0.5531,0.5188,0.5106,0.5090,0.4593,162.63,64.73,-1.02,-134.60,35.34,-28.79,52.69,0.009,58.39,55.09,SERVOING_READY
160.47,0.1989,0.0136,0.5531,0.5188,0.5106,0.5090,0.4593,162.63,64.73,-1.02,-134.60,35.34,-28.79,52.69,0.009,58.39,55.09,SERVOING_READY
160.60,0.1989,0.0136,0.5531,0.5188,0.5106,0.5090,0.4593,162.63,64.73,-1.02,-134.60,35.34,-28.79,52.69,0.009,58.39,55.09,SERVOING_READY
160.72,0.1989,0.0136,0.5531,0.5188,0.5106,0.5090,0.4593,162.63,64.73,-1.02,-134.60,35.34,-28.79,52.69,0.009,58.39,55.09,SERVOING_READY
160.85,0.1989,0.0136,0.5531,0.5188,0.5106,0.5090,0.4593,162.63,64.73,-1.02,-134.60,35.34,-28.79,52.69,0.009,58.39,55.09,SERVOING_READY
160.97,0.1989,0.0136,0.5531,0.5188,0.5106,0.5090,0.4593,162.63,64.73,-1.02,-134.60,35.34,-28.79,52.69,0.009,58.39,55.09,SERVOING_READY
161.08,0.1989,0.0136,0.5531,0.5188,0.5106,0.5090,0.4593,162.63,64.73,-1.02,-134.60,35.34,-28.79,52.69,0.009,58.39,55.09,SERVOING_READY
161.20,0.1989,0.0136,0.5531,0.5188,0.5106,0.5090,0.4593,162.63,64.73,-1.02,-134.60,35.34,-28.79,52.69,0.009,58.39,55.09,SERVOING_READY
161.33,0.1989,0.0136,0.5531,0.5188,0.5106,0.5090,0.4593,162.63,64.73,-1.02,-134.60,35.34,-28.79,52.69,0.009,58.39,55.09,SERVOING_READY
161.45,0.1989,0.0136,0.5531,0.5188,0.5106,0.5090,0.4593,162.63,64.73,-1.02,-134.60,35.34,-28.79,52.69,0.009,58.39,55.09,SERVOING_READY
161.57,0.1989,0.0136,0.5531,0.5188,0.5106,0.5090,0.4593,162.63,64.73,-1.02,-134.60,35.34,-28.79,52.69,0.009,58.39,55.09,SERVOING_READY
161.70,0.1989,0.0136,0.5531,0.5188,0.5106,0.5090,0.4593,162.63,64.73,-1.02,-134.60,35.34,-28.79,52.69,0.009,58.39,55.09,SERVOING_READY
161.80,0.1989,0.0136,0.5531,0.5188,0.5106,0.5090,0.4593,162.63,64.73,-1.02,-134.60,35.34,-28.79,52.69,0.009,58.39,55.09,SERVOING_READY
161.92,0.1989,0.0136,0.5531,0.5188,0.5106,0.5090,0.4593,162.63,64.73,-1.02,-134.60,35.34,-28.79,52.69,0.009,58.39,55.09,SERVOING_READY
162.05,0.1989,0.0136,0.5531,0.5188,0.5106,0.5090,0.4593,162.63,64.73,-1.02,-134.60,35.34,-28.79,52.69,0.009,58.39,55.09,SERVOING_READY
162.18,0.1989,0.0136,0.5531,0.5188,0.5106,0.5090,0.4593,162.63,64.73,-1.02,-134.60,35.34,-28.79,52.69,0.009,58.39,55.09,SERVOING_READY
162.30,0.1989,0.0136,0.5531,0.5188,0.5106,0.5090,0.4593,162.63,64.73,-1.02,-134.60,35.34,-28.79,52.69,0.009,58.39,55.09,SERVOING_READY
162.42,0.1989,0.0136,0.5531,0.5188,0.5106,0.5090,0.4593,162.63,64.73,-1.02,-134.60,35.34,-28.79,52.69,0.009,58.39,55.09,SERVOING_READY
162.53,0.1989,0.0136,0.5531,0.5188,0.5106,0.5090,0.4593,162.63,64.73,-1.02,-134.60,35.34,-28.79,52.69,0.009,58.39,55.09,SERVOING_READY
162.65,0.1989,0.0136,0.5531,0.5188,0.5106,0.5090,0.4593,162.63,64.73,-1.02,-134.60,35.34,-28.79,52.69,0.009,58.39,55.09,SERVOING_READY
162.77,0.1989,0.0136,0.5531,0.5188,0.5106,0.5090,0.4593,162.63,64.73,-1.02,-134.60,35.34,-28.79,52.69,0.009,58.39,55.09,SERVOING_READY
162.90,0.1989,0.0136,0.5531,0.5188,0.5106,0.5090,0.4593,162.63,64.73,-1.02,-134.60,35.34,-28.79,52.69,0.009,58.39,55.09,SERVOING_READY
163.02,0.1989,0.0136,0.5531,0.5188,0.5106,0.5090,0.4593,162.63,64.73,-1.02,-134.60,35.34,-28.79,52.69,0.009,58.39,55.09,SERVOING_READY
163.13,0.1989,0.0136,0.5531,0.5188,0.5106,0.5090,0.4593,162.63,64.73,-1.02,-134.60,35.34,-28.79,52.69,0.009,58.39,55.09,SERVOING_READY
163.25,0.1989,0.0136,0.5531,0.5188,0.5106,0.5090,0.4593,162.63,64.73,-1.02,-134.60,35.34,-28.79,52.69,0.009,58.39,55.09,SERVOING_READY
163.38,0.1989,0.0136,0.5531,0.5188,0.5106,0.5090,0.4593,162.63,64.73,-1.02,-134.60,35.34,-28.79,52.69,0.009,58.39,55.09,SERVOING_READY
163.50,0.1989,0.0136,0.5531,0.5188,0.5106,0.5090,0.4593,162.63,64.73,-1.02,-134.60,35.34,-28.79,52.69,0.009,58.39,55.09,SERVOING_READY
163.62,0.1989,0.0136,0.5531,0.5188,0.5106,0.5090,0.4593,162.63,64.73,-1.02,-134.60,35.34,-28.79,52.69,0.009,58.39,55.09,SERVOING_READY
163.75,0.1989,0.0136,0.5531,0.5188,0.5106,0.5090,0.4593,162.63,64.73,-1.02,-134.60,35.34,-28.79,52.69,0.009,58.39,55.09,SERVOING_READY
163.85,0.1989,0.0136,0.5531,0.5188,0.5106,0.5090,0.4593,162.63,64.73,-1.02,-134.60,35.34,-28.79,52.69,0.009,58.39,55.09,SERVOING_READY
163.97,0.1989,0.0136,0.5531,0.5188,0.5106,0.5090,0.4593,162.63,64.73,-1.02,-134.60,35.34,-28.79,52.69,0.009,58.39,55.09,SERVOING_READY
164.10,0.1989,0.0136,0.5531,0.5188,0.5106,0.5090,0.4593,162.63,64.73,-1.02,-134.60,35.34,-28.79,52.69,0.009,58.39,55.09,SERVOING_READY
164.22,0.1989,0.0136,0.5531,0.5188,0.5106,0.5090,0.4593,162.63,64.73,-1.02,-134.60,35.34,-28.79,52.69,0.009,58.39,55.09,SERVOING_READY
164.35,0.1989,0.0136,0.5531,0.5188,0.5106,0.5090,0.4593,162.63,64.73,-1.02,-134.60,35.34,-28.79,52.69,0.009,58.39,55.09,SERVOING_READY
164.47,0.1989,0.0136,0.5531,0.5188,0.5106,0.5090,0.4593,162.63,64.73,-1.02,-134.60,35.34,-28.79,52.69,0.009,58.39,55.09,SERVOING_READY
164.58,0.1989,0.0136,0.5531,0.5188,0.5106,0.5090,0.4593,162.63,64.73,-1.02,-134.60,35.34,-28.79,52.69,0.009,58.39,55.09,SERVOING_READY
164.70,0.1989,0.0136,0.5531,0.5188,0.5106,0.5090,0.4593,162.63,64.73,-1.02,-134.60,35.34,-28.79,52.69,0.009,58.39,55.09,SERVOING_READY
164.82,0.1989,0.0136,0.5531,0.5188,0.5106,0.5090,0.4593,162.63,64.73,-1.02,-134.60,35.34,-28.79,52.69,0.009,58.39,55.09,SERVOING_READY
164.95,0.1989,0.0136,0.5531,0.5188,0.5106,0.5090,0.4593,162.63,64.73,-1.02,-134.60,35.34,-28.79,52.69,0.009,58.39,55.09,SERVOING_READY
165.07,0.1989,0.0136,0.5531,0.5188,0.5106,0.5090,0.4593,162.63,64.73,-1.02,-134.60,35.34,-28.79,52.69,0.009,58.39,55.09,SERVOING_READY
165.20,0.1989,0.0136,0.5531,0.5188,0.5106,0.5090,0.4593,162.63,64.73,-1.02,-134.60,35.34,-28.79,52.69,0.009,58.39,55.09,SERVOING_READY
165.30,0.1989,0.0136,0.5531,0.5188,0.5106,0.5090,0.4593,162.63,64.73,-1.02,-134.60,35.34,-28.79,52.69,0.009,58.39,55.09,SERVOING_READY
165.43,0.1989,0.0136,0.5531,0.5188,0.5106,0.5090,0.4593,162.63,64.73,-1.02,-134.60,35.34,-28.79,52.69,0.009,58.39,55.09,SERVOING_READY
165.55,0.1989,0.0136,0.5531,0.5188,0.5106,0.5090,0.4593,162.63,64.73,-1.02,-134.60,35.34,-28.79,52.69,0.009,58.39,55.09,SERVOING_READY
165.67,0.1989,0.0136,0.5531,0.5188,0.5106,0.5090,0.4593,162.63,64.73,-1.02,-134.60,35.34,-28.79,52.69,0.009,58.39,55.09,SERVOING_READY
165.80,0.1989,0.0136,0.5531,0.5188,0.5106,0.5090,0.4593,162.63,64.73,-1.02,-134.60,35.34,-28.79,52.69,0.009,58.39,55.09,SERVOING_READY
165.92,0.1989,0.0136,0.5531,0.5188,0.5106,0.5090,0.4593,162.63,64.73,-1.02,-134.60,35.34,-28.79,52.69,0.009,58.39,55.09,SERVOING_READY
166.03,0.1989,0.0136,0.5531,0.5188,0.5106,0.5090,0.4593,162.63,64.73,-1.02,-134.60,35.34,-28.79,52.69,0.009,58.39,55.09,SERVOING_READY
166.15,0.1989,0.0136,0.5531,0.5188,0.5106,0.5090,0.4593,162.63,64.73,-1.02,-134.60,35.34,-28.79,52.69,0.009,58.39,55.09,SERVOING_READY
166.28,0.1989,0.0136,0.5531,0.5188,0.5106,0.5090,0.4593,162.63,64.73,-1.02,-134.60,35.34,-28.79,52.69,0.009,58.39,55.09,SERVOING_READY
166.40,0.1989,0.0136,0.5531,0.5188,0.5106,0.5090,0.4593,162.63,64.73,-1.02,-134.60,35.34,-28.79,52.69,0.009,58.39,55.09,SERVOING_READY
166.52,0.1989,0.0136,0.5531,0.5188,0.5106,0.5090,0.4593,162.63,64.73,-1.02,-134.60,35.34,-28.79,52.69,0.009,58.39,55.09,SERVOING_READY
166.63,0.1989,0.0136,0.5531,0.5188,0.5106,0.5090,0.4593,162.63,64.73,-1.02,-134.60,35.34,-28.79,52.69,0.009,58.39,55.09,SERVOING_READY
166.75,0.1989,0.0136,0.5531,0.5188,0.5106,0.5090,0.4593,162.63,64.73,-1.02,-134.60,35.34,-28.79,52.69,0.009,58.39,55.09,SERVOING_READY
166.87,0.1989,0.0136,0.5531,0.5188,0.5106,0.5090,0.4593,162.63,64.73,-1.02,-134.60,35.34,-28.79,52.69,0.009,58.39,55.09,SERVOING_READY
167.00,0.1989,0.0136,0.5531,0.5188,0.5106,0.5090,0.4593,162.63,64.73,-1.02,-134.60,35.34,-28.79,52.69,0.009,58.39,55.09,SERVOING_READY
167.13,0.1989,0.0136,0.5531,0.5188,0.5106,0.5090,0.4593,162.63,64.73,-1.02,-134.60,35.34,-28.79,52.69,0.009,58.39,55.09,SERVOING_READY
167.25,0.1989,0.0136,0.5531,0.5188,0.5106,0.5090,0.4593,162.63,64.73,-1.02,-134.60,35.34,-28.79,52.69,0.009,58.39,55.09,SERVOING_READY
167.35,0.1989,0.0136,0.5531,0.5188,0.5106,0.5090,0.4593,162.63,64.73,-1.02,-134.60,35.34,-28.79,52.69,0.009,58.39,55.09,SERVOING_READY
167.48,0.1989,0.0136,0.5531,0.5188,0.5106,0.5090,0.4593,162.63,64.73,-1.02,-134.60,35.34,-28.79,52.69,0.009,58.39,55.09,SERVOING_READY
167.60,0.1989,0.0136,0.5531,0.5188,0.5106,0.5090,0.4593,162.63,64.73,-1.02,-134.60,35.34,-28.79,52.69,0.009,58.39,55.09,SERVOING_READY
167.72,0.1989,0.0136,0.5531,0.5188,0.5106,0.5090,0.4593,162.63,64.73,-1.02,-134.60,35.34,-28.79,52.69,0.009,58.39,55.09,SERVOING_READY
167.85,0.1989,0.0136,0.5531,0.5188,0.5106,0.5090,0.4593,162.63,64.73,-1.02,-134.60,35.34,-28.79,52.69,0.009,58.39,55.09,SERVOING_READY
167.97,0.1989,0.0136,0.5531,0.5188,0.5106,0.5090,0.4593,162.63,64.73,-1.02,-134.60,35.34,-28.79,52.69,0.009,58.39,55.09,SERVOING_READY
168.08,0.1989,0.0136,0.5531,0.5188,0.5106,0.5090,0.4593,162.63,64.73,-1.02,-134.60,35.34,-28.79,52.69,0.009,58.39,55.09,SERVOING_READY
168.20,0.1989,0.0136,0.5531,0.5188,0.5106,0.5090,0.4593,162.63,64.73,-1.02,-134.60,35.34,-28.79,52.69,0.009,58.39,55.09,SERVOING_READY
168.33,0.1989,0.0136,0.5531,0.5188,0.5106,0.5090,0.4593,162.63,64.73,-1.02,-134.60,35.34,-28.79,52.69,0.009,58.39,55.09,SERVOING_READY
168.45,0.1989,0.0136,0.5531,0.5188,0.5106,0.5090,0.4593,162.63,64.73,-1.02,-134.60,35.34,-28.79,52.69,0.009,58.39,55.09,SERVOING_READY
168.58,0.1989,0.0136,0.5531,0.5188,0.5106,0.5090,0.4593,162.63,64.73,-1.02,-134.60,35.34,-28.79,52.69,0.009,58.39,55.09,SERVOING_READY
168.70,0.1989,0.0136,0.5531,0.5188,0.5106,0.5090,0.4593,162.63,64.73,-1.02,-134.60,35.34,-28.79,52.69,0.009,58.39,55.09,SERVOING_READY
168.81,0.1989,0.0136,0.5531,0.5188,0.5106,0.5090,0.4593,162.63,64.73,-1.02,-134.60,35.34,-28.79,52.69,0.009,58.39,55.09,SERVOING_READY
168.93,0.1989,0.0136,0.5531,0.5188,0.5106,0.5090,0.4593,162.63,64.73,-1.02,-134.60,35.34,-28.79,52.69,0.009,58.39,55.09,SERVOING_READY
169.06,0.1989,0.0136,0.5531,0.5188,0.5106,0.5090,0.4593,162.63,64.73,-1.02,-134.60,35.34,-28.79,52.69,0.009,58.39,55.09,SERVOING_READY
169.18,0.1989,0.0136,0.5531,0.5188,0.5106,0.5090,0.4593,162.63,64.73,-1.02,-134.60,35.34,-28.79,52.69,0.009,58.39,55.09,SERVOING_READY
169.30,0.1989,0.0136,0.5531,0.5188,0.5106,0.5090,0.4593,162.63,64.73,-1.02,-134.60,35.34,-28.79,52.69,0.009,58.39,55.09,SERVOING_READY
169.43,0.1989,0.0136,0.5531,0.5188,0.5106,0.5090,0.4593,162.63,64.73,-1.02,-134.60,35.34,-28.79,52.69,0.009,58.39,55.09,SERVOING_READY
169.55,0.1989,0.0136,0.5531,0.5188,0.5106,0.5090,0.4593,162.63,64.73,-1.02,-134.60,35.34,-28.79,52.69,0.009,58.39,55.09,SERVOING_READY
169.66,0.1989,0.0136,0.5531,0.5188,0.5106,0.5090,0.4593,162.63,64.73,-1.02,-134.60,35.34,-28.79,52.69,0.009,58.39,55.09,SERVOING_READY
169.78,0.1989,0.0136,0.5531,0.5188,0.5106,0.5090,0.4593,162.63,64.73,-1.02,-134.60,35.34,-28.79,52.69,0.009,58.39,55.09,SERVOING_READY
169.90,0.1989,0.0136,0.5531,0.5188,0.5106,0.5090,0.4593,162.63,64.73,-1.02,-134.60,35.34,-28.79,52.69,0.009,58.39,55.09,SERVOING_READY
170.03,0.1989,0.0136,0.5531,0.5188,0.5106,0.5090,0.4593,162.63,64.73,-1.02,-134.60,35.34,-28.79,52.69,0.009,58.39,55.09,SERVOING_READY
170.15,0.1989,0.0136,0.5531,0.5188,0.5106,0.5090,0.4593,162.63,64.73,-1.02,-134.60,35.34,-28.79,52.69,0.009,58.39,55.09,SERVOING_READY
170.28,0.1989,0.0136,0.5531,0.5188,0.5106,0.5090,0.4593,162.63,64.73,-1.02,-134.60,35.34,-28.79,52.69,0.009,58.39,55.09,SERVOING_READY
170.38,0.1989,0.0136,0.5531,0.5188,0.5106,0.5090,0.4593,162.63,64.73,-1.02,-134.60,35.34,-28.79,52.69,0.009,58.39,55.09,SERVOING_READY
170.50,0.1989,0.0136,0.5531,0.5188,0.5106,0.5090,0.4593,162.63,64.73,-1.02,-134.60,35.34,-28.79,52.69,0.009,58.39,55.09,SERVOING_READY
170.63,0.1989,0.0136,0.5531,0.5188,0.5106,0.5090,0.4593,162.63,64.73,-1.02,-134.60,35.34,-28.79,52.69,0.009,58.39,55.09,SERVOING_READY
170.75,0.1989,0.0136,0.5531,0.5188,0.5106,0.5090,0.4593,162.63,64.73,-1.02,-134.60,35.34,-28.79,52.69,0.009,58.39,55.09,SERVOING_READY
170.88,0.1989,0.0136,0.5531,0.5188,0.5106,0.5090,0.4593,162.63,64.73,-1.02,-134.60,35.34,-28.79,52.69,0.009,58.39,55.09,SERVOING_READY
170.98,0.1989,0.0136,0.5531,0.5188,0.5106,0.5090,0.4593,162.63,64.73,-1.02,-134.60,35.34,-28.79,52.69,0.009,58.39,55.09,SERVOING_READY
171.10,0.1989,0.0136,0.5531,0.5188,0.5106,0.5090,0.4593,162.63,64.73,-1.02,-134.60,35.34,-28.79,52.69,0.009,58.39,55.09,SERVOING_READY
171.23,0.1989,0.0136,0.5531,0.5188,0.5106,0.5090,0.4593,162.63,64.73,-1.02,-134.60,35.34,-28.79,52.69,0.009,58.39,55.09,SERVOING_READY
171.35,0.1989,0.0136,0.5531,0.5188,0.5106,0.5090,0.4593,162.63,64.73,-1.02,-134.60,35.34,-28.79,52.69,0.009,58.39,55.09,SERVOING_READY
171.48,0.1989,0.0136,0.5531,0.5188,0.5106,0.5090,0.4593,162.63,64.73,-1.02,-134.60,35.34,-28.79,52.69,0.009,58.39,55.09,SERVOING_READY
171.60,0.1989,0.0136,0.5531,0.5188,0.5106,0.5090,0.4593,162.63,64.73,-1.02,-134.60,35.34,-28.79,52.69,0.009,58.39,55.09,SERVOING_READY
171.71,0.1989,0.0136,0.5531,0.5188,0.5106,0.5090,0.4593,162.63,64.73,-1.02,-134.60,35.34,-28.79,52.69,0.009,58.39,55.09,SERVOING_READY
171.83,0.1989,0.0136,0.5531,0.5188,0.5106,0.5090,0.4593,162.63,64.73,-1.02,-134.60,35.34,-28.79,52.69,0.009,58.39,55.09,SERVOING_READY
171.95,0.1989,0.0136,0.5531,0.5188,0.5106,0.5090,0.4593,162.63,64.73,-1.02,-134.60,35.34,-28.79,52.69,0.009,58.39,55.09,SERVOING_READY
172.08,0.1989,0.0136,0.5531,0.5188,0.5106,0.5090,0.4593,162.63,64.73,-1.02,-134.60,35.34,-28.79,52.69,0.009,58.39,55.09,SERVOING_READY
172.20,0.1989,0.0136,0.5531,0.5188,0.5106,0.5090,0.4593,162.63,64.73,-1.02,-134.60,35.34,-28.79,52.69,0.009,58.39,55.09,SERVOING_READY
172.33,0.1989,0.0136,0.5531,0.5188,0.5106,0.5090,0.4593,162.63,64.73,-1.02,-134.60,35.34,-28.79,52.69,0.009,58.39,55.09,SERVOING_READY
172.43,0.1989,0.0136,0.5531,0.5188,0.5106,0.5090,0.4593,162.63,64.73,-1.02,-134.60,35.34,-28.79,52.69,0.009,58.39,55.09,SERVOING_READY
172.55,0.1989,0.0136,0.5531,0.5188,0.5106,0.5090,0.4593,162.63,64.73,-1.02,-134.60,35.34,-28.79,52.69,0.009,58.39,55.09,SERVOING_READY
172.68,0.1989,0.0136,0.5531,0.5188,0.5106,0.5090,0.4593,162.63,64.73,-1.02,-134.60,35.34,-28.79,52.69,0.009,58.39,55.09,SERVOING_READY
172.80,0.1989,0.0136,0.5531,0.5188,0.5106,0.5090,0.4593,162.63,64.73,-1.02,-134.60,35.34,-28.79,52.69,0.009,58.39,55.09,SERVOING_READY
172.93,0.1989,0.0136,0.5531,0.5188,0.5106,0.5090,0.4593,162.63,64.73,-1.02,-134.60,35.34,-28.79,52.69,0.009,58.39,55.09,SERVOING_READY
173.05,0.1989,0.0136,0.5531,0.5188,0.5106,0.5090,0.4593,162.63,64.73,-1.02,-134.60,35.34,-28.79,52.69,0.009,58.39,55.09,SERVOING_READY
173.16,0.1989,0.0136,0.5531,0.5188,0.5106,0.5090,0.4593,162.63,64.73,-1.02,-134.60,35.34,-28.79,52.69,0.009,58.39,55.09,SERVOING_READY
173.28,0.1989,0.0136,0.5531,0.5188,0.5106,0.5090,0.4593,162.63,64.73,-1.02,-134.60,35.34,-28.79,52.69,0.009,58.39,55.09,SERVOING_READY
173.40,0.1989,0.0136,0.5531,0.5188,0.5106,0.5090,0.4593,162.63,64.73,-1.02,-134.60,35.34,-28.79,52.69,0.009,58.39,55.09,SERVOING_READY
173.53,0.1989,0.0136,0.5531,0.5188,0.5106,0.5090,0.4593,162.63,64.73,-1.02,-134.60,35.34,-28.79,52.69,0.009,58.39,55.09,SERVOING_READY
173.65,0.1989,0.0136,0.5531,0.5188,0.5106,0.5090,0.4593,162.63,64.73,-1.02,-134.60,35.34,-28.79,52.69,0.009,58.39,55.09,SERVOING_READY
173.78,0.1989,0.0136,0.5531,0.5188,0.5106,0.5090,0.4593,162.63,64.73,-1.02,-134.60,35.34,-28.79,52.69,0.009,58.39,55.09,SERVOING_READY
173.88,0.1989,0.0136,0.5531,0.5188,0.5106,0.5090,0.4593,162.63,64.73,-1.02,-134.60,35.34,-28.79,52.69,0.009,58.39,55.09,SERVOING_READY
174.00,0.1989,0.0136,0.5531,0.5188,0.5106,0.5090,0.4593,162.63,64.73,-1.02,-134.60,35.34,-28.79,52.69,0.009,58.39,55.09,SERVOING_READY
174.13,0.1989,0.0136,0.5531,0.5188,0.5106,0.5090,0.4593,162.63,64.73,-1.02,-134.60,35.34,-28.79,52.69,0.009,58.39,55.09,SERVOING_READY
174.25,0.1989,0.0136,0.5531,0.5188,0.5106,0.5090,0.4593,162.63,64.73,-1.02,-134.60,35.34,-28.79,52.69,0.009,58.39,55.09,SERVOING_READY
174.38,0.1989,0.0136,0.5531,0.5188,0.5106,0.5090,0.4593,162.63,64.73,-1.02,-134.60,35.34,-28.79,52.69,0.009,58.39,55.09,SERVOING_READY
174.48,0.1989,0.0136,0.5531,0.5188,0.5106,0.5090,0.4593,162.63,64.73,-1.02,-134.60,35.34,-28.79,52.69,0.009,58.39,55.09,SERVOING_READY
174.60,0.1989,0.0136,0.5531,0.5188,0.5106,0.5090,0.4593,162.63,64.73,-1.02,-134.60,35.34,-28.79,52.69,0.009,58.39,55.09,SERVOING_READY
174.73,0.1989,0.0136,0.5531,0.5188,0.5106,0.5090,0.4593,162.63,64.73,-1.02,-134.60,35.34,-28.79,52.69,0.009,58.39,55.09,SERVOING_READY
174.85,0.1989,0.0136,0.5531,0.5188,0.5106,0.5090,0.4593,162.63,64.73,-1.02,-134.60,35.34,-28.79,52.69,0.009,58.39,55.09,SERVOING_READY
174.98,0.1989,0.0136,0.5531,0.5188,0.5106,0.5090,0.4593,162.63,64.73,-1.02,-134.60,35.34,-28.79,52.69,0.009,58.39,55.09,SERVOING_READY
175.10,0.1989,0.0136,0.5531,0.5188,0.5106,0.5090,0.4593,162.63,64.73,-1.02,-134.60,35.34,-28.79,52.69,0.009,58.39,55.09,SERVOING_READY
175.20,0.1989,0.0136,0.5531,0.5188,0.5106,0.5090,0.4593,162.63,64.73,-1.02,-134.60,35.34,-28.79,52.69,0.009,58.39,55.09,SERVOING_READY
175.33,0.1989,0.0136,0.5531,0.5188,0.5106,0.5090,0.4593,162.63,64.73,-1.02,-134.60,35.34,-28.79,52.69,0.009,58.39,55.09,SERVOING_READY
175.45,0.1989,0.0136,0.5531,0.5188,0.5106,0.5090,0.4593,162.63,64.73,-1.02,-134.60,35.34,-28.79,52.69,0.009,58.39,55.09,SERVOING_READY
175.58,0.1989,0.0136,0.5531,0.5188,0.5106,0.5090,0.4593,162.63,64.73,-1.02,-134.60,35.34,-28.79,52.69,0.009,58.39,55.09,SERVOING_READY
175.70,0.1989,0.0136,0.5531,0.5188,0.5106,0.5090,0.4593,162.63,64.73,-1.02,-134.60,35.34,-28.79,52.69,0.009,58.39,55.09,SERVOING_READY
175.83,0.1989,0.0136,0.5531,0.5188,0.5106,0.5090,0.4593,162.63,64.73,-1.02,-134.60,35.34,-28.79,52.69,0.009,58.39,55.09,SERVOING_READY
175.93,0.1989,0.0136,0.5531,0.5188,0.5106,0.5090,0.4593,162.63,64.73,-1.02,-134.60,35.34,-28.79,52.69,0.009,58.39,55.09,SERVOING_READY
176.06,0.1989,0.0136,0.5531,0.5188,0.5106,0.5090,0.4593,162.63,64.73,-1.02,-134.60,35.34,-28.79,52.69,0.009,58.39,55.09,SERVOING_READY
176.18,0.1989,0.0136,0.5531,0.5188,0.5106,0.5090,0.4593,162.63,64.73,-1.02,-134.60,35.34,-28.79,52.69,0.009,58.39,55.09,SERVOING_READY
176.30,0.1989,0.0136,0.5531,0.5188,0.5106,0.5090,0.4593,162.63,64.73,-1.02,-134.60,35.34,-28.79,52.69,0.009,58.39,55.09,SERVOING_READY
176.43,0.1989,0.0136,0.5531,0.5188,0.5106,0.5090,0.4593,162.63,64.73,-1.02,-134.60,35.34,-28.79,52.69,0.009,58.39,55.09,SERVOING_READY
176.55,0.1989,0.0136,0.5531,0.5188,0.5106,0.5090,0.4593,162.63,64.73,-1.02,-134.60,35.34,-28.79,52.69,0.009,58.39,55.09,SERVOING_READY
176.66,0.1989,0.0136,0.5531,0.5188,0.5106,0.5090,0.4593,162.63,64.73,-1.02,-134.60,35.34,-28.79,52.69,0.009,58.39,55.09,SERVOING_READY
176.78,0.1989,0.0136,0.5531,0.5188,0.5106,0.5090,0.4593,162.63,64.73,-1.02,-134.60,35.34,-28.79,52.69,0.009,58.39,55.09,SERVOING_READY
176.90,0.1989,0.0136,0.5531,0.5188,0.5106,0.5090,0.4593,162.63,64.73,-1.02,-134.60,35.34,-28.79,52.69,0.009,58.39,55.09,SERVOING_READY
177.03,0.1989,0.0136,0.5531,0.5188,0.5106,0.5090,0.4593,162.63,64.73,-1.02,-134.60,35.34,-28.79,52.69,0.009,58.39,55.09,SERVOING_READY
177.15,0.1989,0.0136,0.5531,0.5188,0.5106,0.5090,0.4593,162.63,64.73,-1.02,-134.60,35.34,-28.79,52.69,0.009,58.39,55.09,SERVOING_READY
177.28,0.1989,0.0136,0.5531,0.5188,0.5106,0.5090,0.4593,162.63,64.73,-1.02,-134.60,35.34,-28.79,52.69,0.009,58.39,55.09,SERVOING_READY
177.38,0.1989,0.0136,0.5531,0.5188,0.5106,0.5090,0.4593,162.63,64.73,-1.02,-134.60,35.34,-28.79,52.69,0.009,58.39,55.09,SERVOING_READY
177.50,0.1989,0.0136,0.5531,0.5188,0.5106,0.5090,0.4593,162.63,64.73,-1.02,-134.60,35.34,-28.79,52.69,0.009,58.39,55.09,SERVOING_READY
177.63,0.1989,0.0136,0.5531,0.5188,0.5106,0.5090,0.4593,162.63,64.73,-1.02,-134.60,35.34,-28.79,52.69,0.009,58.39,55.09,SERVOING_READY
177.75,0.1989,0.0136,0.5531,0.5188,0.5106,0.5090,0.4593,162.63,64.73,-1.02,-134.60,35.34,-28.79,52.69,0.009,58.39,55.09,SERVOING_READY
177.88,0.1989,0.0136,0.5531,0.5188,0.5106,0.5090,0.4593,162.63,64.73,-1.02,-134.60,35.34,-28.79,52.69,0.009,58.39,55.09,SERVOING_READY
177.98,0.1989,0.0136,0.5531,0.5188,0.5106,0.5090,0.4593,162.63,64.73,-1.02,-134.60,35.34,-28.79,52.69,0.009,58.39,55.09,SERVOING_READY
178.10,0.1989,0.0136,0.5531,0.5188,0.5106,0.5090,0.4593,162.63,64.73,-1.02,-134.60,35.34,-28.79,52.69,0.009,58.39,55.09,SERVOING_READY
178.23,0.1989,0.0136,0.5531,0.5188,0.5106,0.5090,0.4593,162.63,64.73,-1.02,-134.60,35.34,-28.79,52.69,0.009,58.39,55.09,SERVOING_READY
178.35,0.1989,0.0136,0.5531,0.5188,0.5106,0.5090,0.4593,162.63,64.73,-1.02,-134.60,35.34,-28.79,52.69,0.009,58.39,55.09,SERVOING_READY
178.48,0.1989,0.0136,0.5531,0.5188,0.5106,0.5090,0.4593,162.63,64.73,-1.02,-134.60,35.34,-28.79,52.69,0.009,58.39,55.09,SERVOING_READY
178.60,0.1989,0.0136,0.5531,0.5188,0.5106,0.5090,0.4593,162.63,64.73,-1.02,-134.60,35.34,-28.79,52.69,0.009,58.39,55.09,SERVOING_READY
178.71,0.1989,0.0136,0.5531,0.5188,0.5106,0.5090,0.4593,162.63,64.73,-1.02,-134.60,35.34,-28.79,52.69,0.009,58.39,55.09,SERVOING_READY
178.83,0.1989,0.0136,0.5531,0.5188,0.5106,0.5090,0.4593,162.63,64.73,-1.02,-134.60,35.34,-28.79,52.69,0.009,58.39,55.09,SERVOING_READY
178.95,0.1989,0.0136,0.5531,0.5188,0.5106,0.5090,0.4593,162.63,64.73,-1.02,-134.60,35.34,-28.79,52.69,0.009,58.39,55.09,SERVOING_READY
179.08,0.1989,0.0136,0.5531,0.5188,0.5106,0.5090,0.4593,162.63,64.73,-1.02,-134.60,35.34,-28.79,52.69,0.009,58.39,55.09,SERVOING_READY
179.20,0.1989,0.0136,0.5531,0.5188,0.5106,0.5090,0.4593,162.63,64.73,-1.02,-134.60,35.34,-28.79,52.69,0.009,58.39,55.09,SERVOING_READY
179.33,0.1989,0.0136,0.5531,0.5188,0.5106,0.5090,0.4593,162.63,64.73,-1.02,-134.60,35.34,-28.79,52.69,0.009,58.39,55.09,SERVOING_READY
179.43,0.1989,0.0136,0.5531,0.5188,0.5106,0.5090,0.4593,162.63,64.73,-1.02,-134.60,35.34,-28.79,52.69,0.009,58.39,55.09,SERVOING_READY
179.55,0.1989,0.0136,0.5531,0.5188,0.5106,0.5090,0.4593,162.63,64.73,-1.02,-134.60,35.34,-28.79,52.69,0.009,58.39,55.09,SERVOING_READY
179.68,0.1989,0.0136,0.5531,0.5188,0.5106,0.5090,0.4593,162.63,64.73,-1.02,-134.60,35.34,-28.79,52.69,0.009,58.39,55.09,SERVOING_READY
179.80,0.1989,0.0136,0.5531,0.5188,0.5106,0.5090,0.4593,162.63,64.73,-1.02,-134.60,35.34,-28.79,52.69,0.009,58.39,55.09,SERVOING_READY
179.93,0.1989,0.0136,0.5531,0.5188,0.5106,0.5090,0.4593,162.63,64.73,-1.02,-134.60,35.34,-28.79,52.69,0.009,58.39,55.09,SERVOING_READY
180.05,0.1989,0.0136,0.5531,0.5188,0.5106,0.5090,0.4593,162.63,64.73,-1.02,-134.60,35.34,-28.79,52.69,0.009,58.39,55.09,SERVOING_READY
180.15,0.1989,0.0136,0.5531,0.5188,0.5106,0.5090,0.4593,162.63,64.73,-1.02,-134.60,35.34,-28.79,52.69,0.009,58.39,55.09,SERVOING_READY
180.28,0.1989,0.0136,0.5531,0.5188,0.5106,0.5090,0.4593,162.63,64.73,-1.02,-134.60,35.34,-28.79,52.69,0.009,58.39,55.09,SERVOING_READY
180.40,0.1989,0.0136,0.5531,0.5188,0.5106,0.5090,0.4593,162.63,64.73,-1.02,-134.60,35.34,-28.79,52.69,0.009,58.39,55.09,SERVOING_READY
180.53,0.1989,0.0136,0.5531,0.5188,0.5106,0.5090,0.4593,162.63,64.73,-1.02,-134.60,35.34,-28.79,52.69,0.009,58.39,55.09,SERVOING_READY
180.65,0.1989,0.0136,0.5531,0.5188,0.5106,0.5090,0.4593,162.63,64.73,-1.02,-134.60,35.34,-28.79,52.69,0.009,58.39,55.09,SERVOING_READY
180.78,0.1989,0.0136,0.5531,0.5188,0.5106,0.5090,0.4593,162.63,64.73,-1.02,-134.60,35.34,-28.79,52.69,0.009,58.39,55.09,SERVOING_READY
180.88,0.1989,0.0136,0.5531,0.5188,0.5106,0.5090,0.4593,162.63,64.73,-1.02,-134.60,35.34,-28.79,52.69,0.009,58.39,55.09,SERVOING_READY
181.00,0.1989,0.0136,0.5531,0.5188,0.5106,0.5090,0.4593,162.63,64.73,-1.02,-134.60,35.34,-28.79,52.69,0.009,58.39,55.09,SERVOING_READY
181.13,0.1989,0.0136,0.5531,0.5188,0.5106,0.5090,0.4593,162.63,64.73,-1.02,-134.60,35.34,-28.79,52.69,0.009,58.39,55.09,SERVOING_READY
181.25,0.1989,0.0136,0.5531,0.5188,0.5106,0.5090,0.4593,162.63,64.73,-1.02,-134.60,35.34,-28.79,52.69,0.009,58.39,55.09,SERVOING_READY
181.38,0.1989,0.0136,0.5531,0.5188,0.5106,0.5090,0.4593,162.63,64.73,-1.02,-134.60,35.34,-28.79,52.69,0.009,58.39,55.09,SERVOING_READY
181.48,0.1989,0.0136,0.5531,0.5188,0.5106,0.5090,0.4593,162.63,64.73,-1.02,-134.60,35.34,-28.79,52.69,0.009,58.39,55.09,SERVOING_READY
181.60,0.1989,0.0136,0.5531,0.5188,0.5106,0.5090,0.4593,162.63,64.73,-1.02,-134.60,35.34,-28.79,52.69,0.009,58.39,55.09,SERVOING_READY
181.73,0.1989,0.0136,0.5531,0.5188,0.5106,0.5090,0.4593,162.63,64.73,-1.02,-134.60,35.34,-28.79,52.69,0.009,58.39,55.09,SERVOING_READY
181.85,0.1989,0.0136,0.5531,0.5188,0.5106,0.5090,0.4593,162.63,64.73,-1.02,-134.60,35.34,-28.79,52.69,0.009,58.39,55.09,SERVOING_READY
181.98,0.1989,0.0136,0.5531,0.5188,0.5106,0.5090,0.4593,162.63,64.73,-1.02,-134.60,35.34,-28.79,52.69,0.009,58.39,55.09,SERVOING_READY
182.10,0.1989,0.0136,0.5531,0.5188,0.5106,0.5090,0.4593,162.63,64.73,-1.02,-134.60,35.34,-28.79,52.69,0.009,58.39,55.09,SERVOING_READY
182.21,0.1989,0.0136,0.5531,0.5188,0.5106,0.5090,0.4593,162.63,64.73,-1.02,-134.60,35.34,-28.79,52.69,0.009,58.39,55.09,SERVOING_READY
182.33,0.1989,0.0136,0.5531,0.5188,0.5106,0.5090,0.4593,162.63,64.73,-1.02,-134.60,35.34,-28.79,52.69,0.009,58.39,55.09,SERVOING_READY
182.45,0.1989,0.0136,0.5531,0.5188,0.5106,0.5090,0.4593,162.63,64.73,-1.02,-134.60,35.34,-28.79,52.69,0.009,58.39,55.09,SERVOING_READY
182.58,0.1989,0.0136,0.5531,0.5188,0.5106,0.5090,0.4593,162.63,64.73,-1.02,-134.60,35.34,-28.79,52.69,0.009,58.39,55.09,SERVOING_READY
182.70,0.1989,0.0136,0.5531,0.5188,0.5106,0.5090,0.4593,162.63,64.73,-1.02,-134.60,35.34,-28.79,52.69,0.009,58.39,55.09,SERVOING_READY
182.83,0.1989,0.0136,0.5531,0.5188,0.5106,0.5090,0.4593,162.63,64.73,-1.02,-134.60,35.34,-28.79,52.69,0.009,58.39,55.09,SERVOING_READY
182.93,0.1989,0.0136,0.5531,0.5188,0.5106,0.5090,0.4593,162.63,64.73,-1.02,-134.60,35.34,-28.79,52.69,0.009,58.39,55.09,SERVOING_READY
183.06,0.1989,0.0136,0.5531,0.5188,0.5106,0.5090,0.4593,162.63,64.73,-1.02,-134.60,35.34,-28.79,52.69,0.009,58.39,55.09,SERVOING_READY
183.18,0.1989,0.0136,0.5531,0.5188,0.5106,0.5090,0.4593,162.63,64.73,-1.02,-134.60,35.34,-28.79,52.69,0.009,58.39,55.09,SERVOING_READY
183.30,0.1989,0.0136,0.5531,0.5188,0.5106,0.5090,0.4593,162.63,64.73,-1.02,-134.60,35.34,-28.79,52.69,0.009,58.39,55.09,SERVOING_READY
183.43,0.1989,0.0136,0.5531,0.5188,0.5106,0.5090,0.4593,162.63,64.73,-1.02,-134.60,35.34,-28.79,52.69,0.009,58.39,55.09,SERVOING_READY
183.55,0.1989,0.0136,0.5531,0.5188,0.5106,0.5090,0.4593,162.63,64.73,-1.02,-134.60,35.34,-28.79,52.69,0.009,58.39,55.09,SERVOING_READY
183.66,0.1989,0.0136,0.5531,0.5188,0.5106,0.5090,0.4593,162.63,64.73,-1.02,-134.60,35.34,-28.79,52.69,0.009,58.39,55.09,SERVOING_READY
183.78,0.1989,0.0136,0.5531,0.5188,0.5106,0.5090,0.4593,162.63,64.73,-1.02,-134.60,35.34,-28.79,52.69,0.009,58.39,55.09,SERVOING_READY
183.90,0.1989,0.0136,0.5531,0.5188,0.5106,0.5090,0.4593,162.63,64.73,-1.02,-134.60,35.34,-28.79,52.69,0.009,58.39,55.09,SERVOING_READY
184.03,0.1989,0.0136,0.5531,0.5188,0.5106,0.5090,0.4593,162.63,64.73,-1.02,-134.60,35.34,-28.79,52.69,0.009,58.39,55.09,SERVOING_READY
184.15,0.1989,0.0136,0.5531,0.5188,0.5106,0.5090,0.4593,162.63,64.73,-1.02,-134.60,35.34,-28.79,52.69,0.009,58.39,55.09,SERVOING_READY
184.28,0.1989,0.0136,0.5531,0.5188,0.5106,0.5090,0.4593,162.63,64.73,-1.02,-134.60,35.34,-28.79,52.69,0.009,58.39,55.09,SERVOING_READY
184.38,0.1989,0.0136,0.5531,0.5188,0.5106,0.5090,0.4593,162.63,64.73,-1.02,-134.60,35.34,-28.79,52.69,0.009,58.39,55.09,SERVOING_READY
184.50,0.1989,0.0136,0.5531,0.5188,0.5106,0.5090,0.4593,162.63,64.73,-1.02,-134.60,35.34,-28.79,52.69,0.009,58.39,55.09,SERVOING_READY
184.63,0.1989,0.0136,0.5531,0.5188,0.5106,0.5090,0.4593,162.63,64.73,-1.02,-134.60,35.34,-28.79,52.69,0.009,58.39,55.09,SERVOING_READY
184.75,0.1989,0.0136,0.5531,0.5188,0.5106,0.5090,0.4593,162.63,64.73,-1.02,-134.60,35.34,-28.79,52.69,0.009,58.39,55.09,SERVOING_READY
184.88,0.1989,0.0136,0.5531,0.5188,0.5106,0.5090,0.4593,162.63,64.73,-1.02,-134.60,35.34,-28.79,52.69,0.009,58.39,55.09,SERVOING_READY
184.98,0.1989,0.0136,0.5531,0.5188,0.5106,0.5090,0.4593,162.63,64.73,-1.02,-134.60,35.34,-28.79,52.69,0.009,58.39,55.09,SERVOING_READY
185.10,0.1989,0.0136,0.5531,0.5188,0.5106,0.5090,0.4593,162.63,64.73,-1.02,-134.60,35.34,-28.79,52.69,0.009,58.39,55.09,SERVOING_READY
185.23,0.1989,0.0136,0.5531,0.5188,0.5106,0.5090,0.4593,162.63,64.73,-1.02,-134.60,35.34,-28.79,52.69,0.009,58.39,55.09,SERVOING_READY
185.35,0.1989,0.0136,0.5531,0.5188,0.5106,0.5090,0.4593,162.63,64.73,-1.02,-134.60,35.34,-28.79,52.69,0.009,58.39,55.09,SERVOING_READY
185.48,0.1989,0.0136,0.5531,0.5188,0.5106,0.5090,0.4593,162.63,64.73,-1.02,-134.60,35.34,-28.79,52.69,0.009,58.39,55.09,SERVOING_READY
185.60,0.1989,0.0136,0.5531,0.5188,0.5106,0.5090,0.4593,162.63,64.73,-1.02,-134.60,35.34,-28.79,52.69,0.009,58.39,55.09,SERVOING_READY
185.71,0.1989,0.0136,0.5531,0.5188,0.5106,0.5090,0.4593,162.63,64.73,-1.02,-134.60,35.34,-28.79,52.69,0.009,58.39,55.09,SERVOING_READY
185.83,0.1989,0.0136,0.5531,0.5188,0.5106,0.5090,0.4593,162.63,64.73,-1.02,-134.60,35.34,-28.79,52.69,0.009,58.39,55.09,SERVOING_READY
185.95,0.1989,0.0136,0.5531,0.5188,0.5106,0.5090,0.4593,162.63,64.73,-1.02,-134.60,35.34,-28.79,52.69,0.009,58.39,55.09,SERVOING_READY
186.08,0.1989,0.0136,0.5531,0.5188,0.5106,0.5090,0.4593,162.63,64.73,-1.02,-134.60,35.34,-28.79,52.69,0.009,58.39,55.09,SERVOING_READY
186.20,0.1989,0.0136,0.5531,0.5188,0.5106,0.5090,0.4593,162.63,64.73,-1.02,-134.60,35.34,-28.79,52.69,0.009,58.39,55.09,SERVOING_READY
186.33,0.1989,0.0136,0.5531,0.5188,0.5106,0.5090,0.4593,162.63,64.73,-1.02,-134.60,35.34,-28.79,52.69,0.009,58.39,55.09,SERVOING_READY
186.43,0.1989,0.0136,0.5531,0.5188,0.5106,0.5090,0.4593,162.63,64.73,-1.02,-134.60,35.34,-28.79,52.69,0.009,58.39,55.09,SERVOING_READY
186.55,0.1989,0.0136,0.5531,0.5188,0.5106,0.5090,0.4593,162.63,64.73,-1.02,-134.60,35.34,-28.79,52.69,0.009,58.39,55.09,SERVOING_READY
186.68,0.1989,0.0136,0.5531,0.5188,0.5106,0.5090,0.4593,162.63,64.73,-1.02,-134.60,35.34,-28.79,52.69,0.009,58.39,55.09,SERVOING_READY
186.80,0.1989,0.0136,0.5531,0.5188,0.5106,0.5090,0.4593,162.63,64.73,-1.02,-134.60,35.34,-28.79,52.69,0.009,58.39,55.09,SERVOING_READY
186.93,0.1989,0.0136,0.5531,0.5188,0.5106,0.5090,0.4593,162.63,64.73,-1.02,-134.60,35.34,-28.79,52.69,0.009,58.39,55.09,SERVOING_READY
187.05,0.1989,0.0136,0.5531,0.5188,0.5106,0.5090,0.4593,162.63,64.73,-1.02,-134.60,35.34,-28.79,52.69,0.009,58.39,55.09,SERVOING_READY
187.16,0.1989,0.0136,0.5531,0.5188,0.5106,0.5090,0.4593,162.63,64.73,-1.02,-134.60,35.34,-28.79,52.69,0.009,58.39,55.09,SERVOING_READY
187.28,0.1989,0.0136,0.5531,0.5188,0.5106,0.5090,0.4593,162.63,64.73,-1.02,-134.60,35.34,-28.79,52.69,0.009,58.39,55.09,SERVOING_READY
187.40,0.1989,0.0136,0.5531,0.5188,0.5106,0.5090,0.4593,162.63,64.73,-1.02,-134.60,35.34,-28.79,52.69,0.009,58.39,55.09,SERVOING_READY
187.53,0.1989,0.0136,0.5531,0.5188,0.5106,0.5090,0.4593,162.63,64.73,-1.02,-134.60,35.34,-28.79,52.69,0.009,58.39,55.09,SERVOING_READY
187.65,0.1989,0.0136,0.5531,0.5188,0.5106,0.5090,0.4593,162.63,64.73,-1.02,-134.60,35.34,-28.79,52.69,0.009,58.39,55.09,SERVOING_READY
187.78,0.1989,0.0136,0.5531,0.5188,0.5106,0.5090,0.4593,162.63,64.73,-1.02,-134.60,35.34,-28.79,52.69,0.009,58.39,55.09,SERVOING_READY
187.88,0.1989,0.0136,0.5531,0.5188,0.5106,0.5090,0.4593,162.63,64.73,-1.02,-134.60,35.34,-28.79,52.69,0.009,58.39,55.09,SERVOING_READY
188.00,0.1989,0.0136,0.5531,0.5188,0.5106,0.5090,0.4593,162.63,64.73,-1.02,-134.60,35.34,-28.79,52.69,0.009,58.39,55.09,SERVOING_READY
188.13,0.1989,0.0136,0.5531,0.5188,0.5106,0.5090,0.4593,162.63,64.73,-1.02,-134.60,35.34,-28.79,52.69,0.009,58.39,55.09,SERVOING_READY
188.25,0.1989,0.0136,0.5531,0.5188,0.5106,0.5090,0.4593,162.63,64.73,-1.02,-134.60,35.34,-28.79,52.69,0.009,58.39,55.09,SERVOING_READY
188.38,0.1989,0.0136,0.5531,0.5188,0.5106,0.5090,0.4593,162.63,64.73,-1.02,-134.60,35.34,-28.79,52.69,0.009,58.39,55.09,SERVOING_READY
188.48,0.1989,0.0136,0.5531,0.5188,0.5106,0.5090,0.4593,162.63,64.73,-1.02,-134.60,35.34,-28.79,52.69,0.009,58.39,55.09,SERVOING_READY
188.60,0.1989,0.0136,0.5531,0.5188,0.5106,0.5090,0.4593,162.63,64.73,-1.02,-134.60,35.34,-28.79,52.69,0.009,58.39,55.09,SERVOING_READY
188.73,0.1989,0.0136,0.5531,0.5188,0.5106,0.5090,0.4593,162.63,64.73,-1.02,-134.60,35.34,-28.79,52.69,0.009,58.39,55.09,SERVOING_READY
188.85,0.1989,0.0136,0.5531,0.5188,0.5106,0.5090,0.4593,162.63,64.73,-1.02,-134.60,35.34,-28.79,52.69,0.009,58.39,55.09,SERVOING_READY
188.98,0.1989,0.0136,0.5531,0.5188,0.5106,0.5090,0.4593,162.63,64.73,-1.02,-134.60,35.34,-28.79,52.69,0.009,58.39,55.09,SERVOING_READY
189.10,0.1989,0.0136,0.5531,0.5188,0.5106,0.5090,0.4593,162.63,64.73,-1.02,-134.60,35.34,-28.79,52.69,0.009,58.39,55.09,SERVOING_READY
189.21,0.1989,0.0136,0.5531,0.5188,0.5106,0.5090,0.4593,162.63,64.73,-1.02,-134.60,35.34,-28.79,52.69,0.009,58.39,55.09,SERVOING_READY
189.33,0.1989,0.0136,0.5531,0.5188,0.5106,0.5090,0.4593,162.63,64.73,-1.02,-134.60,35.34,-28.79,52.69,0.009,58.39,55.09,SERVOING_READY
189.45,0.1989,0.0136,0.5531,0.5188,0.5106,0.5090,0.4593,162.63,64.73,-1.02,-134.60,35.34,-28.79,52.69,0.009,58.39,55.09,SERVOING_READY
189.58,0.1989,0.0136,0.5531,0.5188,0.5106,0.5090,0.4593,162.63,64.73,-1.02,-134.60,35.34,-28.79,52.69,0.009,58.39,55.09,SERVOING_READY
189.70,0.1989,0.0136,0.5531,0.5188,0.5106,0.5090,0.4593,162.63,64.73,-1.02,-134.60,35.34,-28.79,52.69,0.009,58.39,55.09,SERVOING_READY
189.83,0.1989,0.0136,0.5531,0.5188,0.5106,0.5090,0.4593,162.63,64.73,-1.02,-134.60,35.34,-28.79,52.69,0.009,58.39,55.09,SERVOING_READY
189.93,0.1989,0.0136,0.5531,0.5188,0.5106,0.5090,0.4593,162.63,64.73,-1.02,-134.60,35.34,-28.79,52.69,0.009,58.39,55.09,SERVOING_READY
190.06,0.1989,0.0136,0.5531,0.5188,0.5106,0.5090,0.4593,162.63,64.73,-1.02,-134.60,35.34,-28.79,52.69,0.009,58.39,55.09,SERVOING_READY
190.18,0.1989,0.0136,0.5531,0.5188,0.5106,0.5090,0.4593,162.63,64.73,-1.02,-134.60,35.34,-28.79,52.69,0.009,58.39,55.09,SERVOING_READY
190.30,0.1989,0.0136,0.5531,0.5188,0.5106,0.5090,0.4593,162.63,64.73,-1.02,-134.60,35.34,-28.79,52.69,0.009,58.39,55.09,SERVOING_READY
190.43,0.1989,0.0136,0.5531,0.5188,0.5106,0.5090,0.4593,162.63,64.73,-1.02,-134.60,35.34,-28.79,52.69,0.009,58.39,55.09,SERVOING_READY
190.55,0.1989,0.0136,0.5531,0.5188,0.5106,0.5090,0.4593,162.63,64.73,-1.02,-134.60,35.34,-28.79,52.69,0.009,58.39,55.09,SERVOING_READY
190.66,0.1989,0.0136,0.5531,0.5188,0.5106,0.5090,0.4593,162.63,64.73,-1.02,-134.60,35.34,-28.79,52.69,0.009,58.39,55.09,SERVOING_READY
190.78,0.1989,0.0136,0.5531,0.5188,0.5106,0.5090,0.4593,162.63,64.73,-1.02,-134.60,35.34,-28.79,52.69,0.009,58.39,55.09,SERVOING_READY
190.90,0.1989,0.0136,0.5531,0.5188,0.5106,0.5090,0.4593,162.63,64.73,-1.02,-134.60,35.34,-28.79,52.69,0.009,58.39,55.09,SERVOING_READY
191.03,0.1989,0.0136,0.5531,0.5188,0.5106,0.5090,0.4593,162.63,64.73,-1.02,-134.60,35.34,-28.79,52.69,0.009,58.39,55.09,SERVOING_READY
191.15,0.1989,0.0136,0.5531,0.5188,0.5106,0.5090,0.4593,162.63,64.73,-1.02,-134.60,35.34,-28.79,52.69,0.009,58.39,55.09,SERVOING_READY
191.28,0.1989,0.0136,0.5531,0.5188,0.5106,0.5090,0.4593,162.63,64.73,-1.02,-134.60,35.34,-28.79,52.69,0.009,58.39,55.09,SERVOING_READY
191.38,0.1989,0.0136,0.5531,0.5188,0.5106,0.5090,0.4593,162.63,64.73,-1.02,-134.60,35.34,-28.79,52.69,0.009,58.39,55.09,SERVOING_READY
191.50,0.1989,0.0136,0.5531,0.5188,0.5106,0.5090,0.4593,162.63,64.73,-1.02,-134.60,35.34,-28.79,52.69,0.009,58.39,55.09,SERVOING_READY
191.63,0.1989,0.0136,0.5531,0.5188,0.5106,0.5090,0.4593,162.63,64.73,-1.02,-134.60,35.34,-28.79,52.69,0.009,58.39,55.09,SERVOING_READY
191.75,0.1989,0.0136,0.5531,0.5188,0.5106,0.5090,0.4593,162.63,64.73,-1.02,-134.60,35.34,-28.79,52.69,0.009,58.39,55.09,SERVOING_READY
191.88,0.1989,0.0136,0.5531,0.5188,0.5106,0.5090,0.4593,162.63,64.73,-1.02,-134.60,35.34,-28.79,52.69,0.009,58.39,55.09,SERVOING_READY
191.98,0.1989,0.0136,0.5531,0.5188,0.5106,0.5090,0.4593,162.63,64.73,-1.02,-134.60,35.34,-28.79,52.69,0.009,58.39,55.09,SERVOING_READY
192.10,0.1989,0.0136,0.5531,0.5188,0.5106,0.5090,0.4593,162.63,64.73,-1.02,-134.60,35.34,-28.79,52.69,0.009,58.39,55.09,SERVOING_READY
192.23,0.1989,0.0136,0.5531,0.5188,0.5106,0.5090,0.4593,162.63,64.73,-1.02,-134.60,35.34,-28.79,52.69,0.009,58.39,55.09,SERVOING_READY
192.35,0.1989,0.0136,0.5531,0.5188,0.5106,0.5090,0.4593,162.63,64.73,-1.02,-134.60,35.34,-28.79,52.69,0.009,58.39,55.09,SERVOING_READY
192.48,0.1989,0.0136,0.5531,0.5188,0.5106,0.5090,0.4593,162.63,64.73,-1.02,-134.60,35.34,-28.79,52.69,0.009,58.39,55.09,SERVOING_READY
192.60,0.1989,0.0136,0.5531,0.5188,0.5106,0.5090,0.4593,162.63,64.73,-1.02,-134.60,35.34,-28.79,52.69,0.009,58.39,55.09,SERVOING_READY
192.71,0.1989,0.0136,0.5531,0.5188,0.5106,0.5090,0.4593,162.63,64.73,-1.02,-134.60,35.34,-28.79,52.69,0.009,58.39,55.09,SERVOING_READY
192.83,0.1989,0.0136,0.5531,0.5188,0.5106,0.5090,0.4593,162.63,64.73,-1.02,-134.60,35.34,-28.79,52.69,0.009,58.39,55.09,SERVOING_READY
192.95,0.1989,0.0136,0.5531,0.5188,0.5106,0.5090,0.4593,162.63,64.73,-1.02,-134.60,35.34,-28.79,52.69,0.009,58.39,55.09,SERVOING_READY
193.08,0.1989,0.0136,0.5531,0.5188,0.5106,0.5090,0.4593,162.63,64.73,-1.02,-134.60,35.34,-28.79,52.69,0.009,58.39,55.09,SERVOING_READY
193.20,0.1989,0.0136,0.5531,0.5188,0.5106,0.5090,0.4593,162.63,64.73,-1.02,-134.60,35.34,-28.79,52.69,0.009,58.39,55.09,SERVOING_READY
193.33,0.1989,0.0136,0.5531,0.5188,0.5106,0.5090,0.4593,162.63,64.73,-1.02,-134.60,35.34,-28.79,52.69,0.009,58.39,55.09,SERVOING_READY
193.43,0.1989,0.0136,0.5531,0.5188,0.5106,0.5090,0.4593,162.63,64.73,-1.02,-134.60,35.34,-28.79,52.69,0.009,58.39,55.09,SERVOING_READY
193.55,0.1989,0.0136,0.5531,0.5188,0.5106,0.5090,0.4593,162.63,64.73,-1.02,-134.60,35.34,-28.79,52.69,0.009,58.39,55.09,SERVOING_READY
193.68,0.1989,0.0136,0.5531,0.5188,0.5106,0.5090,0.4593,162.63,64.73,-1.02,-134.60,35.34,-28.79,52.69,0.009,58.39,55.09,SERVOING_READY
193.80,0.1989,0.0136,0.5531,0.5188,0.5106,0.5090,0.4593,162.63,64.73,-1.02,-134.60,35.34,-28.79,52.69,0.009,58.39,55.09,SERVOING_READY
193.93,0.1989,0.0136,0.5531,0.5188,0.5106,0.5090,0.4593,162.63,64.73,-1.02,-134.60,35.34,-28.79,52.69,0.009,58.39,55.09,SERVOING_READY
194.05,0.1989,0.0136,0.5531,0.5188,0.5106,0.5090,0.4593,162.63,64.73,-1.02,-134.60,35.34,-28.79,52.69,0.009,58.39,55.09,SERVOING_READY
194.16,0.1989,0.0136,0.5531,0.5188,0.5106,0.5090,0.4593,162.63,64.73,-1.02,-134.60,35.34,-28.79,52.69,0.009,58.39,55.09,SERVOING_READY
194.28,0.1989,0.0136,0.5531,0.5188,0.5106,0.5090,0.4593,162.63,64.73,-1.02,-134.60,35.34,-28.79,52.69,0.009,58.39,55.09,SERVOING_READY
194.40,0.1989,0.0136,0.5531,0.5188,0.5106,0.5090,0.4593,162.63,64.73,-1.02,-134.60,35.34,-28.79,52.69,0.009,58.39,55.09,SERVOING_READY
194.53,0.1989,0.0136,0.5531,0.5188,0.5106,0.5090,0.4593,162.63,64.73,-1.02,-134.60,35.34,-28.79,52.69,0.009,58.39,55.09,SERVOING_READY
194.65,0.1989,0.0136,0.5531,0.5188,0.5106,0.5090,0.4593,162.63,64.73,-1.02,-134.60,35.34,-28.79,52.69,0.009,58.39,55.09,SERVOING_READY
194.78,0.1989,0.0136,0.5531,0.5188,0.5106,0.5090,0.4593,162.63,64.73,-1.02,-134.60,35.34,-28.79,52.69,0.009,58.39,55.09,SERVOING_READY
194.88,0.1989,0.0136,0.5531,0.5188,0.5106,0.5090,0.4593,162.63,64.73,-1.02,-134.60,35.34,-28.79,52.69,0.009,58.39,55.09,SERVOING_READY
195.00,0.1989,0.0136,0.5531,0.5188,0.5106,0.5090,0.4593,162.63,64.73,-1.02,-134.60,35.34,-28.79,52.69,0.009,58.39,55.09,SERVOING_READY
195.13,0.1989,0.0136,0.5531,0.5188,0.5106,0.5090,0.4593,162.63,64.73,-1.02,-134.60,35.34,-28.79,52.69,0.009,58.39,55.09,SERVOING_READY
195.25,0.1989,0.0136,0.5531,0.5188,0.5106,0.5090,0.4593,162.63,64.73,-1.02,-134.60,35.34,-28.79,52.69,0.009,58.39,55.09,SERVOING_READY
195.38,0.1989,0.0136,0.5531,0.5188,0.5106,0.5090,0.4593,162.63,64.73,-1.02,-134.60,35.34,-28.79,52.69,0.009,58.39,55.09,SERVOING_READY
195.48,0.1989,0.0136,0.5531,0.5188,0.5106,0.5090,0.4593,162.63,64.73,-1.02,-134.60,35.34,-28.79,52.69,0.009,58.39,55.09,SERVOING_READY
195.60,0.1989,0.0136,0.5531,0.5188,0.5106,0.5090,0.4593,162.63,64.73,-1.02,-134.60,35.34,-28.79,52.69,0.009,58.39,55.09,SERVOING_READY
195.73,0.1989,0.0136,0.5531,0.5188,0.5106,0.5090,0.4593,162.63,64.73,-1.02,-134.60,35.34,-28.79,52.69,0.009,58.39,55.09,SERVOING_READY
195.85,0.1989,0.0136,0.5531,0.5188,0.5106,0.5090,0.4593,162.63,64.73,-1.02,-134.60,35.34,-28.79,52.69,0.009,58.39,55.09,SERVOING_READY
195.98,0.1989,0.0136,0.5531,0.5188,0.5106,0.5090,0.4593,162.63,64.73,-1.02,-134.60,35.34,-28.79,52.69,0.009,58.39,55.09,SERVOING_READY
196.10,0.1989,0.0136,0.5531,0.5188,0.5106,0.5090,0.4593,162.63,64.73,-1.02,-134.60,35.34,-28.79,52.69,0.009,58.39,55.09,SERVOING_READY
196.21,0.1989,0.0136,0.5531,0.5188,0.5106,0.5090,0.4593,162.63,64.73,-1.02,-134.60,35.34,-28.79,52.69,0.009,58.39,55.09,SERVOING_READY
196.33,0.1989,0.0136,0.5531,0.5188,0.5106,0.5090,0.4593,162.63,64.73,-1.02,-134.60,35.34,-28.79,52.69,0.009,58.39,55.09,SERVOING_READY
196.45,0.1989,0.0136,0.5531,0.5188,0.5106,0.5090,0.4593,162.63,64.73,-1.02,-134.60,35.34,-28.79,52.69,0.009,58.39,55.09,SERVOING_READY
196.58,0.1989,0.0136,0.5531,0.5188,0.5106,0.5090,0.4593,162.63,64.73,-1.02,-134.60,35.34,-28.79,52.69,0.009,58.39,55.09,SERVOING_READY
196.70,0.1989,0.0136,0.5531,0.5188,0.5106,0.5090,0.4593,162.63,64.73,-1.02,-134.60,35.34,-28.79,52.69,0.009,58.39,55.09,SERVOING_READY
196.83,0.1989,0.0136,0.5531,0.5188,0.5106,0.5090,0.4593,162.63,64.73,-1.02,-134.60,35.34,-28.79,52.69,0.009,58.39,55.09,SERVOING_READY
196.93,0.1989,0.0136,0.5531,0.5188,0.5106,0.5090,0.4593,162.63,64.73,-1.02,-134.60,35.34,-28.79,52.69,0.009,58.39,55.09,SERVOING_READY
