t,x,y,z,qx,qy,qz,qw,J1,J2,J3,J4,J5,J6,J7,gripper,door_deg_fixed_hinge,radius_cm,arm_state
0.07,0.1989,0.0136,0.5531,0.5188,0.5106,0.5090,0.4593,162.63,64.73,-1.02,-134.60,35.34,-28.79,52.69,0.009,58.39,55.09,SERVOING_READY
0.19,0.1989,0.0136,0.5531,0.5188,0.5106,0.5090,0.4593,162.63,64.73,-1.02,-134.60,35.34,-28.79,52.69,0.009,58.39,55.09,SERVOING_READY
0.32,0.1989,0.0136,0.5531,0.5188,0.5106,0.5090,0.4593,162.63,64.73,-1.02,-134.60,35.34,-28.79,52.69,0.009,58.39,55.09,SERVOING_READY
0.44,0.1989,0.0136,0.5531,0.5188,0.5106,0.5090,0.4593,162.63,64.73,-1.02,-134.60,35.34,-28.79,52.69,0.009,58.39,55.09,SERVOING_READY
0.57,0.1989,0.0136,0.5531,0.5188,0.5106,0.5090,0.4593,162.63,64.73,-1.02,-134.60,35.34,-28.79,52.69,0.009,58.39,55.09,SERVOING_READY
0.69,0.1989,0.0136,0.5531,0.5188,0.5106,0.5090,0.4593,162.63,64.73,-1.02,-134.60,35.34,-28.79,52.69,0.009,58.39,55.09,SERVOING_READY
0.80,0.1989,0.0136,0.5531,0.5188,0.5106,0.5090,0.4593,162.63,64.73,-1.02,-134.60,35.34,-28.79,52.69,0.009,58.39,55.09,SERVOING_READY
0.92,0.1989,0.0136,0.5531,0.5188,0.5106,0.5090,0.4593,162.63,64.73,-1.02,-134.60,35.34,-28.79,52.69,0.009,58.39,55.09,SERVOING_READY
1.04,0.1989,0.0136,0.5531,0.5188,0.5106,0.5090,0.4593,162.63,64.73,-1.02,-134.60,35.34,-28.79,52.69,0.009,58.39,55.09,SERVOING_READY
1.17,0.1989,0.0136,0.5531,0.5188,0.5106,0.5090,0.4593,162.63,64.73,-1.02,-134.60,35.34,-28.79,52.69,0.009,58.39,55.09,SERVOING_READY
1.29,0.1989,0.0136,0.5531,0.5188,0.5106,0.5090,0.4593,162.63,64.73,-1.02,-134.60,35.34,-28.79,52.69,0.009,58.39,55.09,SERVOING_READY
1.40,0.1989,0.0136,0.5531,0.5188,0.5106,0.5090,0.4593,162.63,64.73,-1.02,-134.60,35.34,-28.79,52.69,0.009,58.39,55.09,SERVOING_READY
1.52,0.1989,0.0136,0.5531,0.5188,0.5106,0.5090,0.4593,162.63,64.73,-1.02,-134.60,35.34,-28.79,52.69,0.009,58.39,55.09,SERVOING_READY
1.64,0.1989,0.0136,0.5531,0.5188,0.5106,0.5090,0.4593,162.63,64.73,-1.02,-134.60,35.34,-28.79,52.69,0.009,58.39,55.09,SERVOING_READY
1.77,0.1989,0.0136,0.5531,0.5188,0.5106,0.5090,0.4593,162.63,64.73,-1.02,-134.60,35.34,-28.79,52.69,0.009,58.39,55.09,SERVOING_READY
1.89,0.1989,0.0136,0.5531,0.5188,0.5106,0.5090,0.4593,162.63,64.73,-1.02,-134.60,35.34,-28.79,52.69,0.009,58.39,55.09,SERVOING_READY
2.02,0.1989,0.0136,0.5531,0.5188,0.5106,0.5090,0.4593,162.63,64.73,-1.02,-134.60,35.34,-28.79,52.69,0.009,58.39,55.09,SERVOING_READY
2.12,0.1989,0.0136,0.5531,0.5188,0.5106,0.5090,0.4593,162.63,64.73,-1.02,-134.60,35.34,-28.79,52.69,0.009,58.39,55.09,SERVOING_READY
2.24,0.1989,0.0136,0.5531,0.5188,0.5106,0.5090,0.4593,162.63,64.73,-1.02,-134.60,35.34,-28.79,52.69,0.009,58.39,55.09,SERVOING_READY
2.37,0.1989,0.0136,0.5531,0.5188,0.5106,0.5090,0.4593,162.63,64.73,-1.02,-134.60,35.34,-28.79,52.69,0.009,58.39,55.09,SERVOING_READY
2.49,0.1989,0.0136,0.5531,0.5188,0.5106,0.5090,0.4593,162.63,64.73,-1.02,-134.60,35.34,-28.79,52.69,0.009,58.39,55.09,SERVOING_READY
2.62,0.1989,0.0136,0.5531,0.5188,0.5106,0.5090,0.4593,162.63,64.73,-1.02,-134.60,35.34,-28.79,52.69,0.009,58.39,55.09,SERVOING_READY
2.74,0.1989,0.0136,0.5531,0.5188,0.5106,0.5090,0.4593,162.63,64.73,-1.02,-134.60,35.34,-28.79,52.69,0.009,58.39,55.09,SERVOING_READY
2.85,0.1989,0.0136,0.5531,0.5188,0.5106,0.5090,0.4593,162.63,64.73,-1.02,-134.60,35.34,-28.79,52.69,0.009,58.39,55.09,SERVOING_READY
2.97,0.1989,0.0136,0.5531,0.5188,0.5106,0.5090,0.4593,162.63,64.73,-1.02,-134.60,35.34,-28.79,52.69,0.009,58.39,55.09,SERVOING_READY
3.09,0.1989,0.0136,0.5531,0.5188,0.5106,0.5090,0.4593,162.63,64.73,-1.02,-134.60,35.34,-28.79,52.69,0.009,58.39,55.09,SERVOING_READY
3.22,0.1989,0.0136,0.5531,0.5188,0.5106,0.5090,0.4593,162.63,64.73,-1.02,-134.60,35.34,-28.79,52.69,0.009,58.39,55.09,SERVOING_READY
3.34,0.1989,0.0136,0.5531,0.5188,0.5106,0.5090,0.4593,162.63,64.73,-1.02,-134.60,35.34,-28.79,52.69,0.009,58.39,55.09,SERVOING_READY
3.47,0.1989,0.0136,0.5531,0.5188,0.5106,0.5090,0.4593,162.63,64.73,-1.02,-134.60,35.34,-28.79,52.69,0.009,58.39,55.09,SERVOING_READY
3.57,0.1989,0.0136,0.5531,0.5188,0.5106,0.5090,0.4593,162.63,64.73,-1.02,-134.60,35.34,-28.79,52.69,0.009,58.39,55.09,SERVOING_READY
3.69,0.1989,0.0136,0.5531,0.5188,0.5106,0.5090,0.4593,162.63,64.73,-1.02,-134.60,35.34,-28.79,52.69,0.009,58.39,55.09,SERVOING_READY
3.82,0.1989,0.0136,0.5531,0.5188,0.5106,0.5090,0.4593,162.63,64.73,-1.02,-134.60,35.34,-28.79,52.69,0.009,58.39,55.09,SERVOING_READY
3.94,0.1989,0.0136,0.5531,0.5188,0.5106,0.5090,0.4593,162.63,64.73,-1.02,-134.60,35.34,-28.79,52.69,0.009,58.39,55.09,SERVOING_READY
4.07,0.1989,0.0136,0.5531,0.5188,0.5106,0.5090,0.4593,162.63,64.73,-1.02,-134.60,35.34,-28.79,52.69,0.009,58.39,55.09,SERVOING_READY
4.19,0.1989,0.0136,0.5531,0.5188,0.5106,0.5090,0.4593,162.63,64.73,-1.02,-134.60,35.34,-28.79,52.69,0.009,58.39,55.09,SERVOING_READY
4.30,0.1989,0.0136,0.5531,0.5188,0.5106,0.5090,0.4593,162.63,64.73,-1.02,-134.60,35.34,-28.79,52.69,0.009,58.39,55.09,SERVOING_READY
4.42,0.1989,0.0136,0.5531,0.5188,0.5106,0.5090,0.4593,162.63,64.73,-1.02,-134.60,35.34,-28.79,52.69,0.009,58.39,55.09,SERVOING_READY
4.54,0.1989,0.0136,0.5531,0.5188,0.5106,0.5090,0.4593,162.63,64.73,-1.02,-134.60,35.34,-28.79,52.69,0.009,58.39,55.09,SERVOING_READY
4.67,0.1989,0.0136,0.5531,0.5188,0.5106,0.5090,0.4593,162.63,64.73,-1.02,-134.60,35.34,-28.79,52.69,0.009,58.39,55.09,SERVOING_READY
4.79,0.1989,0.0136,0.5531,0.5188,0.5106,0.5090,0.4593,162.63,64.73,-1.02,-134.60,35.34,-28.79,52.69,0.009,58.39,55.09,SERVOING_READY
4.90,0.1989,0.0136,0.5531,0.5188,0.5106,0.5090,0.4593,162.63,64.73,-1.02,-134.60,35.34,-28.79,52.69,0.009,58.39,55.09,SERVOING_READY
5.02,0.1989,0.0136,0.5531,0.5188,0.5106,0.5090,0.4593,162.63,64.73,-1.02,-134.60,35.34,-28.79,52.69,0.009,58.39,55.09,SERVOING_READY
5.14,0.1989,0.0136,0.5531,0.5188,0.5106,0.5090,0.4593,162.63,64.73,-1.02,-134.60,35.34,-28.79,52.69,0.009,58.39,55.09,SERVOING_READY
5.27,0.1989,0.0136,0.5531,0.5188,0.5106,0.5090,0.4593,162.63,64.73,-1.02,-134.60,35.34,-28.79,52.69,0.009,58.39,55.09,SERVOING_READY
5.39,0.1989,0.0136,0.5531,0.5188,0.5106,0.5090,0.4593,162.63,64.73,-1.02,-134.60,35.34,-28.79,52.69,0.009,58.39,55.09,SERVOING_READY
5.52,0.1989,0.0136,0.5531,0.5188,0.5106,0.5090,0.4593,162.63,64.73,-1.02,-134.60,35.34,-28.79,52.69,0.009,58.39,55.09,SERVOING_READY
5.62,0.1989,0.0136,0.5531,0.5188,0.5106,0.5090,0.4593,162.63,64.73,-1.02,-134.60,35.34,-28.79,52.69,0.009,58.39,55.09,SERVOING_READY
5.74,0.1989,0.0136,0.5531,0.5188,0.5106,0.5090,0.4593,162.63,64.73,-1.02,-134.60,35.34,-28.79,52.69,0.009,58.39,55.09,SERVOING_READY
5.87,0.1989,0.0136,0.5531,0.5188,0.5106,0.5090,0.4593,162.63,64.73,-1.02,-134.60,35.34,-28.79,52.69,0.009,58.39,55.09,SERVOING_READY
5.99,0.1989,0.0136,0.5531,0.5188,0.5106,0.5090,0.4593,162.63,64.73,-1.02,-134.60,35.34,-28.79,52.69,0.009,58.39,55.09,SERVOING_READY
6.12,0.1989,0.0136,0.5531,0.5188,0.5106,0.5090,0.4593,162.63,64.73,-1.02,-134.60,35.34,-28.79,52.69,0.009,58.39,55.09,SERVOING_READY
6.24,0.1989,0.0136,0.5531,0.5188,0.5106,0.5090,0.4593,162.63,64.73,-1.02,-134.60,35.34,-28.79,52.69,0.009,58.39,55.09,SERVOING_READY
6.35,0.1989,0.0136,0.5531,0.5188,0.5106,0.5090,0.4593,162.63,64.73,-1.02,-134.60,35.34,-28.79,52.69,0.009,58.39,55.09,SERVOING_READY
6.47,0.1989,0.0136,0.5531,0.5188,0.5106,0.5090,0.4593,162.63,64.73,-1.02,-134.60,35.34,-28.79,52.69,0.009,58.39,55.09,SERVOING_READY
6.59,0.1989,0.0136,0.5531,0.5188,0.5106,0.5090,0.4593,162.63,64.73,-1.02,-134.60,35.34,-28.79,52.69,0.009,58.39,55.09,SERVOING_READY
6.72,0.1989,0.0136,0.5531,0.5188,0.5106,0.5090,0.4593,162.63,64.73,-1.02,-134.60,35.34,-28.79,52.69,0.009,58.39,55.09,SERVOING_READY
6.84,0.1989,0.0136,0.5531,0.5188,0.5106,0.5090,0.4593,162.63,64.73,-1.02,-134.60,35.34,-28.79,52.69,0.009,58.39,55.09,SERVOING_READY
6.97,0.1989,0.0136,0.5531,0.5188,0.5106,0.5090,0.4593,162.63,64.73,-1.02,-134.60,35.34,-28.79,52.69,0.009,58.39,55.09,SERVOING_READY
7.07,0.1989,0.0136,0.5531,0.5188,0.5106,0.5090,0.4593,162.63,64.73,-1.02,-134.60,35.34,-28.79,52.69,0.009,58.39,55.09,SERVOING_READY
7.19,0.1989,0.0136,0.5531,0.5188,0.5106,0.5090,0.4593,162.63,64.73,-1.02,-134.60,35.34,-28.79,52.69,0.009,58.39,55.09,SERVOING_READY
7.32,0.1989,0.0136,0.5531,0.5188,0.5106,0.5090,0.4593,162.63,64.73,-1.02,-134.60,35.34,-28.79,52.69,0.009,58.39,55.09,SERVOING_READY
7.44,0.1989,0.0136,0.5531,0.5188,0.5106,0.5090,0.4593,162.63,64.73,-1.02,-134.60,35.34,-28.79,52.69,0.009,58.39,55.09,SERVOING_READY
7.57,0.1989,0.0136,0.5531,0.5188,0.5106,0.5090,0.4593,162.63,64.73,-1.02,-134.60,35.34,-28.79,52.69,0.009,58.39,55.09,SERVOING_READY
7.69,0.1989,0.0136,0.5531,0.5188,0.5106,0.5090,0.4593,162.63,64.73,-1.02,-134.60,35.34,-28.79,52.69,0.009,58.39,55.09,SERVOING_READY
7.80,0.1989,0.0136,0.5531,0.5188,0.5106,0.5090,0.4593,162.63,64.73,-1.02,-134.60,35.34,-28.79,52.69,0.009,58.39,55.09,SERVOING_READY
7.92,0.1989,0.0136,0.5531,0.5188,0.5106,0.5090,0.4593,162.63,64.73,-1.02,-134.60,35.34,-28.79,52.69,0.009,58.39,55.09,SERVOING_READY
8.04,0.1989,0.0136,0.5531,0.5188,0.5106,0.5090,0.4593,162.63,64.73,-1.02,-134.60,35.34,-28.79,52.69,0.009,58.39,55.09,SERVOING_READY
8.17,0.1989,0.0136,0.5531,0.5188,0.5106,0.5090,0.4593,162.63,64.73,-1.02,-134.60,35.34,-28.79,52.69,0.009,58.39,55.09,SERVOING_READY
8.29,0.1989,0.0136,0.5531,0.5188,0.5106,0.5090,0.4593,162.63,64.73,-1.02,-134.60,35.34,-28.79,52.69,0.009,58.39,55.09,SERVOING_READY
8.40,0.1989,0.0136,0.5531,0.5188,0.5106,0.5090,0.4593,162.63,64.73,-1.02,-134.60,35.34,-28.79,52.69,0.009,58.39,55.09,SERVOING_READY
8.52,0.1989,0.0136,0.5531,0.5188,0.5106,0.5090,0.4593,162.63,64.73,-1.02,-134.60,35.34,-28.79,52.69,0.009,58.39,55.09,SERVOING_READY
8.64,0.1989,0.0136,0.5531,0.5188,0.5106,0.5090,0.4593,162.63,64.73,-1.02,-134.60,35.34,-28.79,52.69,0.009,58.39,55.09,SERVOING_READY
8.77,0.1989,0.0136,0.5531,0.5188,0.5106,0.5090,0.4593,162.63,64.73,-1.02,-134.60,35.34,-28.79,52.69,0.009,58.39,55.09,SERVOING_READY
8.89,0.1989,0.0136,0.5531,0.5188,0.5106,0.5090,0.4593,162.63,64.73,-1.02,-134.60,35.34,-28.79,52.69,0.009,58.39,55.09,SERVOING_READY
9.02,0.1989,0.0136,0.5531,0.5188,0.5106,0.5090,0.4593,162.63,64.73,-1.02,-134.60,35.34,-28.79,52.69,0.009,58.39,55.09,SERVOING_READY
9.12,0.1989,0.0136,0.5531,0.5188,0.5106,0.5090,0.4593,162.63,64.73,-1.02,-134.60,35.34,-28.79,52.69,0.009,58.39,55.09,SERVOING_READY
9.24,0.1989,0.0136,0.5531,0.5188,0.5106,0.5090,0.4593,162.63,64.73,-1.02,-134.60,35.34,-28.79,52.69,0.009,58.39,55.09,SERVOING_READY
9.37,0.1989,0.0136,0.5531,0.5188,0.5106,0.5090,0.4593,162.63,64.73,-1.02,-134.60,35.34,-28.79,52.69,0.009,58.39,55.09,SERVOING_READY
9.49,0.1989,0.0136,0.5531,0.5188,0.5106,0.5090,0.4593,162.63,64.73,-1.02,-134.60,35.34,-28.79,52.69,0.009,58.39,55.09,SERVOING_READY
9.62,0.1989,0.0136,0.5531,0.5188,0.5106,0.5090,0.4593,162.63,64.73,-1.02,-134.60,35.34,-28.79,52.69,0.009,58.39,55.09,SERVOING_READY
9.74,0.1989,0.0136,0.5531,0.5188,0.5106,0.5090,0.4593,162.63,64.73,-1.02,-134.60,35.34,-28.79,52.69,0.009,58.39,55.09,SERVOING_READY
9.85,0.1989,0.0136,0.5531,0.5188,0.5106,0.5090,0.4593,162.63,64.73,-1.02,-134.60,35.34,-28.79,52.69,0.009,58.39,55.09,SERVOING_READY
9.97,0.1989,0.0136,0.5531,0.5188,0.5106,0.5090,0.4593,162.63,64.73,-1.02,-134.60,35.34,-28.79,52.69,0.009,58.39,55.09,SERVOING_READY
10.09,0.1989,0.0136,0.5531,0.5188,0.5106,0.5090,0.4593,162.63,64.73,-1.02,-134.60,35.34,-28.79,52.69,0.009,58.39,55.09,SERVOING_READY
10.22,0.1989,0.0136,0.5531,0.5188,0.5106,0.5090,0.4593,162.63,64.73,-1.02,-134.60,35.34,-28.79,52.69,0.009,58.39,55.09,SERVOING_READY
10.34,0.1989,0.0136,0.5531,0.5188,0.5106,0.5090,0.4593,162.63,64.73,-1.02,-134.60,35.34,-28.79,52.69,0.009,58.39,55.09,SERVOING_READY
10.47,0.1989,0.0136,0.5531,0.5188,0.5106,0.5090,0.4593,162.63,64.73,-1.02,-134.60,35.34,-28.79,52.69,0.009,58.39,55.09,SERVOING_READY
10.57,0.1989,0.0136,0.5531,0.5188,0.5106,0.5090,0.4593,162.63,64.73,-1.02,-134.60,35.34,-28.79,52.69,0.009,58.39,55.09,SERVOING_READY
10.69,0.1989,0.0136,0.5531,0.5188,0.5106,0.5090,0.4593,162.63,64.73,-1.02,-134.60,35.34,-28.79,52.69,0.009,58.39,55.09,SERVOING_READY
10.82,0.1989,0.0136,0.5531,0.5188,0.5106,0.5090,0.4593,162.63,64.73,-1.02,-134.60,35.34,-28.79,52.69,0.009,58.39,55.09,SERVOING_READY
10.94,0.1989,0.0136,0.5531,0.5188,0.5106,0.5090,0.4593,162.63,64.73,-1.02,-134.60,35.34,-28.79,52.69,0.009,58.39,55.09,SERVOING_READY
11.07,0.1989,0.0136,0.5531,0.5188,0.5106,0.5090,0.4593,162.63,64.73,-1.02,-134.60,35.34,-28.79,52.69,0.009,58.39,55.09,SERVOING_READY
11.19,0.1989,0.0136,0.5531,0.5188,0.5106,0.5090,0.4593,162.63,64.73,-1.02,-134.60,35.34,-28.79,52.69,0.009,58.39,55.09,SERVOING_READY
11.30,0.1989,0.0136,0.5531,0.5188,0.5106,0.5090,0.4593,162.63,64.73,-1.02,-134.60,35.34,-28.79,52.69,0.009,58.39,55.09,SERVOING_READY
11.42,0.1989,0.0136,0.5531,0.5188,0.5106,0.5090,0.4593,162.63,64.73,-1.02,-134.60,35.34,-28.79,52.69,0.009,58.39,55.09,SERVOING_READY
11.54,0.1989,0.0136,0.5531,0.5188,0.5106,0.5090,0.4593,162.63,64.73,-1.02,-134.60,35.34,-28.79,52.69,0.009,58.39,55.09,SERVOING_READY
11.67,0.1989,0.0136,0.5531,0.5188,0.5106,0.5090,0.4593,162.63,64.73,-1.02,-134.60,35.34,-28.79,52.69,0.009,58.39,55.09,SERVOING_READY
11.79,0.1989,0.0136,0.5531,0.5188,0.5106,0.5090,0.4593,162.63,64.73,-1.02,-134.60,35.34,-28.79,52.69,0.009,58.39,55.09,SERVOING_READY
11.90,0.1989,0.0136,0.5531,0.5188,0.5106,0.5090,0.4593,162.63,64.73,-1.02,-134.60,35.34,-28.79,52.69,0.009,58.39,55.09,SERVOING_READY
12.02,0.1989,0.0136,0.5531,0.5188,0.5106,0.5090,0.4593,162.63,64.73,-1.02,-134.60,35.34,-28.79,52.69,0.009,58.39,55.09,SERVOING_READY
12.14,0.1989,0.0136,0.5531,0.5188,0.5106,0.5090,0.4593,162.63,64.73,-1.02,-134.60,35.34,-28.79,52.69,0.009,58.39,55.09,SERVOING_READY
12.27,0.1989,0.0136,0.5531,0.5188,0.5106,0.5090,0.4593,162.63,64.73,-1.02,-134.60,35.34,-28.79,52.69,0.009,58.39,55.09,SERVOING_READY
12.39,0.1989,0.0136,0.5531,0.5188,0.5106,0.5090,0.4593,162.63,64.73,-1.02,-134.60,35.34,-28.79,52.69,0.009,58.39,55.09,SERVOING_READY
12.52,0.1989,0.0136,0.5531,0.5188,0.5106,0.5090,0.4593,162.63,64.73,-1.02,-134.60,35.34,-28.79,52.69,0.009,58.39,55.09,SERVOING_READY
12.62,0.1989,0.0136,0.5531,0.5188,0.5106,0.5090,0.4593,162.63,64.73,-1.02,-134.60,35.34,-28.79,52.69,0.009,58.39,55.09,SERVOING_READY
12.74,0.1989,0.0136,0.5531,0.5188,0.5106,0.5090,0.4593,162.63,64.73,-1.02,-134.60,35.34,-28.79,52.69,0.009,58.39,55.09,SERVOING_READY
12.87,0.1989,0.0136,0.5531,0.5188,0.5106,0.5090,0.4593,162.63,64.73,-1.02,-134.60,35.34,-28.79,52.69,0.009,58.39,55.09,SERVOING_READY
12.99,0.1989,0.0136,0.5531,0.5188,0.5106,0.5090,0.4593,162.63,64.73,-1.02,-134.60,35.34,-28.79,52.69,0.009,58.39,55.09,SERVOING_READY
13.12,0.1989,0.0136,0.5531,0.5188,0.5106,0.5090,0.4593,162.63,64.73,-1.02,-134.60,35.34,-28.79,52.69,0.009,58.39,55.09,SERVOING_READY
13.24,0.1989,0.0136,0.5531,0.5188,0.5106,0.5090,0.4593,162.63,64.73,-1.02,-134.60,35.34,-28.79,52.69,0.009,58.39,55.09,SERVOING_READY
13.35,0.1989,0.0136,0.5531,0.5188,0.5106,0.5090,0.4593,162.63,64.73,-1.02,-134.60,35.34,-28.79,52.69,0.009,58.39,55.09,SERVOING_READY
13.47,0.1989,0.0136,0.5531,0.5188,0.5106,0.5090,0.4593,162.63,64.73,-1.02,-134.60,35.34,-28.79,52.69,0.009,58.39,55.09,SERVOING_READY
13.59,0.1989,0.0136,0.5531,0.5188,0.5106,0.5090,0.4593,162.63,64.73,-1.02,-134.60,35.34,-28.79,52.69,0.009,58.39,55.09,SERVOING_READY
13.72,0.1989,0.0136,0.5531,0.5188,0.5106,0.5090,0.4593,162.63,64.73,-1.02,-134.60,35.34,-28.79,52.69,0.009,58.39,55.09,SERVOING_READY
13.84,0.1989,0.0136,0.5531,0.5188,0.5106,0.5090,0.4593,162.63,64.73,-1.02,-134.60,35.34,-28.79,52.69,0.009,58.39,55.09,SERVOING_READY
13.97,0.1989,0.0136,0.5531,0.5188,0.5106,0.5090,0.4593,162.63,64.73,-1.02,-134.60,35.34,-28.79,52.69,0.009,58.39,55.09,SERVOING_READY
14.07,0.1989,0.0136,0.5531,0.5188,0.5106,0.5090,0.4593,162.63,64.73,-1.02,-134.60,35.34,-28.79,52.69,0.009,58.39,55.09,SERVOING_READY
14.19,0.1989,0.0136,0.5531,0.5188,0.5106,0.5090,0.4593,162.63,64.73,-1.02,-134.60,35.34,-28.79,52.69,0.009,58.39,55.09,SERVOING_READY
14.32,0.1989,0.0136,0.5531,0.5188,0.5106,0.5090,0.4593,162.63,64.73,-1.02,-134.60,35.34,-28.79,52.69,0.009,58.39,55.09,SERVOING_READY
14.44,0.1989,0.0136,0.5531,0.5188,0.5106,0.5090,0.4593,162.63,64.73,-1.02,-134.60,35.34,-28.79,52.69,0.009,58.39,55.09,SERVOING_READY
14.57,0.1989,0.0136,0.5531,0.5188,0.5106,0.5090,0.4593,162.63,64.73,-1.02,-134.60,35.34,-28.79,52.69,0.009,58.39,55.09,SERVOING_READY
14.69,0.1989,0.0136,0.5531,0.5188,0.5106,0.5090,0.4593,162.63,64.73,-1.02,-134.60,35.34,-28.79,52.69,0.009,58.39,55.09,SERVOING_READY
14.80,0.1989,0.0136,0.5531,0.5188,0.5106,0.5090,0.4593,162.63,64.73,-1.02,-134.60,35.34,-28.79,52.69,0.009,58.39,55.09,SERVOING_READY
14.92,0.1989,0.0136,0.5531,0.5188,0.5106,0.5090,0.4593,162.63,64.73,-1.02,-134.60,35.34,-28.79,52.69,0.009,58.39,55.09,SERVOING_READY
15.04,0.1989,0.0136,0.5531,0.5188,0.5106,0.5090,0.4593,162.63,64.73,-1.02,-134.60,35.34,-28.79,52.69,0.009,58.39,55.09,SERVOING_READY
15.17,0.1989,0.0136,0.5531,0.5188,0.5106,0.5090,0.4593,162.63,64.73,-1.02,-134.60,35.34,-28.79,52.69,0.009,58.39,55.09,SERVOING_READY
15.29,0.1989,0.0136,0.5531,0.5188,0.5106,0.5090,0.4593,162.63,64.73,-1.02,-134.60,35.34,-28.79,52.69,0.009,58.39,55.09,SERVOING_READY
15.40,0.1989,0.0136,0.5531,0.5188,0.5106,0.5090,0.4593,162.63,64.73,-1.02,-134.60,35.34,-28.79,52.69,0.009,58.39,55.09,SERVOING_READY
15.52,0.1989,0.0136,0.5531,0.5188,0.5106,0.5090,0.4593,162.63,64.73,-1.02,-134.60,35.34,-28.79,52.69,0.009,58.39,55.09,SERVOING_READY
15.64,0.1989,0.0136,0.5531,0.5188,0.5106,0.5090,0.4593,162.63,64.73,-1.02,-134.60,35.34,-28.79,52.69,0.009,58.39,55.09,SERVOING_READY
15.77,0.1989,0.0136,0.5531,0.5188,0.5106,0.5090,0.4593,162.63,64.73,-1.02,-134.60,35.34,-28.79,52.69,0.009,58.39,55.09,SERVOING_READY
15.89,0.1989,0.0136,0.5531,0.5188,0.5106,0.5090,0.4593,162.63,64.73,-1.02,-134.60,35.34,-28.79,52.69,0.009,58.39,55.09,SERVOING_READY
16.02,0.1989,0.0136,0.5531,0.5188,0.5106,0.5090,0.4593,162.63,64.73,-1.02,-134.60,35.34,-28.79,52.69,0.009,58.39,55.09,SERVOING_READY
16.12,0.1989,0.0136,0.5531,0.5188,0.5106,0.5090,0.4593,162.63,64.73,-1.02,-134.60,35.34,-28.79,52.69,0.009,58.39,55.09,SERVOING_READY
16.24,0.1989,0.0136,0.5531,0.5188,0.5106,0.5090,0.4593,162.63,64.73,-1.02,-134.60,35.34,-28.79,52.69,0.009,58.39,55.09,SERVOING_READY
16.37,0.1989,0.0136,0.5531,0.5188,0.5106,0.5090,0.4593,162.63,64.73,-1.02,-134.60,35.34,-28.79,52.69,0.009,58.39,55.09,SERVOING_READY
16.49,0.1989,0.0136,0.5531,0.5188,0.5106,0.5090,0.4593,162.63,64.73,-1.02,-134.60,35.34,-28.79,52.69,0.009,58.39,55.09,SERVOING_READY
16.62,0.1989,0.0136,0.5531,0.5188,0.5106,0.5090,0.4593,162.63,64.73,-1.02,-134.60,35.34,-28.79,52.69,0.009,58.39,55.09,SERVOING_READY
16.74,0.1989,0.0136,0.5531,0.5188,0.5106,0.5090,0.4593,162.63,64.73,-1.02,-134.60,35.34,-28.79,52.69,0.009,58.39,55.09,SERVOING_READY
16.85,0.1989,0.0136,0.5531,0.5188,0.5106,0.5090,0.4593,162.63,64.73,-1.02,-134.60,35.34,-28.79,52.69,0.009,58.39,55.09,SERVOING_READY
16.97,0.1989,0.0136,0.5531,0.5188,0.5106,0.5090,0.4593,162.63,64.73,-1.02,-134.60,35.34,-28.79,52.69,0.009,58.39,55.09,SERVOING_READY
17.09,0.1989,0.0136,0.5531,0.5188,0.5106,0.5090,0.4593,162.63,64.73,-1.02,-134.60,35.34,-28.79,52.69,0.009,58.39,55.09,SERVOING_READY
17.22,0.1989,0.0136,0.5531,0.5188,0.5106,0.5090,0.4593,162.63,64.73,-1.02,-134.60,35.34,-28.79,52.69,0.009,58.39,55.09,SERVOING_READY
17.34,0.1989,0.0136,0.5531,0.5188,0.5106,0.5090,0.4593,162.63,64.73,-1.02,-134.60,35.34,-28.79,52.69,0.009,58.39,55.09,SERVOING_READY
17.47,0.1989,0.0136,0.5531,0.5188,0.5106,0.5090,0.4593,162.63,64.73,-1.02,-134.60,35.34,-28.79,52.69,0.009,58.39,55.09,SERVOING_READY
17.57,0.1989,0.0136,0.5531,0.5188,0.5106,0.5090,0.4593,162.63,64.73,-1.02,-134.60,35.34,-28.79,52.69,0.009,58.39,55.09,SERVOING_READY
17.69,0.1989,0.0136,0.5531,0.5188,0.5106,0.5090,0.4593,162.63,64.73,-1.02,-134.60,35.34,-28.79,52.69,0.009,58.39,55.09,SERVOING_READY
17.82,0.1989,0.0136,0.5531,0.5188,0.5106,0.5090,0.4593,162.63,64.73,-1.02,-134.60,35.34,-28.79,52.69,0.009,58.39,55.09,SERVOING_READY
17.94,0.1989,0.0136,0.5531,0.5188,0.5106,0.5090,0.4593,162.63,64.73,-1.02,-134.60,35.34,-28.79,52.69,0.009,58.39,55.09,SERVOING_READY
18.07,0.1989,0.0136,0.5531,0.5188,0.5106,0.5090,0.4593,162.63,64.73,-1.02,-134.60,35.34,-28.79,52.69,0.009,58.39,55.09,SERVOING_READY
18.19,0.1989,0.0136,0.5531,0.5188,0.5106,0.5090,0.4593,162.63,64.73,-1.02,-134.60,35.34,-28.79,52.69,0.009,58.39,55.09,SERVOING_READY
18.30,0.1989,0.0136,0.5531,0.5188,0.5106,0.5090,0.4593,162.63,64.73,-1.02,-134.60,35.34,-28.79,52.69,0.009,58.39,55.09,SERVOING_READY
18.42,0.1989,0.0136,0.5531,0.5188,0.5106,0.5090,0.4593,162.63,64.73,-1.02,-134.60,35.34,-28.79,52.69,0.009,58.39,55.09,SERVOING_READY
18.54,0.1989,0.0136,0.5531,0.5188,0.5106,0.5090,0.4593,162.63,64.73,-1.02,-134.60,35.34,-28.79,52.69,0.009,58.39,55.09,SERVOING_READY
18.67,0.1989,0.0136,0.5531,0.5188,0.5106,0.5090,0.4593,162.63,64.73,-1.02,-134.60,35.34,-28.79,52.69,0.009,58.39,55.09,SERVOING_READY
18.79,0.1989,0.0136,0.5531,0.5188,0.5106,0.5090,0.4593,162.63,64.73,-1.02,-134.60,35.34,-28.79,52.69,0.009,58.39,55.09,SERVOING_READY
18.90,0.1989,0.0136,0.5531,0.5188,0.5106,0.5090,0.4593,162.63,64.73,-1.02,-134.60,35.34,-28.79,52.69,0.009,58.39,55.09,SERVOING_READY
19.02,0.1989,0.0136,0.5531,0.5188,0.5106,0.5090,0.4593,162.63,64.73,-1.02,-134.60,35.34,-28.79,52.69,0.009,58.39,55.09,SERVOING_READY
19.14,0.1989,0.0136,0.5531,0.5188,0.5106,0.5090,0.4593,162.63,64.73,-1.02,-134.60,35.34,-28.79,52.69,0.009,58.39,55.09,SERVOING_READY
19.27,0.1989,0.0136,0.5531,0.5188,0.5106,0.5090,0.4593,162.63,64.73,-1.02,-134.60,35.34,-28.79,52.69,0.009,58.39,55.09,SERVOING_READY
19.39,0.1989,0.0136,0.5531,0.5188,0.5106,0.5090,0.4593,162.63,64.73,-1.02,-134.60,35.34,-28.79,52.69,0.009,58.39,55.09,SERVOING_READY
19.52,0.1989,0.0136,0.5531,0.5188,0.5106,0.5090,0.4593,162.63,64.73,-1.02,-134.60,35.34,-28.79,52.69,0.009,58.39,55.09,SERVOING_READY
19.62,0.1989,0.0136,0.5531,0.5188,0.5106,0.5090,0.4593,162.63,64.73,-1.02,-134.60,35.34,-28.79,52.69,0.009,58.39,55.09,SERVOING_READY
19.74,0.1989,0.0136,0.5531,0.5188,0.5106,0.5090,0.4593,162.63,64.73,-1.02,-134.60,35.34,-28.79,52.69,0.009,58.39,55.09,SERVOING_READY
19.87,0.1989,0.0136,0.5531,0.5188,0.5106,0.5090,0.4593,162.63,64.73,-1.02,-134.60,35.34,-28.79,52.69,0.009,58.39,55.09,SERVOING_READY
19.99,0.1989,0.0136,0.5531,0.5188,0.5106,0.5090,0.4593,162.63,64.73,-1.02,-134.60,35.34,-28.79,52.69,0.009,58.39,55.09,SERVOING_READY
20.12,0.1989,0.0136,0.5531,0.5188,0.5106,0.5090,0.4593,162.63,64.73,-1.02,-134.60,35.34,-28.79,52.69,0.009,58.39,55.09,SERVOING_READY
20.24,0.1989,0.0136,0.5531,0.5188,0.5106,0.5090,0.4593,162.63,64.73,-1.02,-134.60,35.34,-28.79,52.69,0.009,58.39,55.09,SERVOING_READY
20.35,0.1989,0.0136,0.5531,0.5188,0.5106,0.5090,0.4593,162.63,64.73,-1.02,-134.60,35.34,-28.79,52.69,0.009,58.39,55.09,SERVOING_READY
20.47,0.1989,0.0136,0.5531,0.5188,0.5106,0.5090,0.4593,162.63,64.73,-1.02,-134.60,35.34,-28.79,52.69,0.009,58.39,55.09,SERVOING_READY
20.59,0.1989,0.0136,0.5531,0.5188,0.5106,0.5090,0.4593,162.63,64.73,-1.02,-134.60,35.34,-28.79,52.69,0.009,58.39,55.09,SERVOING_READY
20.72,0.1989,0.0136,0.5531,0.5188,0.5106,0.5090,0.4593,162.63,64.73,-1.02,-134.60,35.34,-28.79,52.69,0.009,58.39,55.09,SERVOING_READY
20.84,0.1989,0.0136,0.5531,0.5188,0.5106,0.5090,0.4593,162.63,64.73,-1.02,-134.60,35.34,-28.79,52.69,0.009,58.39,55.09,SERVOING_READY
20.97,0.1989,0.0136,0.5531,0.5188,0.5106,0.5090,0.4593,162.63,64.73,-1.02,-134.60,35.34,-28.79,52.69,0.009,58.39,55.09,SERVOING_READY
21.07,0.1989,0.0136,0.5531,0.5188,0.5106,0.5090,0.4593,162.63,64.73,-1.02,-134.60,35.34,-28.79,52.69,0.009,58.39,55.09,SERVOING_READY
21.19,0.1989,0.0136,0.5531,0.5188,0.5106,0.5090,0.4593,162.63,64.73,-1.02,-134.60,35.34,-28.79,52.69,0.009,58.39,55.09,SERVOING_READY
21.32,0.1989,0.0136,0.5531,0.5188,0.5106,0.5090,0.4593,162.63,64.73,-1.02,-134.60,35.34,-28.79,52.69,0.009,58.39,55.09,SERVOING_READY
21.44,0.1989,0.0136,0.5531,0.5188,0.5106,0.5090,0.4593,162.63,64.73,-1.02,-134.60,35.34,-28.79,52.69,0.009,58.39,55.09,SERVOING_READY
21.57,0.1989,0.0136,0.5531,0.5188,0.5106,0.5090,0.4593,162.63,64.73,-1.02,-134.60,35.34,-28.79,52.69,0.009,58.39,55.09,SERVOING_READY
21.69,0.1989,0.0136,0.5531,0.5188,0.5106,0.5090,0.4593,162.63,64.73,-1.02,-134.60,35.34,-28.79,52.69,0.009,58.39,55.09,SERVOING_READY
21.80,0.1989,0.0136,0.5531,0.5188,0.5106,0.5090,0.4593,162.63,64.73,-1.02,-134.60,35.34,-28.79,52.69,0.009,58.39,55.09,SERVOING_READY
21.92,0.1989,0.0136,0.5531,0.5188,0.5106,0.5090,0.4593,162.63,64.73,-1.02,-134.60,35.34,-28.79,52.69,0.009,58.39,55.09,SERVOING_READY
22.04,0.1989,0.0136,0.5531,0.5188,0.5106,0.5090,0.4593,162.63,64.73,-1.02,-134.60,35.34,-28.79,52.69,0.009,58.39,55.09,SERVOING_READY
22.17,0.1989,0.0136,0.5531,0.5188,0.5106,0.5090,0.4593,162.63,64.73,-1.02,-134.60,35.34,-28.79,52.69,0.009,58.39,55.09,SERVOING_READY
22.29,0.1989,0.0136,0.5531,0.5188,0.5106,0.5090,0.4593,162.63,64.73,-1.02,-134.60,35.34,-28.79,52.69,0.009,58.39,55.09,SERVOING_READY
22.40,0.1989,0.0136,0.5531,0.5188,0.5106,0.5090,0.4593,162.63,64.73,-1.02,-134.60,35.34,-28.79,52.69,0.009,58.39,55.09,SERVOING_READY
22.52,0.1989,0.0136,0.5531,0.5188,0.5106,0.5090,0.4593,162.63,64.73,-1.02,-134.60,35.34,-28.79,52.69,0.009,58.39,55.09,SERVOING_READY
22.64,0.1989,0.0136,0.5531,0.5188,0.5106,0.5090,0.4593,162.63,64.73,-1.02,-134.60,35.34,-28.79,52.69,0.009,58.39,55.09,SERVOING_READY
22.77,0.1989,0.0136,0.5531,0.5188,0.5106,0.5090,0.4593,162.63,64.73,-1.02,-134.60,35.34,-28.79,52.69,0.009,58.39,55.09,SERVOING_READY
22.89,0.1989,0.0136,0.5531,0.5188,0.5106,0.5090,0.4593,162.63,64.73,-1.02,-134.60,35.34,-28.79,52.69,0.009,58.39,55.09,SERVOING_READY
23.02,0.1989,0.0136,0.5531,0.5188,0.5106,0.5090,0.4593,162.63,64.73,-1.02,-134.60,35.34,-28.79,52.69,0.009,58.39,55.09,SERVOING_READY
23.12,0.1989,0.0136,0.5531,0.5188,0.5106,0.5090,0.4593,162.63,64.73,-1.02,-134.60,35.34,-28.79,52.69,0.009,58.39,55.09,SERVOING_READY
23.24,0.1989,0.0136,0.5531,0.5188,0.5106,0.5090,0.4593,162.63,64.73,-1.02,-134.60,35.34,-28.79,52.69,0.009,58.39,55.09,SERVOING_READY
23.44,0.1989,0.0136,0.5531,0.5188,0.5106,0.5090,0.4593,162.63,64.73,-1.02,-134.60,35.34,-28.79,52.69,0.009,58.39,55.09,SERVOING_READY
23.63,0.1989,0.0136,0.5531,0.5188,0.5106,0.5090,0.4593,162.63,64.73,-1.02,-134.60,35.34,-28.79,52.69,0.009,58.39,55.09,SERVOING_MANUALLY_CONTROLLED
23.74,0.1989,0.0137,0.5532,0.5201,0.5110,0.5075,0.4591,162.68,64.61,-1.17,-134.41,35.23,-29.11,52.68,0.009,58.40,55.09,SERVOING_MANUALLY_CONTROLLED
23.87,0.1989,0.0138,0.5534,0.5243,0.5117,0.5030,0.4586,162.87,64.26,-1.61,-133.88,34.90,-30.05,52.65,0.009,58.41,55.08,SERVOING_MANUALLY_CONTROLLED
23.97,0.1989,0.0138,0.5534,0.5304,0.5128,0.4964,0.4575,163.12,63.77,-2.17,-133.14,34.44,-31.42,52.62,0.009,58.41,55.08,SERVOING_MANUALLY_CONTROLLED
24.09,0.1989,0.0138,0.5532,0.5309,0.5153,0.4960,0.4546,162.57,63.68,-2.00,-132.88,34.30,-31.92,52.87,0.009,58.40,55.08,SERVOING_MANUALLY_CONTROLLED
24.22,0.1989,0.0137,0.5531,0.5270,0.5197,0.5002,0.4494,161.21,63.83,-1.22,-132.86,34.35,-31.95,53.44,0.009,58.39,55.08,SERVOING_MANUALLY_CONTROLLED
24.34,0.1989,0.0136,0.5531,0.5216,0.5245,0.5060,0.4437,159.65,64.09,-0.29,-132.89,34.45,-31.84,54.10,0.009,58.39,55.08,SERVOING_MANUALLY_CONTROLLED
24.47,0.1990,0.0136,0.5531,0.5162,0.5295,0.5115,0.4376,158.04,64.34,0.62,-132.90,34.53,-31.82,54.77,0.009,58.39,55.08,SERVOING_MANUALLY_CONTROLLED
24.59,0.1989,0.0136,0.5534,0.5141,0.5356,0.5130,0.4308,156.52,64.29,1.20,-132.36,34.32,-32.70,55.48,0.009,58.39,55.09,SERVOING_MANUALLY_CONTROLLED
24.70,0.1989,0.0136,0.5535,0.5184,0.5398,0.5077,0.4268,156.10,63.79,1.00,-131.49,33.82,-34.22,55.79,0.009,58.39,55.08,SERVOING_MANUALLY_CONTROLLED
24.82,0.1989,0.0136,0.5533,0.5225,0.5415,0.5029,0.4253,156.15,63.42,0.72,-130.94,33.50,-35.20,55.85,0.009,58.38,55.08,SERVOING_MANUALLY_CONTROLLED
24.94,0.1990,0.0137,0.5535,0.5236,0.5459,0.5010,0.4205,155.35,63.14,0.88,-130.30,33.17,-36.25,56.28,0.009,58.39,55.08,SERVOING_MANUALLY_CONTROLLED
25.07,0.1990,0.0137,0.5535,0.5278,0.5504,0.4955,0.4158,154.87,62.61,0.79,-129.38,32.67,-37.78,56.64,0.009,58.39,55.08,SERVOING_MANUALLY_CONTROLLED
25.19,0.1990,0.0137,0.5534,0.5339,0.5518,0.4879,0.4152,155.30,62.03,0.25,-128.66,32.28,-39.05,56.61,0.009,58.39,55.08,SERVOING_MANUALLY_CONTROLLED
25.32,0.1989,0.0137,0.5533,0.5401,0.5493,0.4806,0.4190,156.48,61.57,-0.58,-128.34,32.13,-39.64,56.16,0.009,58.39,55.08,SERVOING_MANUALLY_CONTROLLED
25.42,0.1989,0.0137,0.5532,0.5458,0.5453,0.4740,0.4243,157.88,61.21,-1.47,-128.20,32.09,-39.95,55.58,0.009,58.39,55.08,SERVOING_MANUALLY_CONTROLLED
25.54,0.1989,0.0137,0.5532,0.5504,0.5417,0.4686,0.4290,159.08,60.94,-2.24,-128.10,32.07,-40.17,55.08,0.009,58.40,55.08,SERVOING_MANUALLY_CONTROLLED
25.67,0.1989,0.0138,0.5532,0.5556,0.5376,0.4622,0.4343,160.46,60.63,-3.13,-127.98,32.05,-40.44,54.51,0.009,58.40,55.08,SERVOING_MANUALLY_CONTROLLED
25.79,0.1989,0.0138,0.5532,0.5610,0.5332,0.4557,0.4397,161.88,60.31,-4.05,-127.84,32.03,-40.74,53.91,0.009,58.40,55.08,SERVOING_MANUALLY_CONTROLLED
25.92,0.1989,0.0138,0.5532,0.5662,0.5288,0.4491,0.4451,163.30,60.02,-4.99,-127.69,32.01,-41.06,53.32,0.009,58.40,55.08,SERVOING_MANUALLY_CONTROLLED
26.02,0.1989,0.0139,0.5532,0.5714,0.5243,0.4425,0.4503,164.70,59.72,-5.93,-127.52,31.98,-41.40,52.74,0.009,58.41,55.07,SERVOING_MANUALLY_CONTROLLED
26.14,0.1989,0.0139,0.5532,0.5758,0.5206,0.4367,0.4546,165.87,59.48,-6.73,-127.35,31.95,-41.73,52.27,0.009,58.42,55.07,SERVOING_MANUALLY_CONTROLLED
26.27,0.1989,0.0140,0.5532,0.5809,0.5165,0.4301,0.4591,167.15,59.18,-7.61,-127.12,31.89,-42.18,51.75,0.009,58.42,55.07,SERVOING_MANUALLY_CONTROLLED
26.39,0.1989,0.0139,0.5532,0.5840,0.5148,0.4262,0.4608,167.73,58.99,-8.05,-126.92,31.82,-42.55,51.53,0.009,58.42,55.07,SERVOING_MANUALLY_CONTROLLED
26.52,0.1989,0.0139,0.5532,0.5845,0.5145,0.4256,0.4610,167.81,58.95,-8.11,-126.88,31.80,-42.62,51.50,0.009,58.42,55.07,SERVOING_MANUALLY_CONTROLLED
26.64,0.1989,0.0139,0.5531,0.5846,0.5145,0.4255,0.4609,167.81,58.95,-8.11,-126.88,31.80,-42.63,51.49,0.009,58.41,55.07,SERVOING_MANUALLY_CONTROLLED
26.75,0.1989,0.0139,0.5531,0.5846,0.5145,0.4255,0.4609,167.81,58.95,-8.11,-126.88,31.80,-42.63,51.49,0.009,58.42,55.07,SERVOING_MANUALLY_CONTROLLED
26.94,0.1994,0.0142,0.5531,0.5847,0.5146,0.4255,0.4608,167.86,58.85,-8.14,-126.89,31.80,-42.54,51.44,0.009,58.42,55.02,SERVOING_MANUALLY_CONTROLLED
27.10,0.2122,0.0174,0.5526,0.5851,0.5148,0.4248,0.4606,168.95,56.86,-8.06,-127.33,32.35,-39.98,50.61,0.009,58.14,53.72,SERVOING_MANUALLY_CONTROLLED
27.22,0.2289,0.0204,0.5524,0.5853,0.5149,0.4245,0.4605,170.35,54.30,-7.81,-127.79,33.14,-36.66,49.65,0.009,57.65,52.08,SERVOING_MANUALLY_CONTROLLED
27.34,0.2403,0.0232,0.5524,0.5853,0.5149,0.4244,0.4606,171.47,52.52,-7.89,-127.99,33.62,-34.45,48.92,0.009,57.37,50.95,SERVOING_MANUALLY_CONTROLLED
27.47,0.2492,0.0312,0.5524,0.5848,0.5152,0.4243,0.4609,173.09,50.97,-9.29,-127.96,33.62,-32.81,47.75,0.009,57.74,49.79,SERVOING_MANUALLY_CONTROLLED
27.59,0.2536,0.0428,0.5527,0.5844,0.5153,0.4246,0.4611,174.83,50.04,-11.70,-127.67,33.12,-32.22,46.36,0.009,58.74,48.89,SERVOING_MANUALLY_CONTROLLED
27.70,0.2547,0.0555,0.5528,0.5841,0.5154,0.4247,0.4613,176.43,49.60,-14.46,-127.24,32.39,-32.33,44.99,0.009,60.05,48.27,SERVOING_MANUALLY_CONTROLLED
27.82,0.2548,0.0662,0.5529,0.5838,0.5155,0.4248,0.4614,177.71,49.37,-16.80,-126.79,31.72,-32.64,43.88,0.009,61.22,47.84,SERVOING_MANUALLY_CONTROLLED
27.94,0.2548,0.0784,0.5529,0.5837,0.5156,0.4249,0.4615,179.15,49.14,-19.45,-126.21,30.97,-33.06,42.66,0.009,62.58,47.39,SERVOING_MANUALLY_CONTROLLED
28.07,0.2547,0.0911,0.5530,0.5835,0.5157,0.4249,0.4615,-179.34,48.92,-22.18,-125.53,30.18,-33.54,41.43,0.009,64.02,46.95,SERVOING_MANUALLY_CONTROLLED
28.19,0.2546,0.1037,0.5530,0.5834,0.5158,0.4249,0.4616,-177.85,48.75,-24.87,-124.77,29.40,-34.09,40.22,0.009,65.49,46.55,SERVOING_MANUALLY_CONTROLLED
28.32,0.2531,0.1150,0.5529,0.5835,0.5158,0.4250,0.4614,-176.69,48.77,-27.23,-124.02,28.64,-34.85,39.22,0.009,66.87,46.35,SERVOING_MANUALLY_CONTROLLED
28.42,0.2523,0.1184,0.5528,0.5838,0.5155,0.4250,0.4612,-176.37,48.82,-27.92,-123.77,28.38,-35.15,38.92,0.009,67.30,46.34,SERVOING_MANUALLY_CONTROLLED
28.54,0.2522,0.1187,0.5528,0.5839,0.5155,0.4251,0.4612,-176.34,48.83,-27.98,-123.75,28.35,-35.19,38.89,0.009,67.34,46.34,SERVOING_MANUALLY_CONTROLLED
28.82,0.2522,0.1186,0.5528,0.5839,0.5154,0.4251,0.4612,-176.34,48.83,-27.98,-123.75,28.35,-35.19,38.89,0.009,67.34,46.34,SERVOING_MANUALLY_CONTROLLED
29.01,0.2521,0.1184,0.5528,0.5799,0.5202,0.4311,0.4552,-177.82,48.70,-26.74,-124.16,28.42,-34.44,39.43,0.009,67.31,46.36,SERVOING_MANUALLY_CONTROLLED
29.12,0.2521,0.1183,0.5527,0.5731,0.5275,0.4403,0.4466,180.00,48.52,-24.91,-124.81,28.54,-33.22,40.28,0.009,67.30,46.36,SERVOING_MANUALLY_CONTROLLED
29.24,0.2522,0.1183,0.5528,0.5696,0.5318,0.4450,0.4413,178.69,48.35,-23.86,-125.05,28.58,-32.71,40.83,0.009,67.29,46.35,SERVOING_MANUALLY_CONTROLLED
29.37,0.2523,0.1185,0.5530,0.5711,0.5362,0.4429,0.4360,177.74,47.82,-23.39,-124.46,28.31,-33.62,41.39,0.009,67.31,46.33,SERVOING_MANUALLY_CONTROLLED
29.49,0.2522,0.1184,0.5528,0.5734,0.5385,0.4402,0.4330,177.27,47.48,-23.22,-124.02,28.09,-34.41,41.69,0.009,67.31,46.35,SERVOING_MANUALLY_CONTROLLED
29.60,0.2522,0.1182,0.5528,0.5703,0.5423,0.4445,0.4278,176.02,47.37,-22.18,-124.25,28.08,-33.94,42.22,0.009,67.29,46.35,SERVOING_MANUALLY_CONTROLLED
29.72,0.2522,0.1182,0.5528,0.5665,0.5463,0.4493,0.4228,174.76,47.29,-21.13,-124.53,28.10,-33.38,42.75,0.009,67.28,46.35,SERVOING_MANUALLY_CONTROLLED
29.84,0.2523,0.1184,0.5529,0.5666,0.5505,0.4489,0.4176,173.72,46.89,-20.51,-124.14,27.88,-33.94,43.32,0.009,67.30,46.34,SERVOING_MANUALLY_CONTROLLED
29.97,0.2523,0.1184,0.5530,0.5719,0.5516,0.4417,0.4166,173.89,46.42,-20.95,-123.24,27.57,-35.48,43.44,0.009,67.31,46.34,SERVOING_MANUALLY_CONTROLLED
30.09,0.2523,0.1185,0.5530,0.5778,0.5494,0.4338,0.4196,174.91,46.17,-21.99,-122.50,27.40,-36.81,43.12,0.009,67.31,46.33,SERVOING_MANUALLY_CONTROLLED
30.22,0.2522,0.1185,0.5530,0.5829,0.5453,0.4269,0.4250,176.33,46.13,-23.24,-122.01,27.38,-37.74,42.55,0.009,67.32,46.34,SERVOING_MANUALLY_CONTROLLED
30.32,0.2523,0.1185,0.5529,0.5876,0.5408,0.4202,0.4309,177.82,46.14,-24.52,-121.59,27.40,-38.54,41.94,0.009,67.32,46.33,SERVOING_MANUALLY_CONTROLLED
30.44,0.2523,0.1186,0.5529,0.5913,0.5369,0.4149,0.4358,179.06,46.18,-25.58,-121.24,27.42,-39.20,41.43,0.009,67.33,46.33,SERVOING_MANUALLY_CONTROLLED
30.57,0.2523,0.1186,0.5529,0.5957,0.5322,0.4086,0.4415,-179.52,46.24,-26.79,-120.83,27.45,-39.99,40.86,0.009,67.33,46.33,SERVOING_MANUALLY_CONTROLLED
30.69,0.2523,0.1187,0.5529,0.6000,0.5274,0.4022,0.4473,-178.08,46.29,-28.02,-120.40,27.47,-40.81,40.28,0.009,67.34,46.33,SERVOING_MANUALLY_CONTROLLED
30.82,0.2523,0.1187,0.5529,0.6043,0.5225,0.3956,0.4531,-176.64,46.35,-29.25,-119.95,27.48,-41.64,39.72,0.009,67.35,46.33,SERVOING_MANUALLY_CONTROLLED
30.94,0.2523,0.1188,0.5529,0.6085,0.5177,0.3890,0.4587,-175.23,46.42,-30.44,-119.50,27.50,-42.47,39.18,0.009,67.35,46.32,SERVOING_MANUALLY_CONTROLLED
31.05,0.2523,0.1188,0.5529,0.6127,0.5126,0.3823,0.4644,-173.80,46.48,-31.64,-119.04,27.51,-43.33,38.65,0.009,67.36,46.32,SERVOING_MANUALLY_CONTROLLED
31.17,0.2523,0.1188,0.5529,0.6161,0.5084,0.3767,0.4691,-172.64,46.55,-32.62,-118.65,27.52,-44.04,38.22,0.009,67.36,46.32,SERVOING_MANUALLY_CONTROLLED
31.29,0.2523,0.1189,0.5529,0.6200,0.5035,0.3702,0.4744,-171.29,46.63,-33.75,-118.19,27.52,-44.87,37.74,0.009,67.37,46.32,SERVOING_MANUALLY_CONTROLLED
31.42,0.2523,0.1189,0.5529,0.6240,0.4983,0.3634,0.4799,-169.90,46.71,-34.90,-117.70,27.52,-45.75,37.27,0.009,67.37,46.32,SERVOING_MANUALLY_CONTROLLED
31.54,0.2523,0.1189,0.5529,0.6276,0.4939,0.3574,0.4842,-168.78,46.76,-35.83,-117.26,27.50,-46.54,36.89,0.009,67.37,46.32,SERVOING_MANUALLY_CONTROLLED
31.65,0.2522,0.1189,0.5529,0.6286,0.4928,0.3557,0.4852,-168.50,46.77,-36.06,-117.14,27.49,-46.77,36.80,0.009,67.36,46.33,SERVOING_MANUALLY_CONTROLLED
31.77,0.2522,0.1188,0.5528,0.6288,0.4926,0.3555,0.4853,-168.48,46.77,-36.08,-117.13,27.49,-46.80,36.79,0.009,67.35,46.33,SERVOING_MANUALLY_CONTROLLED
31.89,0.2522,0.1188,0.5528,0.6288,0.4926,0.3555,0.4853,-168.48,46.77,-36.08,-117.13,27.49,-46.80,36.79,0.009,67.35,46.33,SERVOING_MANUALLY_CONTROLLED
32.15,0.2522,0.1188,0.5528,0.6288,0.4927,0.3556,0.4853,-168.48,46.77,-36.08,-117.13,27.49,-46.80,36.79,0.009,67.36,46.33,SERVOING_MANUALLY_CONTROLLED
32.33,0.2641,0.1297,0.5527,0.6287,0.4929,0.3551,0.4854,-165.80,45.42,-38.65,-116.17,27.37,-45.84,35.64,0.009,68.27,44.88,SERVOING_MANUALLY_CONTROLLED
32.44,0.2761,0.1440,0.5527,0.6285,0.4931,0.3551,0.4856,-162.70,44.19,-41.91,-114.80,27.09,-45.21,34.31,0.009,69.66,43.36,SERVOING_MANUALLY_CONTROLLED
32.57,0.2802,0.1543,0.5528,0.6282,0.4933,0.3553,0.4856,-161.01,43.81,-44.07,-113.75,26.71,-45.43,33.53,0.009,70.86,42.72,SERVOING_MANUALLY_CONTROLLED
32.69,0.2816,0.1668,0.5528,0.6280,0.4933,0.3554,0.4858,-159.39,43.74,-46.50,-112.44,26.10,-46.21,32.73,0.009,72.47,42.33,SERVOING_MANUALLY_CONTROLLED
32.82,0.2818,0.1794,0.5528,0.6279,0.4934,0.3553,0.4858,-157.88,43.79,-48.85,-111.05,25.43,-47.19,32.01,0.009,74.15,42.08,SERVOING_MANUALLY_CONTROLLED
32.92,0.2817,0.1920,0.5528,0.6278,0.4935,0.3554,0.4858,-156.38,43.90,-51.13,-109.60,24.75,-48.20,31.36,0.009,75.85,41.89,SERVOING_MANUALLY_CONTROLLED
33.04,0.2816,0.2026,0.5528,0.6277,0.4935,0.3554,0.4859,-155.12,44.02,-53.01,-108.34,24.17,-49.07,30.85,0.009,77.29,41.77,SERVOING_MANUALLY_CONTROLLED
33.17,0.2812,0.2147,0.5528,0.6276,0.4936,0.3554,0.4860,-153.70,44.20,-55.08,-106.85,23.49,-50.11,30.32,0.009,78.95,41.70,SERVOING_MANUALLY_CONTROLLED
33.29,0.2806,0.2270,0.5527,0.6276,0.4936,0.3555,0.4859,-152.26,44.41,-57.12,-105.28,22.80,-51.21,29.84,0.009,80.64,41.67,SERVOING_MANUALLY_CONTROLLED
33.42,0.2803,0.2321,0.5526,0.6279,0.4934,0.3553,0.4858,-151.65,44.51,-57.95,-104.60,22.49,-51.71,29.64,0.009,81.34,41.68,SERVOING_MANUALLY_CONTROLLED
33.52,0.2802,0.2327,0.5526,0.6280,0.4933,0.3553,0.4858,-151.57,44.52,-58.05,-104.51,22.44,-51.77,29.61,0.009,81.43,41.68,SERVOING_MANUALLY_CONTROLLED
33.64,0.2802,0.2327,0.5526,0.6281,0.4933,0.3553,0.4858,-151.57,44.52,-58.05,-104.51,22.44,-51.78,29.61,0.009,81.43,41.68,SERVOING_MANUALLY_CONTROLLED
33.91,0.2802,0.2327,0.5526,0.6281,0.4933,0.3552,0.4858,-151.57,44.52,-58.05,-104.51,22.44,-51.78,29.61,0.009,81.43,41.68,SERVOING_MANUALLY_CONTROLLED
34.09,0.2803,0.2324,0.5525,0.6288,0.5012,0.3574,0.4750,-153.02,43.42,-57.18,-104.55,22.25,-51.67,30.25,0.009,81.40,41.68,SERVOING_MANUALLY_CONTROLLED
34.19,0.2803,0.2325,0.5526,0.6307,0.5103,0.3581,0.4622,-154.54,42.08,-56.30,-104.29,21.92,-51.94,31.09,0.009,81.40,41.67,SERVOING_MANUALLY_CONTROLLED
34.32,0.2803,0.2325,0.5526,0.6327,0.5150,0.3568,0.4552,-155.25,41.29,-55.93,-103.93,21.67,-52.40,31.59,0.009,81.40,41.67,SERVOING_MANUALLY_CONTROLLED
34.42,0.2803,0.2324,0.5526,0.6350,0.5166,0.3540,0.4523,-155.31,40.88,-55.97,-103.48,21.49,-53.04,31.87,0.009,81.40,41.67,SERVOING_MANUALLY_CONTROLLED
34.54,0.2804,0.2325,0.5526,0.6369,0.5132,0.3501,0.4565,-154.41,41.17,-56.63,-103.09,21.48,-53.66,31.68,0.009,81.41,41.66,SERVOING_MANUALLY_CONTROLLED
34.67,0.2804,0.2327,0.5526,0.6398,0.5081,0.3442,0.4627,-153.12,41.55,-57.57,-102.44,21.47,-54.64,31.43,0.009,81.42,41.66,SERVOING_MANUALLY_CONTROLLED
34.79,0.2804,0.2327,0.5527,0.6441,0.5035,0.3365,0.4673,-151.82,41.72,-58.54,-101.52,21.34,-56.01,31.33,0.009,81.43,41.66,SERVOING_MANUALLY_CONTROLLED
34.90,0.2805,0.2328,0.5527,0.6489,0.4993,0.3282,0.4711,-150.53,41.82,-59.51,-100.52,21.17,-57.48,31.29,0.009,81.45,41.66,SERVOING_MANUALLY_CONTROLLED
35.02,0.2805,0.2328,0.5527,0.6529,0.4955,0.3210,0.4745,-149.41,41.93,-60.33,-99.67,21.03,-58.73,31.27,0.009,81.45,41.66,SERVOING_MANUALLY_CONTROLLED
35.15,0.2804,0.2329,0.5527,0.6569,0.4912,0.3135,0.4786,-148.19,42.10,-61.19,-98.79,20.90,-60.02,31.24,0.009,81.45,41.66,SERVOING_MANUALLY_CONTROLLED
35.27,0.2805,0.2329,0.5527,0.6611,0.4862,0.3053,0.4830,-146.84,42.31,-62.12,-97.84,20.75,-61.40,31.21,0.009,81.46,41.66,SERVOING_MANUALLY_CONTROLLED
35.39,0.2805,0.2329,0.5527,0.6650,0.4815,0.2976,0.4872,-145.58,42.52,-62.98,-96.95,20.62,-62.69,31.20,0.009,81.46,41.65,SERVOING_MANUALLY_CONTROLLED
35.52,0.2805,0.2329,0.5527,0.6689,0.4766,0.2896,0.4915,-144.28,42.75,-63.84,-96.02,20.47,-64.01,31.20,0.009,81.46,41.65,SERVOING_MANUALLY_CONTROLLED
35.64,0.2805,0.2329,0.5527,0.6730,0.4719,0.2813,0.4952,-142.97,42.93,-64.68,-95.04,20.31,-65.39,31.24,0.009,81.46,41.65,SERVOING_MANUALLY_CONTROLLED
35.77,0.2805,0.2330,0.5527,0.6777,0.4676,0.2725,0.4978,-141.68,43.00,-65.52,-93.96,20.08,-66.89,31.38,0.009,81.47,41.65,SERVOING_MANUALLY_CONTROLLED
35.89,0.2805,0.2330,0.5528,0.6828,0.4639,0.2634,0.4992,-140.45,42.96,-66.31,-92.79,19.79,-68.48,31.59,0.009,81.48,41.65,SERVOING_MANUALLY_CONTROLLED
35.99,0.2805,0.2330,0.5528,0.6879,0.4607,0.2546,0.4997,-139.28,42.87,-67.06,-91.66,19.50,-70.00,31.82,0.009,81.48,41.65,SERVOING_MANUALLY_CONTROLLED
36.12,0.2806,0.2330,0.5528,0.6923,0.4578,0.2468,0.5003,-138.22,42.82,-67.72,-90.67,19.25,-71.34,32.03,0.009,81.48,41.65,SERVOING_MANUALLY_CONTROLLED
36.24,0.2806,0.2330,0.5527,0.6971,0.4539,0.2376,0.5016,-136.93,42.84,-68.49,-89.54,18.98,-72.86,32.25,0.009,81.47,41.64,SERVOING_MANUALLY_CONTROLLED
36.37,0.2806,0.2330,0.5527,0.7010,0.4492,0.2287,0.5045,-135.60,43.03,-69.26,-88.50,18.79,-74.26,32.41,0.009,81.47,41.64,SERVOING_MANUALLY_CONTROLLED
36.49,0.2805,0.2329,0.5527,0.7041,0.4450,0.2214,0.5072,-134.52,43.23,-69.86,-87.68,18.65,-75.38,32.54,0.009,81.46,41.65,SERVOING_MANUALLY_CONTROLLED
36.60,0.2804,0.2328,0.5526,0.7049,0.4439,0.2194,0.5079,-134.26,43.29,-70.00,-87.49,18.61,-75.68,32.58,0.009,81.45,41.67,SERVOING_MANUALLY_CONTROLLED
36.72,0.2804,0.2328,0.5525,0.7050,0.4438,0.2191,0.5080,-134.23,43.30,-70.01,-87.47,18.61,-75.71,32.58,0.009,81.44,41.67,SERVOING_MANUALLY_CONTROLLED
36.84,0.2803,0.2328,0.5525,0.7050,0.4438,0.2191,0.5079,-134.23,43.30,-70.01,-87.47,18.61,-75.71,32.58,0.009,81.44,41.67,SERVOING_MANUALLY_CONTROLLED
36.97,0.2803,0.2328,0.5525,0.7050,0.4438,0.2191,0.5079,-134.23,43.30,-70.01,-87.47,18.61,-75.71,32.58,0.009,81.44,41.67,SERVOING_MANUALLY_CONTROLLED
37.09,0.2804,0.2329,0.5526,0.7056,0.4422,0.2170,0.5094,-133.85,43.42,-70.22,-87.22,18.59,-76.03,32.60,0.009,81.45,41.66,SERVOING_MANUALLY_CONTROLLED
37.20,0.2805,0.2329,0.5526,0.7075,0.4374,0.2105,0.5136,-132.75,43.78,-70.79,-86.52,18.54,-76.97,32.66,0.009,81.46,41.66,SERVOING_MANUALLY_CONTROLLED
37.32,0.2805,0.2330,0.5526,0.7093,0.4329,0.2042,0.5175,-131.72,44.13,-71.32,-85.84,18.49,-77.87,32.74,0.009,81.47,41.65,SERVOING_MANUALLY_CONTROLLED
37.44,0.2805,0.2330,0.5526,0.7113,0.4273,0.1968,0.5223,-130.52,44.56,-71.91,-85.08,18.45,-78.91,32.82,0.009,81.48,41.65,SERVOING_MANUALLY_CONTROLLED
37.57,0.2804,0.2330,0.5525,0.7110,0.4215,0.1916,0.5292,-129.61,45.22,-72.31,-84.74,18.59,-79.45,32.77,0.009,81.47,41.67,SERVOING_MANUALLY_CONTROLLED
37.69,0.2803,0.2330,0.5525,0.7076,0.4165,0.1906,0.5381,-129.18,46.03,-72.45,-84.99,18.97,-79.24,32.50,0.009,81.47,41.68,SERVOING_MANUALLY_CONTROLLED
37.82,0.2804,0.2331,0.5525,0.7046,0.4111,0.1888,0.5468,-128.63,46.84,-72.65,-85.12,19.31,-79.15,32.26,0.009,81.48,41.67,SERVOING_MANUALLY_CONTROLLED
37.92,0.2804,0.2331,0.5525,0.7035,0.4048,0.1842,0.5544,-127.75,47.55,-73.00,-84.84,19.51,-79.58,32.15,0.009,81.48,41.66,SERVOING_MANUALLY_CONTROLLED
38.04,0.2804,0.2331,0.5525,0.7031,0.3993,0.1795,0.5604,-126.93,48.12,-73.33,-84.48,19.64,-80.11,32.11,0.009,81.49,41.66,SERVOING_MANUALLY_CONTROLLED
38.17,0.2803,0.2331,0.5525,0.7028,0.3948,0.1755,0.5651,-126.28,48.57,-73.58,-84.19,19.74,-80.54,32.08,0.009,81.49,41.67,SERVOING_MANUALLY_CONTROLLED
38.29,0.2803,0.2331,0.5525,0.7028,0.3938,0.1747,0.5662,-126.15,48.67,-73.63,-84.13,19.77,-80.64,32.07,0.009,81.48,41.67,SERVOING_MANUALLY_CONTROLLED
38.42,0.2803,0.2331,0.5525,0.7028,0.3937,0.1746,0.5663,-126.14,48.67,-73.63,-84.12,19.77,-80.65,32.07,0.009,81.48,41.67,SERVOING_MANUALLY_CONTROLLED
38.69,0.2803,0.2331,0.5525,0.7028,0.3937,0.1746,0.5663,-126.14,48.67,-73.63,-84.12,19.77,-80.65,32.07,0.009,81.48,41.67,SERVOING_MANUALLY_CONTROLLED
38.89,0.2734,0.2412,0.5525,0.6969,0.4040,0.1829,0.5636,-127.83,48.67,-73.63,-84.13,19.77,-80.65,32.07,0.009,82.62,42.34,SERVOING_MANUALLY_CONTROLLED
38.99,0.2697,0.2453,0.5525,0.6939,0.4093,0.1871,0.5622,-128.70,48.67,-73.63,-84.13,19.77,-80.65,32.07,0.009,83.18,42.70,SERVOING_MANUALLY_CONTROLLED
39.12,0.2698,0.2452,0.5525,0.6939,0.4092,0.1870,0.5622,-128.68,48.67,-73.63,-84.13,19.77,-80.65,32.07,0.009,83.16,42.69,SERVOING_MANUALLY_CONTROLLED
39.24,0.2698,0.2452,0.5525,0.6940,0.4091,0.1870,0.5622,-128.67,48.67,-73.63,-84.13,19.77,-80.65,32.07,0.009,83.16,42.69,SERVOING_MANUALLY_CONTROLLED
39.37,0.2699,0.2451,0.5525,0.6940,0.4091,0.1869,0.5622,-128.66,48.67,-73.63,-84.13,19.77,-80.65,32.07,0.009,83.15,42.69,SERVOING_MANUALLY_CONTROLLED
39.47,0.2700,0.2449,0.5525,0.6942,0.4088,0.1867,0.5623,-128.61,48.67,-73.63,-84.13,19.77,-80.65,32.07,0.009,83.12,42.67,SERVOING_MANUALLY_CONTROLLED
39.59,0.2713,0.2434,0.5525,0.6953,0.4069,0.1852,0.5628,-128.30,48.67,-73.63,-84.13,19.77,-80.65,32.07,0.009,82.93,42.54,SERVOING_MANUALLY_CONTROLLED
39.72,0.2738,0.2407,0.5525,0.6973,0.4034,0.1824,0.5637,-127.72,48.67,-73.63,-84.13,19.77,-80.65,32.07,0.009,82.55,42.30,SERVOING_MANUALLY_CONTROLLED
39.84,0.2764,0.2377,0.5525,0.6995,0.3996,0.1793,0.5647,-127.10,48.66,-73.63,-84.13,19.77,-80.65,32.07,0.009,82.13,42.05,SERVOING_MANUALLY_CONTROLLED
39.97,0.2765,0.2376,0.5525,0.6996,0.3994,0.1792,0.5648,-127.08,48.66,-73.63,-84.13,19.77,-80.65,32.07,0.009,82.11,42.04,SERVOING_MANUALLY_CONTROLLED
40.09,0.2764,0.2376,0.5525,0.6995,0.3995,0.1793,0.5647,-127.09,48.66,-73.63,-84.13,19.77,-80.65,32.07,0.009,82.12,42.04,SERVOING_MANUALLY_CONTROLLED
40.20,0.2764,0.2377,0.5525,0.6995,0.3996,0.1793,0.5647,-127.11,48.66,-73.63,-84.13,19.77,-80.65,32.07,0.009,82.13,42.05,SERVOING_MANUALLY_CONTROLLED
40.32,0.2764,0.2377,0.5525,0.6995,0.3996,0.1793,0.5647,-127.11,48.66,-73.63,-84.13,19.77,-80.65,32.07,0.009,82.13,42.05,SERVOING_MANUALLY_CONTROLLED
40.44,0.2764,0.2377,0.5525,0.6995,0.3996,0.1793,0.5647,-127.11,48.66,-73.63,-84.13,19.77,-80.65,32.07,0.009,82.14,42.05,SERVOING_MANUALLY_CONTROLLED
40.63,0.2772,0.2377,0.5526,0.6995,0.3995,0.1792,0.5648,-126.97,48.65,-73.69,-84.09,19.76,-80.59,32.07,0.009,82.13,41.97,SERVOING_MANUALLY_CONTROLLED
40.79,0.2912,0.2385,0.5525,0.6997,0.3993,0.1789,0.5648,-124.77,48.33,-74.68,-83.41,19.56,-79.55,32.16,0.009,82.18,40.56,SERVOING_MANUALLY_CONTROLLED
40.89,0.3005,0.2391,0.5524,0.6995,0.3995,0.1791,0.5648,-123.37,48.16,-75.31,-82.96,19.41,-78.84,32.24,0.009,82.24,39.63,SERVOING_MANUALLY_CONTROLLED
41.02,0.3013,0.2392,0.5525,0.6995,0.3996,0.1792,0.5648,-123.25,48.14,-75.36,-82.92,19.40,-78.78,32.25,0.009,82.25,39.55,SERVOING_MANUALLY_CONTROLLED
41.14,0.3014,0.2391,0.5525,0.6995,0.3996,0.1792,0.5647,-123.24,48.13,-75.37,-82.91,19.40,-78.78,32.25,0.009,82.24,39.54,SERVOING_MANUALLY_CONTROLLED
41.25,0.3015,0.2409,0.5526,0.6993,0.3997,0.1794,0.5648,-123.06,48.21,-75.55,-82.58,19.30,-78.97,32.26,0.009,82.50,39.53,SERVOING_MANUALLY_CONTROLLED
41.37,0.3017,0.2486,0.5528,0.6990,0.3998,0.1798,0.5650,-122.24,48.58,-76.28,-81.16,18.83,-79.88,32.30,0.009,83.61,39.50,SERVOING_MANUALLY_CONTROLLED
41.49,0.3017,0.2600,0.5528,0.6989,0.3998,0.1797,0.5651,-120.99,49.14,-77.37,-78.95,18.12,-81.34,32.37,0.009,85.27,39.52,SERVOING_MANUALLY_CONTROLLED
41.62,0.3017,0.2666,0.5526,0.6991,0.3997,0.1795,0.5650,-120.23,49.47,-77.98,-77.65,17.68,-82.22,32.43,0.009,86.23,39.53,SERVOING_MANUALLY_CONTROLLED
41.75,0.3018,0.2677,0.5525,0.6992,0.3998,0.1794,0.5650,-120.11,49.52,-78.08,-77.44,17.61,-82.36,32.44,0.009,86.38,39.54,SERVOING_MANUALLY_CONTROLLED
41.85,0.3037,0.2721,0.5527,0.6989,0.3998,0.1797,0.5651,-119.34,49.71,-78.58,-76.45,17.32,-82.78,32.49,0.009,87.04,39.37,SERVOING_MANUALLY_CONTROLLED
41.97,0.3077,0.2804,0.5527,0.6989,0.3997,0.1797,0.5652,-117.82,50.08,-79.53,-74.55,16.74,-83.61,32.61,0.009,88.28,39.02,SERVOING_MANUALLY_CONTROLLED
42.10,0.3107,0.2865,0.5525,0.6990,0.3997,0.1794,0.5652,-116.71,50.35,-80.21,-73.14,16.29,-84.25,32.71,0.009,89.21,38.78,SERVOING_MANUALLY_CONTROLLED
42.22,0.3113,0.2875,0.5525,0.6991,0.3998,0.1793,0.5651,-116.51,50.40,-80.33,-72.89,16.21,-84.37,32.73,0.009,89.38,38.73,SERVOING_MANUALLY_CONTROLLED
42.34,0.3113,0.2875,0.5525,0.6991,0.3997,0.1793,0.5651,-116.50,50.40,-80.33,-72.88,16.21,-84.38,32.73,0.009,89.38,38.73,SERVOING_MANUALLY_CONTROLLED
42.47,0.3114,0.2875,0.5525,0.6992,0.3996,0.1792,0.5651,-116.48,50.39,-80.33,-72.88,16.20,-84.37,32.74,0.009,89.37,38.72,SERVOING_MANUALLY_CONTROLLED
42.57,0.3134,0.2875,0.5524,0.6991,0.3996,0.1791,0.5652,-116.17,50.39,-80.45,-72.78,16.16,-84.23,32.77,0.009,89.40,38.52,SERVOING_MANUALLY_CONTROLLED
42.70,0.3163,0.2874,0.5524,0.6992,0.3996,0.1791,0.5651,-115.76,50.35,-80.60,-72.64,16.11,-84.04,32.81,0.009,89.43,38.23,SERVOING_MANUALLY_CONTROLLED
42.82,0.3192,0.2873,0.5525,0.6993,0.3996,0.1791,0.5650,-115.33,50.31,-80.76,-72.48,16.04,-83.85,32.86,0.009,89.46,37.93,SERVOING_MANUALLY_CONTROLLED
42.95,0.3219,0.2874,0.5524,0.6992,0.3997,0.1791,0.5651,-114.95,50.30,-80.91,-72.34,15.99,-83.67,32.90,0.009,89.52,37.67,SERVOING_MANUALLY_CONTROLLED
43.07,0.3238,0.2875,0.5524,0.6991,0.3997,0.1792,0.5651,-114.67,50.29,-81.02,-72.23,15.94,-83.54,32.93,0.009,89.55,37.48,SERVOING_MANUALLY_CONTROLLED
43.20,0.3243,0.2874,0.5524,0.6992,0.3997,0.1792,0.5651,-114.60,50.28,-81.05,-72.20,15.93,-83.51,32.94,0.009,89.56,37.43,SERVOING_MANUALLY_CONTROLLED
43.30,0.3244,0.2874,0.5525,0.6992,0.3997,0.1792,0.5650,-114.59,50.27,-81.05,-72.20,15.93,-83.51,32.94,0.009,89.55,37.42,SERVOING_MANUALLY_CONTROLLED
43.42,0.3249,0.2877,0.5525,0.6992,0.3997,0.1793,0.5650,-114.48,50.28,-81.11,-72.09,15.90,-83.51,32.95,0.009,89.61,37.37,SERVOING_MANUALLY_CONTROLLED
43.55,0.3300,0.2925,0.5526,0.6990,0.3996,0.1794,0.5653,-113.18,50.51,-81.79,-70.74,15.51,-83.88,33.06,0.009,90.44,36.92,SERVOING_MANUALLY_CONTROLLED
43.67,0.3359,0.2993,0.5525,0.6990,0.3997,0.1793,0.5652,-111.58,50.83,-82.63,-68.90,14.96,-84.52,33.23,0.009,91.60,36.42,SERVOING_MANUALLY_CONTROLLED
43.80,0.3372,0.3011,0.5525,0.6990,0.3997,0.1793,0.5652,-111.19,50.93,-82.84,-68.42,14.82,-84.71,33.27,0.009,91.91,36.32,SERVOING_MANUALLY_CONTROLLED
43.92,0.3373,0.3012,0.5525,0.6991,0.3997,0.1792,0.5652,-111.15,50.93,-82.86,-68.38,14.80,-84.73,33.28,0.009,91.93,36.31,SERVOING_MANUALLY_CONTROLLED
44.02,0.3373,0.3012,0.5524,0.6991,0.3997,0.1792,0.5652,-111.15,50.93,-82.86,-68.38,14.80,-84.73,33.28,0.009,91.94,36.31,SERVOING_MANUALLY_CONTROLLED
44.15,0.3373,0.3012,0.5524,0.6991,0.3997,0.1792,0.5652,-111.15,50.93,-82.86,-68.38,14.80,-84.73,33.28,0.009,91.93,36.31,SERVOING_MANUALLY_CONTROLLED
44.27,0.3372,0.3013,0.5524,0.6990,0.3998,0.1792,0.5651,-111.16,50.93,-82.85,-68.39,14.80,-84.73,33.28,0.009,91.94,36.32,SERVOING_MANUALLY_CONTROLLED
44.40,0.3372,0.3013,0.5524,0.6990,0.3998,0.1792,0.5651,-111.16,50.93,-82.85,-68.39,14.80,-84.73,33.28,0.009,91.94,36.32,SERVOING_MANUALLY_CONTROLLED
44.52,0.3373,0.3026,0.5525,0.6990,0.3997,0.1794,0.5652,-111.01,51.01,-82.95,-68.08,14.73,-84.92,33.29,0.009,92.14,36.33,SERVOING_MANUALLY_CONTROLLED
44.65,0.3372,0.3043,0.5525,0.6990,0.3997,0.1793,0.5652,-110.82,51.10,-83.08,-67.69,14.62,-85.19,33.30,0.009,92.41,36.36,SERVOING_MANUALLY_CONTROLLED
44.75,0.3372,0.3046,0.5525,0.6991,0.3997,0.1792,0.5652,-110.78,51.12,-83.10,-67.61,14.60,-85.25,33.30,0.009,92.46,36.37,SERVOING_MANUALLY_CONTROLLED
44.87,0.3372,0.3047,0.5525,0.6990,0.3998,0.1792,0.5652,-110.78,51.12,-83.11,-67.59,14.60,-85.25,33.31,0.009,92.47,36.37,SERVOING_MANUALLY_CONTROLLED
45.00,0.3372,0.3048,0.5528,0.6990,0.3998,0.1792,0.5652,-110.76,51.10,-83.11,-67.52,14.61,-85.30,33.35,0.009,92.49,36.37,SERVOING_MANUALLY_CONTROLLED
45.12,0.3372,0.3047,0.5536,0.6990,0.3998,0.1792,0.5652,-110.72,51.05,-83.10,-67.41,14.63,-85.37,33.41,0.009,92.48,36.37,SERVOING_MANUALLY_CONTROLLED
45.25,0.3372,0.3047,0.5538,0.6990,0.3998,0.1792,0.5652,-110.71,51.04,-83.10,-67.37,14.64,-85.39,33.43,0.009,92.47,36.37,SERVOING_MANUALLY_CONTROLLED
45.35,0.3372,0.3047,0.5538,0.6990,0.3998,0.1792,0.5652,-110.71,51.03,-83.10,-67.36,14.64,-85.40,33.43,0.009,92.47,36.37,SERVOING_MANUALLY_CONTROLLED
45.47,0.3372,0.3047,0.5538,0.6990,0.3998,0.1792,0.5652,-110.71,51.03,-83.10,-67.36,14.64,-85.40,33.44,0.009,92.47,36.37,SERVOING_MANUALLY_CONTROLLED
45.60,0.3372,0.3047,0.5538,0.6990,0.3998,0.1792,0.5652,-110.71,51.03,-83.10,-67.36,14.64,-85.40,33.44,0.009,92.47,36.37,SERVOING_MANUALLY_CONTROLLED
45.72,0.3372,0.3047,0.5538,0.6990,0.3998,0.1792,0.5652,-110.71,51.03,-83.10,-67.36,14.64,-85.40,33.44,0.009,92.47,36.37,SERVOING_MANUALLY_CONTROLLED
45.92,0.3372,0.3047,0.5538,0.6990,0.3998,0.1792,0.5652,-110.71,51.03,-83.09,-67.37,14.64,-85.40,33.44,0.009,92.47,36.37,SERVOING_MANUALLY_CONTROLLED
46.08,0.3372,0.3047,0.5538,0.6990,0.3998,0.1792,0.5652,-110.71,51.03,-83.09,-67.37,14.64,-85.40,33.44,0.009,92.47,36.37,SERVOING_MANUALLY_CONTROLLED
46.20,0.3374,0.3047,0.5540,0.6993,0.3966,0.1763,0.5680,-110.24,51.33,-83.18,-66.92,14.68,-85.90,33.47,0.009,92.48,36.36,SERVOING_MANUALLY_CONTROLLED
46.32,0.3374,0.3048,0.5540,0.6997,0.3914,0.1709,0.5728,-109.46,51.84,-83.33,-66.15,14.75,-86.82,33.54,0.009,92.50,36.35,SERVOING_MANUALLY_CONTROLLED
46.45,0.3375,0.3050,0.5540,0.7010,0.3851,0.1637,0.5776,-108.44,52.37,-83.55,-65.07,14.76,-88.08,33.69,0.009,92.52,36.35,SERVOING_MANUALLY_CONTROLLED
46.57,0.3373,0.3048,0.5540,0.7022,0.3806,0.1583,0.5805,-107.73,52.70,-83.69,-64.31,14.76,-89.02,33.81,0.009,92.49,36.36,SERVOING_MANUALLY_CONTROLLED
46.68,0.3373,0.3048,0.5539,0.7025,0.3798,0.1571,0.5810,-107.60,52.76,-83.72,-64.16,14.76,-89.21,33.84,0.009,92.49,36.37,SERVOING_MANUALLY_CONTROLLED
46.80,0.3373,0.3048,0.5539,0.7026,0.3797,0.1570,0.5810,-107.59,52.77,-83.73,-64.14,14.76,-89.23,33.84,0.009,92.48,36.37,SERVOING_MANUALLY_CONTROLLED
46.92,0.3373,0.3048,0.5538,0.7024,0.3794,0.1568,0.5815,-107.56,52.82,-83.73,-64.14,14.78,-89.25,33.84,0.009,92.49,36.37,SERVOING_MANUALLY_CONTROLLED
47.05,0.3373,0.3049,0.5538,0.7007,0.3757,0.1545,0.5865,-107.25,53.29,-83.71,-63.96,15.00,-89.47,33.79,0.009,92.51,36.36,SERVOING_MANUALLY_CONTROLLED
47.17,0.3373,0.3049,0.5538,0.6985,0.3695,0.1508,0.5941,-106.73,53.99,-83.67,-63.65,15.33,-89.90,33.73,0.009,92.51,36.36,SERVOING_MANUALLY_CONTROLLED
47.28,0.3373,0.3050,0.5538,0.6962,0.3629,0.1463,0.6018,-106.12,54.72,-83.66,-63.22,15.65,-90.44,33.69,0.009,92.52,36.36,SERVOING_MANUALLY_CONTROLLED
47.40,0.3373,0.3050,0.5539,0.6951,0.3584,0.1430,0.6067,-105.69,55.18,-83.66,-62.88,15.85,-90.88,33.69,0.009,92.51,36.37,SERVOING_MANUALLY_CONTROLLED
47.52,0.3372,0.3049,0.5539,0.6948,0.3567,0.1417,0.6082,-105.53,55.32,-83.66,-62.75,15.91,-91.06,33.70,0.009,92.50,36.37,SERVOING_MANUALLY_CONTROLLED
47.65,0.3372,0.3049,0.5539,0.6948,0.3566,0.1415,0.6083,-105.51,55.33,-83.66,-62.73,15.92,-91.08,33.70,0.009,92.50,36.37,SERVOING_MANUALLY_CONTROLLED
47.77,0.3372,0.3049,0.5538,0.6944,0.3565,0.1415,0.6088,-105.54,55.37,-83.65,-62.80,15.95,-91.02,33.69,0.009,92.50,36.37,SERVOING_MANUALLY_CONTROLLED
47.90,0.3371,0.3048,0.5536,0.6903,0.3556,0.1438,0.6135,-105.93,55.74,-83.44,-63.54,16.32,-90.27,33.44,0.009,92.49,36.39,SERVOING_MANUALLY_CONTROLLED
48.00,0.3370,0.3048,0.5536,0.6839,0.3541,0.1475,0.6206,-106.47,56.28,-83.13,-64.61,16.88,-89.13,33.08,0.009,92.49,36.39,SERVOING_MANUALLY_CONTROLLED
48.12,0.3370,0.3048,0.5536,0.6782,0.3527,0.1507,0.6269,-106.91,56.76,-82.86,-65.53,17.37,-88.14,32.74,0.009,92.48,36.39,SERVOING_MANUALLY_CONTROLLED
48.25,0.3370,0.3048,0.5536,0.6716,0.3511,0.1543,0.6339,-107.42,57.33,-82.56,-66.59,17.93,-87.00,32.35,0.009,92.48,36.39,SERVOING_MANUALLY_CONTROLLED
48.37,0.3371,0.3048,0.5536,0.6651,0.3496,0.1579,0.6406,-107.87,57.88,-82.28,-67.58,18.46,-85.90,31.96,0.009,92.49,36.39,SERVOING_MANUALLY_CONTROLLED
48.50,0.3371,0.3049,0.5537,0.6628,0.3491,0.1594,0.6430,-108.02,58.06,-82.19,-67.91,18.65,-85.52,31.81,0.009,92.50,36.38,SERVOING_MANUALLY_CONTROLLED
48.62,0.3372,0.3049,0.5538,0.6626,0.3489,0.1596,0.6433,-108.03,58.08,-82.17,-67.95,18.68,-85.47,31.79,0.009,92.50,36.37,SERVOING_MANUALLY_CONTROLLED
48.73,0.3371,0.3049,0.5537,0.6612,0.3485,0.1601,0.6448,-108.12,58.22,-82.12,-68.16,18.79,-85.26,31.71,0.009,92.50,36.38,SERVOING_MANUALLY_CONTROLLED
48.85,0.3371,0.3050,0.5536,0.6573,0.3464,0.1611,0.6496,-108.23,58.66,-81.96,-68.62,19.12,-84.79,31.48,0.009,92.51,36.38,SERVOING_MANUALLY_CONTROLLED
48.97,0.3371,0.3049,0.5536,0.6515,0.3428,0.1624,0.6570,-108.36,59.34,-81.74,-69.27,19.62,-84.11,31.12,0.009,92.50,36.39,SERVOING_MANUALLY_CONTROLLED
49.10,0.3370,0.3049,0.5536,0.6449,0.3416,0.1661,0.6632,-108.83,59.87,-81.46,-70.32,20.14,-82.98,30.69,0.009,92.49,36.40,SERVOING_MANUALLY_CONTROLLED
49.22,0.3372,0.3051,0.5538,0.6430,0.3426,0.1685,0.6639,-109.06,59.90,-81.39,-70.66,20.26,-82.51,30.57,0.009,92.53,36.37,SERVOING_MANUALLY_CONTROLLED
49.33,0.3373,0.3051,0.5539,0.6442,0.3375,0.1638,0.6665,-108.36,60.22,-81.48,-69.89,20.23,-83.42,30.67,0.009,92.54,36.36,SERVOING_MANUALLY_CONTROLLED
49.45,0.3374,0.3052,0.5538,0.6443,0.3314,0.1587,0.6707,-107.65,60.68,-81.54,-69.18,20.30,-84.29,30.72,0.009,92.56,36.36,SERVOING_MANUALLY_CONTROLLED
49.57,0.3374,0.3053,0.5539,0.6439,0.3238,0.1530,0.6761,-106.82,61.27,-81.58,-68.41,20.44,-85.25,30.74,0.009,92.56,36.36,SERVOING_MANUALLY_CONTROLLED
49.70,0.3374,0.3053,0.5539,0.6434,0.3160,0.1470,0.6816,-105.96,61.87,-81.62,-67.60,20.59,-86.25,30.78,0.009,92.57,36.36,SERVOING_MANUALLY_CONTROLLED
49.82,0.3375,0.3054,0.5539,0.6438,0.3083,0.1405,0.6860,-105.04,62.37,-81.68,-66.63,20.68,-87.40,30.89,0.009,92.59,36.35,SERVOING_MANUALLY_CONTROLLED
49.93,0.3375,0.3054,0.5539,0.6451,0.3008,0.1337,0.6896,-104.08,62.79,-81.76,-65.54,20.70,-88.69,31.07,0.009,92.59,36.35,SERVOING_MANUALLY_CONTROLLED
50.05,0.3375,0.3055,0.5539,0.6462,0.2945,0.1278,0.6923,-103.26,63.13,-81.83,-64.59,20.72,-89.81,31.23,0.009,92.60,36.35,SERVOING_MANUALLY_CONTROLLED
50.17,0.3375,0.3054,0.5540,0.6476,0.2871,0.1210,0.6954,-102.31,63.50,-81.89,-63.50,20.74,-91.08,31.42,0.009,92.59,36.35,SERVOING_MANUALLY_CONTROLLED
50.30,0.3375,0.3054,0.5540,0.6488,0.2795,0.1139,0.6985,-101.33,63.89,-81.95,-62.37,20.78,-92.40,31.63,0.009,92.60,36.35,SERVOING_MANUALLY_CONTROLLED
50.42,0.3375,0.3055,0.5540,0.6500,0.2720,0.1069,0.7015,-100.35,64.27,-82.00,-61.22,20.83,-93.73,31.86,0.009,92.61,36.35,SERVOING_MANUALLY_CONTROLLED
50.55,0.3375,0.3055,0.5540,0.6511,0.2642,0.0998,0.7045,-99.36,64.65,-82.04,-60.06,20.89,-95.05,32.09,0.009,92.60,36.35,SERVOING_MANUALLY_CONTROLLED
50.65,0.3375,0.3055,0.5540,0.6521,0.2565,0.0927,0.7073,-98.37,65.01,-82.07,-58.90,20.97,-96.37,32.34,0.009,92.60,36.35,SERVOING_MANUALLY_CONTROLLED
50.77,0.3375,0.3055,0.5540,0.6529,0.2501,0.0868,0.7096,-97.54,65.31,-82.09,-57.93,21.04,-97.47,32.55,0.009,92.60,36.35,SERVOING_MANUALLY_CONTROLLED
50.90,0.3375,0.3056,0.5540,0.6537,0.2426,0.0799,0.7123,-96.57,65.66,-82.11,-56.79,21.13,-98.75,32.82,0.009,92.61,36.35,SERVOING_MANUALLY_CONTROLLED
51.02,0.3375,0.3056,0.5540,0.6545,0.2348,0.0728,0.7150,-95.57,66.00,-82.11,-55.60,21.25,-100.07,33.10,0.009,92.61,36.35,SERVOING_MANUALLY_CONTROLLED
51.15,0.3376,0.3056,0.5541,0.6553,0.2270,0.0657,0.7175,-94.57,66.33,-82.11,-54.41,21.37,-101.39,33.40,0.009,92.61,36.35,SERVOING_MANUALLY_CONTROLLED
51.27,0.3376,0.3056,0.5541,0.6563,0.2192,0.0585,0.7196,-93.54,66.63,-82.11,-53.14,21.47,-102.77,33.73,0.009,92.62,36.35,SERVOING_MANUALLY_CONTROLLED
51.37,0.3376,0.3057,0.5541,0.6605,0.2128,0.0514,0.7183,-92.39,66.65,-82.20,-51.46,21.32,-104.50,34.16,0.009,92.64,36.35,SERVOING_MANUALLY_CONTROLLED
51.50,0.3376,0.3057,0.5542,0.6658,0.2086,0.0458,0.7149,-91.41,66.47,-82.33,-49.88,21.04,-106.09,34.55,0.009,92.63,36.35,SERVOING_MANUALLY_CONTROLLED
51.62,0.3374,0.3055,0.5542,0.6710,0.2049,0.0405,0.7114,-90.55,66.29,-82.44,-48.48,20.77,-107.53,34.91,0.009,92.60,36.36,SERVOING_MANUALLY_CONTROLLED
51.75,0.3372,0.3055,0.5541,0.6723,0.2041,0.0392,0.7105,-90.36,66.25,-82.47,-48.15,20.70,-107.90,34.99,0.009,92.60,36.38,SERVOING_MANUALLY_CONTROLLED
51.87,0.3372,0.3055,0.5540,0.6724,0.2040,0.0390,0.7104,-90.34,66.25,-82.47,-48.13,20.70,-107.93,35.00,0.009,92.59,36.38,SERVOING_MANUALLY_CONTROLLED
52.00,0.3372,0.3055,0.5541,0.6725,0.2040,0.0390,0.7104,-90.34,66.25,-82.47,-48.13,20.70,-107.93,35.00,0.009,92.59,36.38,SERVOING_MANUALLY_CONTROLLED
52.10,0.3372,0.3054,0.5541,0.6725,0.2040,0.0390,0.7104,-90.34,66.25,-82.47,-48.14,20.70,-107.93,35.00,0.009,92.59,36.38,SERVOING_MANUALLY_CONTROLLED
52.22,0.3371,0.3054,0.5541,0.6728,0.2040,0.0390,0.7101,-90.33,66.22,-82.48,-48.09,20.67,-107.98,35.01,0.009,92.59,36.39,SERVOING_MANUALLY_CONTROLLED
52.35,0.3374,0.3055,0.5542,0.6765,0.2032,0.0372,0.7069,-89.85,66.00,-82.59,-47.20,20.41,-108.78,35.19,0.009,92.61,36.37,SERVOING_MANUALLY_CONTROLLED
52.47,0.3373,0.3055,0.5542,0.6818,0.2014,0.0336,0.7024,-89.14,65.73,-82.74,-45.95,20.07,-110.01,35.47,0.009,92.59,36.38,SERVOING_MANUALLY_CONTROLLED
52.60,0.3372,0.3054,0.5541,0.6833,0.2009,0.0325,0.7012,-88.96,65.66,-82.77,-45.63,19.97,-110.35,35.54,0.009,92.58,36.39,SERVOING_MANUALLY_CONTROLLED
52.72,0.3372,0.3055,0.5541,0.6835,0.2008,0.0324,0.7011,-88.94,65.65,-82.77,-45.59,19.96,-110.38,35.55,0.009,92.59,36.39,SERVOING_MANUALLY_CONTROLLED
52.83,0.3372,0.3055,0.5541,0.6835,0.2008,0.0324,0.7011,-88.94,65.65,-82.77,-45.59,19.96,-110.39,35.55,0.009,92.59,36.39,SERVOING_MANUALLY_CONTROLLED
52.95,0.3371,0.3054,0.5541,0.6835,0.2008,0.0324,0.7011,-88.94,65.65,-82.77,-45.59,19.96,-110.39,35.55,0.009,92.59,36.39,SERVOING_MANUALLY_CONTROLLED
53.07,0.3371,0.3054,0.5541,0.6835,0.2008,0.0324,0.7011,-88.94,65.65,-82.77,-45.60,19.96,-110.39,35.55,0.009,92.58,36.39,SERVOING_MANUALLY_CONTROLLED
53.20,0.3371,0.3054,0.5541,0.6835,0.2008,0.0323,0.7010,-88.94,65.65,-82.78,-45.59,19.96,-110.40,35.55,0.009,92.58,36.39,SERVOING_MANUALLY_CONTROLLED
53.32,0.3371,0.3054,0.5541,0.6835,0.2008,0.0323,0.7010,-88.94,65.65,-82.78,-45.59,19.96,-110.40,35.55,0.009,92.58,36.39,SERVOING_MANUALLY_CONTROLLED
53.43,0.3371,0.3054,0.5541,0.6836,0.2008,0.0323,0.7010,-88.94,65.65,-82.78,-45.59,19.96,-110.40,35.55,0.009,92.58,36.39,SERVOING_MANUALLY_CONTROLLED
53.55,0.3371,0.3054,0.5541,0.6836,0.2008,0.0323,0.7010,-88.94,65.65,-82.78,-45.59,19.96,-110.40,35.55,0.009,92.58,36.39,SERVOING_MANUALLY_CONTROLLED
53.67,0.3371,0.3054,0.5541,0.6836,0.2008,0.0323,0.7010,-88.94,65.65,-82.78,-45.59,19.96,-110.40,35.55,0.009,92.58,36.39,SERVOING_MANUALLY_CONTROLLED
53.80,0.3371,0.3054,0.5541,0.6836,0.2008,0.0323,0.7010,-88.94,65.65,-82.78,-45.59,19.96,-110.40,35.55,0.009,92.58,36.39,SERVOING_MANUALLY_CONTROLLED
53.92,0.3371,0.3054,0.5541,0.6836,0.2008,0.0323,0.7010,-88.94,65.65,-82.78,-45.59,19.96,-110.40,35.55,0.009,92.58,36.39,SERVOING_MANUALLY_CONTROLLED
54.05,0.3371,0.3054,0.5541,0.6836,0.2008,0.0323,0.7010,-88.94,65.65,-82.78,-45.59,19.96,-110.40,35.55,0.009,92.58,36.39,SERVOING_MANUALLY_CONTROLLED
54.15,0.3371,0.3054,0.5541,0.6836,0.2008,0.0323,0.7010,-88.94,65.65,-82.78,-45.59,19.96,-110.40,35.55,0.009,92.58,36.39,SERVOING_MANUALLY_CONTROLLED
54.27,0.3371,0.3054,0.5541,0.6836,0.2008,0.0323,0.7010,-88.94,65.65,-82.78,-45.59,19.96,-110.40,35.55,0.009,92.58,36.39,SERVOING_MANUALLY_CONTROLLED
54.40,0.3371,0.3054,0.5541,0.6836,0.2008,0.0323,0.7010,-88.94,65.65,-82.78,-45.59,19.96,-110.40,35.55,0.009,92.58,36.39,SERVOING_MANUALLY_CONTROLLED
54.52,0.3371,0.3054,0.5541,0.6836,0.2008,0.0323,0.7010,-88.94,65.65,-82.78,-45.59,19.96,-110.40,35.55,0.009,92.58,36.39,SERVOING_MANUALLY_CONTROLLED
54.65,0.3371,0.3054,0.5541,0.6836,0.2008,0.0323,0.7010,-88.94,65.65,-82.78,-45.59,19.96,-110.40,35.55,0.009,92.58,36.39,SERVOING_MANUALLY_CONTROLLED
54.77,0.3371,0.3054,0.5541,0.6836,0.2008,0.0323,0.7010,-88.94,65.65,-82.78,-45.59,19.96,-110.40,35.55,0.009,92.58,36.39,SERVOING_MANUALLY_CONTROLLED
54.88,0.3371,0.3054,0.5541,0.6836,0.2006,0.0321,0.7010,-88.90,65.65,-82.78,-45.53,19.96,-110.45,35.57,0.009,92.58,36.39,SERVOING_MANUALLY_CONTROLLED
55.00,0.3373,0.3054,0.5541,0.6831,0.1975,0.0293,0.7025,-88.50,65.82,-82.76,-45.09,20.10,-110.90,35.72,0.009,92.59,36.37,SERVOING_MANUALLY_CONTROLLED
55.12,0.3374,0.3055,0.5541,0.6811,0.1908,0.0236,0.7065,-87.75,66.25,-82.66,-44.33,20.45,-111.70,36.03,0.009,92.60,36.37,SERVOING_MANUALLY_CONTROLLED
55.25,0.3374,0.3055,0.5541,0.6783,0.1831,0.0171,0.7114,-86.95,66.74,-82.53,-43.55,20.90,-112.55,36.39,0.009,92.61,36.37,SERVOING_MANUALLY_CONTROLLED
55.37,0.3374,0.3056,0.5541,0.6751,0.1753,0.0107,0.7165,-86.19,67.24,-82.39,-42.85,21.38,-113.32,36.75,0.009,92.61,36.37,SERVOING_MANUALLY_CONTROLLED
55.50,0.3373,0.3056,0.5541,0.6717,0.1677,0.0045,0.7216,-85.47,67.74,-82.23,-42.23,21.89,-114.02,37.11,0.009,92.61,36.37,SERVOING_MANUALLY_CONTROLLED
55.60,0.3373,0.3056,0.5541,0.6681,0.1601,-0.0017,0.7266,-84.76,68.25,-82.07,-41.63,22.41,-114.68,37.47,0.009,92.62,36.37,SERVOING_MANUALLY_CONTROLLED
55.72,0.3373,0.3056,0.5540,0.6651,0.1544,-0.0064,0.7305,-84.26,68.63,-81.93,-41.25,22.83,-115.13,37.75,0.009,92.61,36.37,SERVOING_MANUALLY_CONTROLLED
55.85,0.3372,0.3056,0.5540,0.6622,0.1502,-0.0097,0.7341,-83.97,68.96,-81.82,-41.11,23.19,-115.35,37.93,0.009,92.62,36.39,SERVOING_MANUALLY_CONTROLLED
55.97,0.3372,0.3055,0.5541,0.6601,0.1492,-0.0103,0.7362,-84.03,69.12,-81.75,-41.38,23.38,-115.13,37.93,0.009,92.60,36.38,SERVOING_MANUALLY_CONTROLLED
56.10,0.3372,0.3056,0.5541,0.6596,0.1493,-0.0100,0.7366,-84.08,69.14,-81.74,-41.48,23.41,-115.04,37.91,0.009,92.60,36.39,SERVOING_MANUALLY_CONTROLLED
56.22,0.3370,0.3056,0.5540,0.6594,0.1500,-0.0094,0.7366,-84.21,69.14,-81.74,-41.65,23.40,-114.90,37.85,0.009,92.60,36.40,SERVOING_MANUALLY_CONTROLLED
56.33,0.3369,0.3055,0.5540,0.6602,0.1556,-0.0047,0.7348,-84.92,68.90,-81.83,-42.47,23.15,-114.09,37.53,0.009,92.59,36.42,SERVOING_MANUALLY_CONTROLLED
56.45,0.3369,0.3055,0.5541,0.6620,0.1619,0.0007,0.7318,-85.61,68.57,-81.94,-43.17,22.82,-113.33,37.20,0.009,92.59,36.42,SERVOING_MANUALLY_CONTROLLED
56.57,0.3368,0.3055,0.5541,0.6647,0.1692,0.0067,0.7277,-86.34,68.13,-82.08,-43.88,22.39,-112.58,36.85,0.009,92.58,36.42,SERVOING_MANUALLY_CONTROLLED
56.70,0.3369,0.3054,0.5541,0.6676,0.1769,0.0129,0.7231,-87.09,67.66,-82.22,-44.56,21.92,-111.82,36.51,0.009,92.58,36.42,SERVOING_MANUALLY_CONTROLLED
56.82,0.3369,0.3054,0.5541,0.6702,0.1844,0.0191,0.7187,-87.86,67.20,-82.34,-45.29,21.50,-111.01,36.18,0.009,92.57,36.42,SERVOING_MANUALLY_CONTROLLED
56.93,0.3368,0.3054,0.5541,0.6724,0.1919,0.0254,0.7144,-88.67,66.76,-82.45,-46.10,21.11,-110.14,35.85,0.009,92.57,36.42,SERVOING_MANUALLY_CONTROLLED
57.05,0.3368,0.3053,0.5541,0.6740,0.1982,0.0307,0.7110,-89.35,66.39,-82.53,-46.80,20.80,-109.38,35.58,0.009,92.56,36.42,SERVOING_MANUALLY_CONTROLLED
57.17,0.3369,0.3053,0.5541,0.6761,0.2052,0.0366,0.7067,-90.08,65.95,-82.62,-47.52,20.44,-108.57,35.29,0.009,92.56,36.41,SERVOING_MANUALLY_CONTROLLED
57.30,0.3369,0.3053,0.5541,0.6786,0.2121,0.0422,0.7019,-90.77,65.48,-82.72,-48.15,20.06,-107.86,35.05,0.009,92.56,36.41,SERVOING_MANUALLY_CONTROLLED
57.42,0.3369,0.3053,0.5541,0.6812,0.2189,0.0477,0.6970,-91.43,64.99,-82.81,-48.74,19.68,-107.18,34.82,0.009,92.55,36.41,SERVOING_MANUALLY_CONTROLLED
57.55,0.3369,0.3053,0.5541,0.6837,0.2255,0.0530,0.6920,-92.07,64.50,-82.91,-49.30,19.30,-106.52,34.60,0.009,92.55,36.41,SERVOING_MANUALLY_CONTROLLED
57.65,0.3369,0.3053,0.5541,0.6865,0.2318,0.0580,0.6867,-92.65,64.01,-83.00,-49.77,18.92,-105.96,34.42,0.009,92.55,36.41,SERVOING_MANUALLY_CONTROLLED
57.77,0.3369,0.3053,0.5541,0.6889,0.2369,0.0618,0.6822,-93.09,63.58,-83.08,-50.10,18.59,-105.55,34.29,0.009,92.55,36.41,SERVOING_MANUALLY_CONTROLLED
57.90,0.3369,0.3052,0.5541,0.6919,0.2428,0.0663,0.6767,-93.60,63.08,-83.17,-50.49,18.21,-105.08,34.14,0.009,92.55,36.40,SERVOING_MANUALLY_CONTROLLED
58.02,0.3370,0.3052,0.5541,0.6948,0.2488,0.0708,0.6711,-94.12,62.56,-83.25,-50.87,17.82,-104.60,34.00,0.009,92.54,36.40,SERVOING_MANUALLY_CONTROLLED
58.15,0.3369,0.3052,0.5541,0.6977,0.2548,0.0753,0.6653,-94.65,62.03,-83.34,-51.27,17.43,-104.12,33.86,0.009,92.54,36.40,SERVOING_MANUALLY_CONTROLLED
58.27,0.3369,0.3051,0.5541,0.7006,0.2607,0.0798,0.6594,-95.17,61.49,-83.42,-51.68,17.06,-103.62,33.73,0.009,92.53,36.40,SERVOING_MANUALLY_CONTROLLED
58.38,0.3369,0.3051,0.5541,0.7033,0.2667,0.0843,0.6536,-95.70,60.96,-83.50,-52.09,16.68,-103.12,33.60,0.009,92.53,36.40,SERVOING_MANUALLY_CONTROLLED
58.50,0.3369,0.3051,0.5541,0.7056,0.2717,0.0881,0.6485,-96.15,60.50,-83.55,-52.44,16.37,-102.70,33.50,0.009,92.53,36.40,SERVOING_MANUALLY_CONTROLLED
58.62,0.3369,0.3051,0.5541,0.7082,0.2773,0.0923,0.6427,-96.67,59.97,-83.62,-52.84,16.02,-102.22,33.39,0.009,92.52,36.40,SERVOING_MANUALLY_CONTROLLED
58.75,0.3369,0.3050,0.5541,0.7108,0.2833,0.0969,0.6365,-97.21,59.41,-83.68,-53.28,15.66,-101.68,33.27,0.009,92.51,36.40,SERVOING_MANUALLY_CONTROLLED
58.87,0.3369,0.3050,0.5540,0.7132,0.2894,0.1016,0.6303,-97.79,58.85,-83.73,-53.75,15.30,-101.11,33.16,0.009,92.52,36.40,SERVOING_MANUALLY_CONTROLLED
59.00,0.3369,0.3050,0.5540,0.7156,0.2954,0.1064,0.6240,-98.37,58.28,-83.78,-54.24,14.95,-100.53,33.04,0.009,92.51,36.40,SERVOING_MANUALLY_CONTROLLED
59.10,0.3369,0.3049,0.5541,0.7179,0.3013,0.1111,0.6177,-98.96,57.70,-83.81,-54.74,14.62,-99.94,32.94,0.009,92.50,36.40,SERVOING_MANUALLY_CONTROLLED
59.22,0.3369,0.3049,0.5540,0.7197,0.3064,0.1150,0.6123,-99.45,57.22,-83.84,-55.16,14.34,-99.43,32.86,0.009,92.50,36.40,SERVOING_MANUALLY_CONTROLLED
59.35,0.3369,0.3049,0.5540,0.7218,0.3121,0.1195,0.6061,-100.03,56.65,-83.86,-55.65,14.02,-98.85,32.77,0.009,92.50,36.40,SERVOING_MANUALLY_CONTROLLED
59.47,0.3370,0.3049,0.5540,0.7238,0.3180,0.1242,0.5996,-100.62,56.07,-83.88,-56.16,13.70,-98.24,32.68,0.009,92.49,36.40,SERVOING_MANUALLY_CONTROLLED
59.60,0.3369,0.3048,0.5540,0.7258,0.3238,0.1290,0.5930,-101.23,55.47,-83.89,-56.68,13.39,-97.62,32.59,0.009,92.48,36.40,SERVOING_MANUALLY_CONTROLLED
59.72,0.3369,0.3048,0.5540,0.7277,0.3297,0.1336,0.5864,-101.83,54.88,-83.90,-57.19,13.08,-97.00,32.52,0.009,92.48,36.40,SERVOING_MANUALLY_CONTROLLED
59.83,0.3370,0.3048,0.5540,0.7296,0.3355,0.1383,0.5797,-102.43,54.27,-83.90,-57.72,12.77,-96.38,32.45,0.009,92.48,36.40,SERVOING_MANUALLY_CONTROLLED
59.95,0.3370,0.3048,0.5539,0.7310,0.3403,0.1421,0.5741,-102.94,53.77,-83.90,-58.16,12.52,-95.85,32.40,0.009,92.48,36.40,SERVOING_MANUALLY_CONTROLLED
60.07,0.3370,0.3048,0.5539,0.7327,0.3459,0.1466,0.5675,-103.54,53.17,-83.88,-58.67,12.24,-95.23,32.34,0.009,92.47,36.39,SERVOING_MANUALLY_CONTROLLED
60.20,0.3370,0.3047,0.5540,0.7343,0.3516,0.1513,0.5606,-104.16,52.55,-83.86,-59.21,11.96,-94.59,32.29,0.009,92.47,36.39,SERVOING_MANUALLY_CONTROLLED
60.32,0.3370,0.3047,0.5539,0.7358,0.3573,0.1559,0.5537,-104.79,51.93,-83.83,-59.75,11.68,-93.94,32.25,0.009,92.46,36.39,SERVOING_MANUALLY_CONTROLLED
60.43,0.3369,0.3046,0.5539,0.7372,0.3630,0.1607,0.5468,-105.46,51.30,-83.78,-60.34,11.42,-93.24,32.20,0.009,92.46,36.40,SERVOING_MANUALLY_CONTROLLED
60.55,0.3369,0.3046,0.5539,0.7375,0.3679,0.1656,0.5416,-106.16,50.81,-83.67,-61.04,11.27,-92.44,32.12,0.009,92.44,36.40,SERVOING_MANUALLY_CONTROLLED
60.67,0.3368,0.3045,0.5538,0.7364,0.3734,0.1723,0.5372,-107.14,50.35,-83.45,-62.09,11.24,-91.22,31.96,0.009,92.43,36.40,SERVOING_MANUALLY_CONTROLLED
60.80,0.3369,0.3045,0.5538,0.7347,0.3788,0.1798,0.5333,-108.19,49.92,-83.17,-63.25,11.27,-89.88,31.78,0.009,92.44,36.40,SERVOING_MANUALLY_CONTROLLED
60.92,0.3369,0.3045,0.5537,0.7328,0.3834,0.1864,0.5303,-109.14,49.56,-82.90,-64.32,11.33,-88.63,31.61,0.009,92.43,36.40,SERVOING_MANUALLY_CONTROLLED
61.05,0.3369,0.3045,0.5537,0.7305,0.3876,0.1931,0.5281,-110.10,49.29,-82.61,-65.40,11.45,-87.36,31.42,0.009,92.43,36.40,SERVOING_MANUALLY_CONTROLLED
61.15,0.3368,0.3045,0.5537,0.7278,0.3915,0.1997,0.5264,-111.04,49.06,-82.29,-66.49,11.60,-86.08,31.22,0.009,92.43,36.40,SERVOING_MANUALLY_CONTROLLED
61.27,0.3369,0.3044,0.5537,0.7255,0.3946,0.2053,0.5252,-111.83,48.89,-82.02,-67.42,11.74,-84.99,31.06,0.009,92.42,36.40,SERVOING_MANUALLY_CONTROLLED
61.40,0.3368,0.3044,0.5536,0.7225,0.3981,0.2119,0.5240,-112.76,48.71,-81.68,-68.51,11.92,-83.70,30.85,0.009,92.42,36.40,SERVOING_MANUALLY_CONTROLLED
61.52,0.3369,0.3044,0.5536,0.7192,0.4014,0.2187,0.5232,-113.71,48.57,-81.31,-69.65,12.14,-82.33,30.63,0.009,92.42,36.40,SERVOING_MANUALLY_CONTROLLED
61.65,0.3369,0.3043,0.5536,0.7151,0.4039,0.2256,0.5240,-114.64,48.57,-80.90,-70.84,12.45,-80.92,30.35,0.009,92.41,36.40,SERVOING_MANUALLY_CONTROLLED
61.77,0.3369,0.3043,0.5536,0.7105,0.4055,0.2322,0.5262,-115.50,48.72,-80.48,-72.02,12.80,-79.51,30.04,0.009,92.40,36.40,SERVOING_MANUALLY_CONTROLLED
61.88,0.3369,0.3044,0.5536,0.7056,0.4069,0.2390,0.5287,-116.35,48.91,-80.05,-73.21,13.18,-78.08,29.70,0.009,92.41,36.40,SERVOING_MANUALLY_CONTROLLED
62.00,0.3369,0.3044,0.5535,0.7014,0.4080,0.2446,0.5308,-117.04,49.08,-79.69,-74.20,13.49,-76.89,29.42,0.009,92.41,36.40,SERVOING_MANUALLY_CONTROLLED
62.12,0.3369,0.3044,0.5535,0.6967,0.4092,0.2509,0.5331,-117.80,49.29,-79.28,-75.30,13.85,-75.54,29.10,0.009,92.42,36.40,SERVOING_MANUALLY_CONTROLLED
62.25,0.3369,0.3044,0.5535,0.6917,0.4103,0.2574,0.5357,-118.57,49.53,-78.86,-76.44,14.22,-74.14,28.76,0.009,92.41,36.40,SERVOING_MANUALLY_CONTROLLED
62.37,0.3369,0.3044,0.5535,0.6866,0.4112,0.2638,0.5384,-119.31,49.80,-78.44,-77.57,14.59,-72.75,28.41,0.009,92.42,36.40,SERVOING_MANUALLY_CONTROLLED
62.50,0.3369,0.3044,0.5535,0.6814,0.4121,0.2701,0.5411,-120.02,50.08,-78.03,-78.69,14.97,-71.37,28.05,0.009,92.41,36.40,SERVOING_MANUALLY_CONTROLLED
62.60,0.3369,0.3044,0.5535,0.6762,0.4130,0.2766,0.5438,-120.71,50.38,-77.61,-79.81,15.34,-69.97,27.69,0.009,92.42,36.40,SERVOING_MANUALLY_CONTROLLED
62.72,0.3369,0.3045,0.5535,0.6718,0.4136,0.2819,0.5460,-121.26,50.64,-77.27,-80.72,15.65,-68.80,27.37,0.009,92.43,36.40,SERVOING_MANUALLY_CONTROLLED
62.85,0.3369,0.3044,0.5535,0.6667,0.4143,0.2880,0.5486,-121.90,50.95,-76.87,-81.79,16.00,-67.45,27.01,0.009,92.42,36.40,SERVOING_MANUALLY_CONTROLLED
62.97,0.3369,0.3044,0.5535,0.6613,0.4150,0.2942,0.5512,-122.53,51.29,-76.45,-82.88,16.37,-66.06,26.64,0.009,92.42,36.40,SERVOING_MANUALLY_CONTROLLED
63.10,0.3369,0.3045,0.5535,0.6559,0.4155,0.3004,0.5540,-123.10,51.67,-76.06,-83.94,16.73,-64.69,26.25,0.009,92.43,36.40,SERVOING_MANUALLY_CONTROLLED
63.22,0.3369,0.3045,0.5535,0.6505,0.4154,0.3061,0.5573,-123.60,52.11,-75.67,-84.95,17.10,-63.38,25.84,0.009,92.43,36.40,SERVOING_MANUALLY_CONTROLLED
63.33,0.3369,0.3045,0.5535,0.6451,0.4151,0.3116,0.5608,-124.04,52.58,-75.30,-85.93,17.46,-62.11,25.42,0.009,92.43,36.40,SERVOING_MANUALLY_CONTROLLED
63.45,0.3369,0.3045,0.5535,0.6405,0.4147,0.3162,0.5637,-124.38,53.00,-75.00,-86.72,17.76,-61.05,25.07,0.009,92.43,36.40,SERVOING_MANUALLY_CONTROLLED
63.57,0.3369,0.3045,0.5535,0.6353,0.4142,0.3213,0.5670,-124.76,53.49,-74.65,-87.64,18.10,-59.85,24.65,0.009,92.43,36.40,SERVOING_MANUALLY_CONTROLLED
63.70,0.3369,0.3045,0.5535,0.6299,0.4136,0.3267,0.5705,-125.12,54.01,-74.30,-88.59,18.45,-58.60,24.21,0.009,92.43,36.40,SERVOING_MANUALLY_CONTROLLED
63.82,0.3369,0.3046,0.5535,0.6243,0.4130,0.3320,0.5740,-125.46,54.55,-73.94,-89.52,18.80,-57.33,23.77,0.009,92.44,36.40,SERVOING_MANUALLY_CONTROLLED
63.93,0.3369,0.3045,0.5535,0.6187,0.4124,0.3373,0.5774,-125.78,55.10,-73.59,-90.45,19.14,-56.07,23.31,0.009,92.44,36.40,SERVOING_MANUALLY_CONTROLLED
64.05,0.3369,0.3045,0.5535,0.6141,0.4118,0.3417,0.5802,-126.03,55.57,-73.29,-91.23,19.43,-55.01,22.92,0.009,92.43,36.40,SERVOING_MANUALLY_CONTROLLED
64.17,0.3369,0.3045,0.5535,0.6085,0.4112,0.3469,0.5834,-126.32,56.14,-72.94,-92.15,19.77,-53.75,22.47,0.009,92.44,36.40,SERVOING_MANUALLY_CONTROLLED
64.30,0.3369,0.3045,0.5535,0.6027,0.4118,0.3528,0.5854,-126.75,56.57,-72.55,-93.18,20.11,-52.31,22.05,0.009,92.43,36.40,SERVOING_MANUALLY_CONTROLLED
64.42,0.3368,0.3046,0.5535,0.5979,0.4157,0.3592,0.5837,-127.43,56.56,-72.16,-94.24,20.38,-50.80,21.86,0.009,92.44,36.41,SERVOING_MANUALLY_CONTROLLED
64.55,0.3369,0.3045,0.5535,0.5941,0.4212,0.3654,0.5797,-128.25,56.24,-71.78,-95.25,20.61,-49.33,21.84,0.009,92.43,36.40,SERVOING_MANUALLY_CONTROLLED
64.65,0.3368,0.3044,0.5535,0.5904,0.4271,0.3715,0.5753,-129.09,55.87,-71.38,-96.26,20.83,-47.85,21.86,0.009,92.42,36.40,SERVOING_MANUALLY_CONTROLLED
64.77,0.3369,0.3044,0.5535,0.5871,0.4321,0.3767,0.5715,-129.80,55.55,-71.04,-97.10,21.02,-46.59,21.89,0.009,92.42,36.40,SERVOING_MANUALLY_CONTROLLED
64.90,0.3369,0.3044,0.5535,0.5835,0.4379,0.3825,0.5670,-130.62,55.16,-70.63,-98.05,21.25,-45.16,21.94,0.009,92.42,36.40,SERVOING_MANUALLY_CONTROLLED
65.02,0.3369,0.3043,0.5535,0.5799,0.4440,0.3882,0.5620,-131.46,54.70,-70.22,-98.98,21.47,-43.75,22.03,0.009,92.41,36.39,SERVOING_MANUALLY_CONTROLLED
65.15,0.3370,0.3043,0.5535,0.5765,0.4502,0.3937,0.5567,-132.30,54.20,-69.80,-99.88,21.68,-42.37,22.16,0.009,92.41,36.39,SERVOING_MANUALLY_CONTROLLED
65.27,0.3369,0.3043,0.5535,0.5731,0.4564,0.3991,0.5514,-133.14,53.68,-69.38,-100.75,21.90,-41.02,22.32,0.009,92.40,36.39,SERVOING_MANUALLY_CONTROLLED
65.38,0.3370,0.3043,0.5535,0.5696,0.4625,0.4045,0.5459,-133.99,53.14,-68.94,-101.61,22.12,-39.68,22.49,0.009,92.40,36.39,SERVOING_MANUALLY_CONTROLLED
65.50,0.3370,0.3043,0.5535,0.5667,0.4676,0.4089,0.5413,-134.69,52.68,-68.56,-102.30,22.30,-38.56,22.63,0.009,92.41,36.39,SERVOING_MANUALLY_CONTROLLED
65.62,0.3370,0.3042,0.5535,0.5634,0.4734,0.4139,0.5359,-135.51,52.15,-68.12,-103.11,22.53,-37.28,22.82,0.009,92.39,36.38,SERVOING_MANUALLY_CONTROLLED
65.75,0.3370,0.3042,0.5535,0.5600,0.4794,0.4189,0.5301,-136.36,51.55,-67.65,-103.90,22.75,-36.00,23.04,0.009,92.39,36.38,SERVOING_MANUALLY_CONTROLLED
65.87,0.3370,0.3042,0.5535,0.5572,0.4856,0.4233,0.5240,-137.21,50.86,-67.21,-104.58,22.96,-34.89,23.33,0.009,92.38,36.38,SERVOING_MANUALLY_CONTROLLED
66.00,0.3371,0.3042,0.5535,0.5546,0.4920,0.4271,0.5176,-138.06,50.10,-66.79,-105.17,23.15,-33.91,23.68,0.009,92.39,36.38,SERVOING_MANUALLY_CONTROLLED
66.10,0.3371,0.3041,0.5535,0.5524,0.4981,0.4307,0.5111,-138.93,49.31,-66.37,-105.71,23.33,-33.00,24.05,0.009,92.38,36.37,SERVOING_MANUALLY_CONTROLLED
66.22,0.3371,0.3041,0.5535,0.5506,0.5033,0.4335,0.5056,-139.66,48.63,-66.01,-106.14,23.48,-32.30,24.37,0.009,92.38,36.37,SERVOING_MANUALLY_CONTROLLED
66.35,0.3371,0.3041,0.5535,0.5486,0.5094,0.4365,0.4991,-140.52,47.79,-65.59,-106.59,23.66,-31.54,24.79,0.009,92.37,36.37,SERVOING_MANUALLY_CONTROLLED
66.47,0.3372,0.3040,0.5536,0.5467,0.5156,0.4394,0.4922,-141.43,46.90,-65.14,-107.02,23.84,-30.81,25.23,0.009,92.36,36.36,SERVOING_MANUALLY_CONTROLLED
66.60,0.3371,0.3040,0.5536,0.5447,0.5217,0.4422,0.4853,-142.37,46.00,-64.67,-107.43,24.01,-30.11,25.69,0.009,92.36,36.37,SERVOING_MANUALLY_CONTROLLED
66.72,0.3372,0.3040,0.5536,0.5427,0.5278,0.4450,0.4784,-143.32,45.10,-64.18,-107.82,24.20,-29.43,26.15,0.009,92.36,36.36,SERVOING_MANUALLY_CONTROLLED
66.83,0.3372,0.3040,0.5536,0.5414,0.5312,0.4465,0.4747,-143.82,44.62,-63.92,-108.02,24.30,-29.07,26.42,0.009,92.37,36.36,SERVOING_MANUALLY_CONTROLLED
66.95,0.3372,0.3041,0.5537,0.5411,0.5317,0.4467,0.4742,-143.89,44.56,-63.88,-108.05,24.31,-29.01,26.46,0.009,92.37,36.36,SERVOING_MANUALLY_CONTROLLED
67.07,0.3372,0.3041,0.5537,0.5411,0.5317,0.4468,0.4742,-143.90,44.55,-63.88,-108.05,24.31,-29.01,26.46,0.009,92.37,36.36,SERVOING_MANUALLY_CONTROLLED
67.20,0.3372,0.3041,0.5537,0.5411,0.5317,0.4468,0.4742,-143.90,44.55,-63.88,-108.05,24.31,-29.01,26.46,0.009,92.37,36.36,SERVOING_MANUALLY_CONTROLLED
67.41,0.3372,0.3041,0.5537,0.5411,0.5317,0.4468,0.4742,-143.89,44.55,-63.88,-108.05,24.31,-29.01,26.46,0.009,92.37,36.36,SERVOING_MANUALLY_CONTROLLED
67.58,0.3377,0.3040,0.5537,0.5412,0.5316,0.4467,0.4744,-143.80,44.54,-63.91,-108.05,24.32,-28.95,26.46,0.009,92.37,36.31,SERVOING_MANUALLY_CONTROLLED
67.70,0.3468,0.2998,0.5534,0.5416,0.5316,0.4463,0.4742,-142.71,43.89,-63.95,-108.38,24.67,-27.56,26.58,0.009,91.91,35.35,SERVOING_MANUALLY_CONTROLLED
67.82,0.3574,0.2963,0.5535,0.5417,0.5315,0.4463,0.4743,-141.23,43.22,-64.25,-108.52,25.00,-26.07,26.68,0.009,91.59,34.25,SERVOING_MANUALLY_CONTROLLED
67.95,0.3695,0.2970,0.5534,0.5415,0.5317,0.4463,0.4744,-139.03,42.59,-65.37,-108.00,25.14,-24.84,26.64,0.009,92.00,33.06,SERVOING_MANUALLY_CONTROLLED
68.05,0.3772,0.3017,0.5535,0.5412,0.5318,0.4464,0.4744,-137.23,42.38,-66.73,-107.08,25.00,-24.52,26.49,0.009,93.01,32.37,SERVOING_MANUALLY_CONTROLLED
68.17,0.3786,0.3033,0.5535,0.5411,0.5318,0.4465,0.4743,-136.84,42.37,-67.09,-106.82,24.94,-24.53,26.44,0.009,93.34,32.26,SERVOING_MANUALLY_CONTROLLED
68.30,0.3788,0.3035,0.5536,0.5411,0.5318,0.4466,0.4743,-136.78,42.36,-67.14,-106.77,24.92,-24.55,26.43,0.009,93.39,32.24,SERVOING_MANUALLY_CONTROLLED
68.42,0.3788,0.3036,0.5536,0.5411,0.5318,0.4466,0.4743,-136.78,42.36,-67.14,-106.77,24.92,-24.55,26.43,0.009,93.39,32.25,SERVOING_MANUALLY_CONTROLLED
68.55,0.3788,0.3036,0.5536,0.5411,0.5318,0.4466,0.4743,-136.79,42.37,-67.14,-106.77,24.92,-24.55,26.43,0.009,93.40,32.25,SERVOING_MANUALLY_CONTROLLED
68.67,0.3787,0.3036,0.5536,0.5411,0.5318,0.4466,0.4743,-136.80,42.37,-67.13,-106.77,24.92,-24.55,26.43,0.009,93.40,32.25,SERVOING_MANUALLY_CONTROLLED
68.78,0.3814,0.3042,0.5535,0.5411,0.5318,0.4464,0.4744,-136.24,42.27,-67.48,-106.57,24.92,-24.37,26.41,0.009,93.57,32.00,SERVOING_MANUALLY_CONTROLLED
68.90,0.3890,0.3070,0.5535,0.5411,0.5318,0.4463,0.4745,-134.55,42.02,-68.63,-105.82,24.84,-23.97,26.34,0.009,94.32,31.30,SERVOING_MANUALLY_CONTROLLED
69.02,0.3998,0.3113,0.5534,0.5411,0.5319,0.4463,0.4745,-132.15,41.71,-70.32,-104.69,24.70,-23.46,26.23,0.009,95.51,30.33,SERVOING_MANUALLY_CONTROLLED
69.15,0.4111,0.3163,0.5534,0.5411,0.5319,0.4463,0.4745,-129.59,41.46,-72.17,-103.38,24.50,-23.06,26.14,0.009,96.91,29.33,SERVOING_MANUALLY_CONTROLLED
69.27,0.4186,0.3174,0.5533,0.5414,0.5318,0.4463,0.4743,-128.11,41.21,-73.07,-102.82,24.44,-22.58,26.15,0.009,97.46,28.63,SERVOING_MANUALLY_CONTROLLED
69.38,0.4195,0.3082,0.5532,0.5415,0.5317,0.4462,0.4742,-128.76,40.76,-71.89,-104.08,24.90,-21.47,26.42,0.009,95.70,28.34,SERVOING_MANUALLY_CONTROLLED
69.50,0.4193,0.3024,0.5533,0.5414,0.5317,0.4463,0.4743,-129.31,40.51,-71.04,-104.89,25.20,-20.81,26.60,0.009,94.54,28.24,SERVOING_MANUALLY_CONTROLLED
69.62,0.4191,0.3009,0.5534,0.5412,0.5318,0.4464,0.4743,-129.47,40.45,-70.81,-105.10,25.28,-20.63,26.65,0.009,94.24,28.23,SERVOING_MANUALLY_CONTROLLED
69.75,0.4191,0.3009,0.5534,0.5412,0.5318,0.4465,0.4743,-129.49,40.45,-70.79,-105.12,25.28,-20.62,26.66,0.009,94.23,28.24,SERVOING_MANUALLY_CONTROLLED
69.87,0.4190,0.3009,0.5534,0.5411,0.5319,0.4465,0.4743,-129.49,40.45,-70.79,-105.12,25.28,-20.62,26.66,0.009,94.23,28.24,SERVOING_MANUALLY_CONTROLLED
70.00,0.4190,0.3009,0.5534,0.5411,0.5319,0.4465,0.4743,-129.49,40.45,-70.79,-105.12,25.28,-20.62,26.66,0.009,94.23,28.24,SERVOING_MANUALLY_CONTROLLED
70.10,0.4190,0.3009,0.5534,0.5411,0.5319,0.4465,0.4743,-129.49,40.45,-70.79,-105.12,25.28,-20.62,26.66,0.009,94.23,28.24,SERVOING_MANUALLY_CONTROLLED
70.22,0.4190,0.3009,0.5534,0.5411,0.5319,0.4465,0.4743,-129.49,40.45,-70.79,-105.12,25.28,-20.62,26.66,0.009,94.24,28.24,SERVOING_MANUALLY_CONTROLLED
70.35,0.4190,0.3009,0.5534,0.5411,0.5319,0.4465,0.4743,-129.49,40.45,-70.79,-105.11,25.28,-20.62,26.66,0.009,94.24,28.24,SERVOING_MANUALLY_CONTROLLED
70.47,0.4191,0.3009,0.5534,0.5411,0.5319,0.4465,0.4743,-129.49,40.45,-70.79,-105.11,25.28,-20.62,26.66,0.009,94.24,28.24,SERVOING_MANUALLY_CONTROLLED
70.60,0.4191,0.3009,0.5534,0.5411,0.5319,0.4465,0.4743,-129.49,40.45,-70.79,-105.11,25.28,-20.62,26.66,0.009,94.24,28.24,SERVOING_MANUALLY_CONTROLLED
70.72,0.4190,0.3010,0.5534,0.5411,0.5319,0.4465,0.4743,-129.49,40.45,-70.79,-105.11,25.28,-20.62,26.66,0.009,94.24,28.24,SERVOING_MANUALLY_CONTROLLED
70.83,0.4191,0.3009,0.5534,0.5411,0.5319,0.4465,0.4743,-129.49,40.45,-70.79,-105.11,25.28,-20.62,26.66,0.009,94.24,28.24,SERVOING_MANUALLY_CONTROLLED
70.95,0.4191,0.3009,0.5534,0.5411,0.5319,0.4465,0.4743,-129.49,40.45,-70.79,-105.11,25.28,-20.62,26.66,0.009,94.24,28.24,SERVOING_MANUALLY_CONTROLLED
71.07,0.4191,0.3009,0.5534,0.5411,0.5319,0.4465,0.4743,-129.49,40.45,-70.79,-105.11,25.28,-20.62,26.66,0.009,94.24,28.24,SERVOING_MANUALLY_CONTROLLED
71.20,0.4191,0.3010,0.5534,0.5411,0.5319,0.4465,0.4743,-129.49,40.45,-70.80,-105.11,25.28,-20.62,26.66,0.009,94.24,28.24,SERVOING_MANUALLY_CONTROLLED
71.32,0.4191,0.3009,0.5534,0.5411,0.5319,0.4465,0.4743,-129.49,40.45,-70.79,-105.11,25.28,-20.62,26.66,0.009,94.24,28.24,SERVOING_MANUALLY_CONTROLLED
71.45,0.4191,0.3009,0.5534,0.5411,0.5319,0.4465,0.4743,-129.49,40.45,-70.79,-105.11,25.28,-20.62,26.66,0.009,94.24,28.24,SERVOING_MANUALLY_CONTROLLED
71.55,0.4191,0.3010,0.5534,0.5411,0.5319,0.4465,0.4743,-129.49,40.45,-70.80,-105.11,25.28,-20.62,26.66,0.009,94.24,28.24,SERVOING_MANUALLY_CONTROLLED
71.67,0.4191,0.3010,0.5534,0.5411,0.5319,0.4465,0.4743,-129.49,40.45,-70.79,-105.11,25.28,-20.62,26.66,0.009,94.24,28.24,SERVOING_MANUALLY_CONTROLLED
71.80,0.4191,0.3009,0.5534,0.5411,0.5319,0.4465,0.4743,-129.49,40.45,-70.79,-105.11,25.28,-20.62,26.66,0.009,94.24,28.24,SERVOING_MANUALLY_CONTROLLED
71.92,0.4191,0.3010,0.5534,0.5411,0.5319,0.4465,0.4743,-129.49,40.45,-70.79,-105.11,25.28,-20.62,26.66,0.009,94.24,28.24,SERVOING_MANUALLY_CONTROLLED
72.05,0.4191,0.3010,0.5534,0.5411,0.5319,0.4465,0.4743,-129.49,40.45,-70.80,-105.11,25.28,-20.62,26.66,0.009,94.24,28.24,SERVOING_MANUALLY_CONTROLLED
72.17,0.4191,0.3009,0.5534,0.5411,0.5319,0.4465,0.4743,-129.49,40.45,-70.79,-105.11,25.28,-20.62,26.66,0.009,94.24,28.24,SERVOING_MANUALLY_CONTROLLED
72.28,0.4191,0.3009,0.5534,0.5411,0.5319,0.4465,0.4743,-129.49,40.45,-70.79,-105.11,25.28,-20.62,26.66,0.009,94.24,28.24,SERVOING_MANUALLY_CONTROLLED
72.40,0.4191,0.3010,0.5534,0.5411,0.5319,0.4465,0.4743,-129.49,40.45,-70.79,-105.11,25.28,-20.62,26.66,0.009,94.24,28.24,SERVOING_MANUALLY_CONTROLLED
72.52,0.4191,0.3010,0.5534,0.5411,0.5319,0.4465,0.4743,-129.49,40.45,-70.79,-105.11,25.28,-20.62,26.66,0.009,94.24,28.24,SERVOING_MANUALLY_CONTROLLED
72.65,0.4191,0.3009,0.5534,0.5411,0.5319,0.4465,0.4743,-129.49,40.45,-70.79,-105.11,25.28,-20.62,26.66,0.009,94.24,28.24,SERVOING_MANUALLY_CONTROLLED
72.77,0.4191,0.3009,0.5534,0.5411,0.5319,0.4465,0.4743,-129.49,40.45,-70.79,-105.11,25.28,-20.62,26.66,0.009,94.24,28.24,SERVOING_MANUALLY_CONTROLLED
72.88,0.4191,0.3010,0.5534,0.5411,0.5319,0.4465,0.4743,-129.49,40.45,-70.79,-105.11,25.28,-20.62,26.66,0.009,94.24,28.24,SERVOING_MANUALLY_CONTROLLED
73.00,0.4191,0.3010,0.5534,0.5411,0.5319,0.4465,0.4743,-129.49,40.45,-70.79,-105.11,25.28,-20.62,26.66,0.009,94.24,28.24,SERVOING_MANUALLY_CONTROLLED
73.12,0.4191,0.3009,0.5534,0.5411,0.5319,0.4465,0.4743,-129.49,40.45,-70.79,-105.11,25.28,-20.62,26.66,0.009,94.24,28.24,SERVOING_MANUALLY_CONTROLLED
73.25,0.4191,0.3010,0.5534,0.5411,0.5319,0.4465,0.4743,-129.49,40.45,-70.79,-105.11,25.28,-20.62,26.66,0.009,94.24,28.24,SERVOING_MANUALLY_CONTROLLED
73.37,0.4191,0.3010,0.5534,0.5411,0.5319,0.4465,0.4743,-129.49,40.45,-70.79,-105.11,25.28,-20.62,26.66,0.009,94.24,28.24,SERVOING_MANUALLY_CONTROLLED
73.50,0.4191,0.3010,0.5534,0.5411,0.5319,0.4465,0.4743,-129.49,40.45,-70.79,-105.11,25.28,-20.62,26.66,0.009,94.24,28.24,SERVOING_MANUALLY_CONTROLLED
73.60,0.4191,0.3010,0.5534,0.5411,0.5319,0.4465,0.4743,-129.49,40.45,-70.79,-105.11,25.28,-20.62,26.66,0.009,94.24,28.24,SERVOING_MANUALLY_CONTROLLED
73.72,0.4191,0.3010,0.5534,0.5411,0.5319,0.4465,0.4743,-129.49,40.45,-70.79,-105.11,25.28,-20.62,26.66,0.009,94.24,28.24,SERVOING_MANUALLY_CONTROLLED
73.85,0.4191,0.3010,0.5534,0.5411,0.5319,0.4465,0.4743,-129.49,40.45,-70.79,-105.11,25.28,-20.62,26.66,0.009,94.24,28.24,SERVOING_MANUALLY_CONTROLLED
73.97,0.4191,0.3010,0.5534,0.5411,0.5319,0.4465,0.4743,-129.49,40.45,-70.79,-105.11,25.28,-20.62,26.66,0.009,94.24,28.24,SERVOING_MANUALLY_CONTROLLED
74.10,0.4191,0.3010,0.5534,0.5411,0.5319,0.4465,0.4743,-129.49,40.45,-70.79,-105.11,25.28,-20.62,26.66,0.009,94.24,28.24,SERVOING_MANUALLY_CONTROLLED
74.22,0.4191,0.3010,0.5534,0.5411,0.5319,0.4465,0.4743,-129.49,40.45,-70.79,-105.11,25.28,-20.62,26.66,0.009,94.24,28.24,SERVOING_MANUALLY_CONTROLLED
74.33,0.4191,0.3010,0.5534,0.5411,0.5319,0.4465,0.4743,-129.49,40.45,-70.79,-105.11,25.28,-20.62,26.66,0.009,94.24,28.24,SERVOING_MANUALLY_CONTROLLED
74.45,0.4191,0.3010,0.5534,0.5411,0.5319,0.4465,0.4743,-129.49,40.45,-70.79,-105.11,25.28,-20.62,26.66,0.009,94.24,28.24,SERVOING_MANUALLY_CONTROLLED
74.57,0.4191,0.3010,0.5534,0.5411,0.5319,0.4465,0.4743,-129.49,40.45,-70.79,-105.11,25.28,-20.62,26.66,0.009,94.24,28.24,SERVOING_MANUALLY_CONTROLLED
74.70,0.4191,0.3010,0.5534,0.5411,0.5319,0.4465,0.4743,-129.49,40.45,-70.79,-105.11,25.28,-20.62,26.66,0.009,94.24,28.24,SERVOING_MANUALLY_CONTROLLED
74.82,0.4191,0.3010,0.5534,0.5411,0.5319,0.4465,0.4743,-129.49,40.45,-70.79,-105.11,25.28,-20.62,26.66,0.009,94.24,28.24,SERVOING_MANUALLY_CONTROLLED
74.95,0.4191,0.3010,0.5534,0.5411,0.5319,0.4465,0.4743,-129.49,40.45,-70.79,-105.11,25.28,-20.62,26.66,0.009,94.24,28.24,SERVOING_MANUALLY_CONTROLLED
75.05,0.4191,0.3010,0.5534,0.5411,0.5319,0.4465,0.4743,-129.49,40.45,-70.79,-105.11,25.28,-20.62,26.66,0.009,94.24,28.24,SERVOING_MANUALLY_CONTROLLED
75.17,0.4191,0.3010,0.5534,0.5411,0.5319,0.4465,0.4743,-129.49,40.45,-70.79,-105.11,25.28,-20.62,26.66,0.009,94.24,28.24,SERVOING_MANUALLY_CONTROLLED
75.30,0.4191,0.3010,0.5534,0.5411,0.5319,0.4465,0.4743,-129.49,40.45,-70.79,-105.11,25.28,-20.62,26.66,0.009,94.24,28.24,SERVOING_MANUALLY_CONTROLLED
75.42,0.4191,0.3010,0.5534,0.5411,0.5319,0.4465,0.4743,-129.49,40.45,-70.79,-105.11,25.28,-20.62,26.66,0.009,94.24,28.24,SERVOING_MANUALLY_CONTROLLED
75.55,0.4191,0.3010,0.5534,0.5411,0.5319,0.4465,0.4743,-129.49,40.45,-70.79,-105.11,25.28,-20.62,26.66,0.009,94.24,28.24,SERVOING_MANUALLY_CONTROLLED
75.67,0.4191,0.3010,0.5534,0.5411,0.5319,0.4465,0.4743,-129.49,40.45,-70.79,-105.11,25.28,-20.62,26.66,0.009,94.24,28.24,SERVOING_MANUALLY_CONTROLLED
75.78,0.4191,0.3010,0.5534,0.5411,0.5319,0.4465,0.4743,-129.49,40.45,-70.79,-105.11,25.28,-20.62,26.66,0.009,94.24,28.24,SERVOING_MANUALLY_CONTROLLED
75.90,0.4191,0.3010,0.5534,0.5411,0.5319,0.4465,0.4743,-129.49,40.45,-70.79,-105.11,25.28,-20.62,26.66,0.009,94.24,28.24,SERVOING_MANUALLY_CONTROLLED
76.02,0.4191,0.3010,0.5534,0.5411,0.5319,0.4465,0.4743,-129.49,40.45,-70.79,-105.11,25.28,-20.62,26.66,0.009,94.24,28.24,SERVOING_MANUALLY_CONTROLLED
76.15,0.4191,0.3010,0.5534,0.5411,0.5319,0.4465,0.4743,-129.49,40.45,-70.79,-105.11,25.28,-20.62,26.66,0.009,94.24,28.24,SERVOING_MANUALLY_CONTROLLED
76.27,0.4191,0.3010,0.5534,0.5411,0.5319,0.4465,0.4743,-129.49,40.45,-70.79,-105.11,25.28,-20.62,26.66,0.009,94.24,28.24,SERVOING_MANUALLY_CONTROLLED
76.38,0.4191,0.3010,0.5534,0.5411,0.5319,0.4465,0.4743,-129.49,40.45,-70.79,-105.11,25.28,-20.62,26.66,0.009,94.24,28.24,SERVOING_MANUALLY_CONTROLLED
76.50,0.4191,0.3010,0.5534,0.5411,0.5319,0.4465,0.4743,-129.49,40.45,-70.79,-105.11,25.28,-20.62,26.66,0.009,94.24,28.24,SERVOING_MANUALLY_CONTROLLED
76.62,0.4191,0.3010,0.5534,0.5411,0.5319,0.4465,0.4743,-129.49,40.45,-70.79,-105.11,25.28,-20.62,26.66,0.009,94.24,28.24,SERVOING_MANUALLY_CONTROLLED
76.75,0.4191,0.3010,0.5534,0.5411,0.5319,0.4465,0.4743,-129.49,40.45,-70.79,-105.11,25.28,-20.62,26.66,0.009,94.24,28.24,SERVOING_MANUALLY_CONTROLLED
76.87,0.4191,0.3010,0.5534,0.5411,0.5319,0.4465,0.4743,-129.49,40.45,-70.79,-105.11,25.28,-20.62,26.66,0.009,94.24,28.24,SERVOING_READY
77.00,0.4191,0.3010,0.5534,0.5411,0.5319,0.4465,0.4743,-129.49,40.45,-70.79,-105.11,25.28,-20.62,26.66,0.009,94.24,28.24,SERVOING_READY
77.10,0.4191,0.3010,0.5534,0.5411,0.5319,0.4465,0.4743,-129.49,40.45,-70.79,-105.11,25.28,-20.62,26.66,0.009,94.24,28.24,SERVOING_READY
77.22,0.4191,0.3010,0.5534,0.5411,0.5319,0.4465,0.4743,-129.49,40.45,-70.79,-105.11,25.28,-20.62,26.66,0.009,94.24,28.24,SERVOING_READY
77.35,0.4191,0.3010,0.5534,0.5411,0.5319,0.4465,0.4743,-129.49,40.45,-70.79,-105.11,25.28,-20.62,26.66,0.009,94.24,28.24,SERVOING_READY
77.47,0.4191,0.3010,0.5534,0.5411,0.5319,0.4465,0.4743,-129.49,40.45,-70.79,-105.11,25.28,-20.62,26.66,0.009,94.24,28.24,SERVOING_READY
77.60,0.4191,0.3010,0.5534,0.5411,0.5319,0.4465,0.4743,-129.49,40.45,-70.79,-105.11,25.28,-20.62,26.66,0.009,94.24,28.24,SERVOING_READY
77.72,0.4191,0.3010,0.5534,0.5411,0.5319,0.4465,0.4743,-129.49,40.45,-70.79,-105.11,25.28,-20.62,26.66,0.009,94.24,28.24,SERVOING_READY
77.83,0.4191,0.3010,0.5534,0.5411,0.5319,0.4465,0.4743,-129.49,40.45,-70.79,-105.11,25.28,-20.62,26.66,0.009,94.24,28.24,SERVOING_READY
77.95,0.4191,0.3010,0.5534,0.5411,0.5319,0.4465,0.4743,-129.49,40.45,-70.79,-105.11,25.28,-20.62,26.66,0.009,94.24,28.24,SERVOING_READY
78.07,0.4191,0.3010,0.5534,0.5411,0.5319,0.4465,0.4743,-129.49,40.45,-70.79,-105.11,25.28,-20.62,26.66,0.009,94.24,28.24,SERVOING_READY
78.20,0.4191,0.3010,0.5534,0.5411,0.5319,0.4465,0.4743,-129.49,40.45,-70.79,-105.11,25.28,-20.62,26.66,0.009,94.24,28.24,SERVOING_READY
78.32,0.4191,0.3010,0.5534,0.5411,0.5319,0.4465,0.4743,-129.49,40.45,-70.79,-105.11,25.28,-20.62,26.66,0.009,94.24,28.24,SERVOING_READY
78.45,0.4191,0.3010,0.5534,0.5411,0.5319,0.4465,0.4743,-129.49,40.45,-70.79,-105.11,25.28,-20.62,26.66,0.009,94.24,28.24,SERVOING_READY
78.55,0.4191,0.3010,0.5534,0.5411,0.5319,0.4465,0.4743,-129.49,40.45,-70.79,-105.11,25.28,-20.62,26.66,0.009,94.24,28.24,SERVOING_READY
78.67,0.4191,0.3010,0.5534,0.5411,0.5319,0.4465,0.4743,-129.49,40.45,-70.79,-105.11,25.28,-20.62,26.66,0.009,94.24,28.24,SERVOING_READY
78.80,0.4191,0.3010,0.5534,0.5411,0.5319,0.4465,0.4743,-129.49,40.45,-70.79,-105.11,25.28,-20.62,26.66,0.009,94.24,28.24,SERVOING_READY
78.92,0.4191,0.3010,0.5534,0.5411,0.5319,0.4465,0.4743,-129.49,40.45,-70.79,-105.11,25.28,-20.62,26.66,0.009,94.24,28.24,SERVOING_READY
79.05,0.4191,0.3010,0.5534,0.5411,0.5319,0.4465,0.4743,-129.49,40.45,-70.79,-105.11,25.28,-20.62,26.66,0.009,94.24,28.24,SERVOING_READY
79.17,0.4191,0.3010,0.5534,0.5411,0.5319,0.4465,0.4743,-129.49,40.45,-70.79,-105.11,25.28,-20.62,26.66,0.009,94.24,28.24,SERVOING_READY
79.28,0.4191,0.3010,0.5534,0.5411,0.5319,0.4465,0.4743,-129.49,40.45,-70.79,-105.11,25.28,-20.62,26.66,0.009,94.24,28.24,SERVOING_READY
79.40,0.4191,0.3010,0.5534,0.5411,0.5319,0.4465,0.4743,-129.49,40.45,-70.79,-105.11,25.28,-20.62,26.66,0.009,94.24,28.24,SERVOING_READY
79.52,0.4191,0.3010,0.5534,0.5411,0.5319,0.4465,0.4743,-129.49,40.45,-70.79,-105.11,25.28,-20.62,26.66,0.009,94.24,28.24,SERVOING_READY
79.65,0.4191,0.3010,0.5534,0.5411,0.5319,0.4465,0.4743,-129.49,40.45,-70.79,-105.11,25.28,-20.62,26.66,0.009,94.24,28.24,SERVOING_READY
79.77,0.4191,0.3010,0.5534,0.5411,0.5319,0.4465,0.4743,-129.49,40.45,-70.79,-105.11,25.28,-20.62,26.66,0.009,94.24,28.24,SERVOING_READY
79.88,0.4191,0.3010,0.5534,0.5411,0.5319,0.4465,0.4743,-129.49,40.45,-70.79,-105.11,25.28,-20.62,26.66,0.009,94.24,28.24,SERVOING_READY
80.00,0.4191,0.3010,0.5534,0.5411,0.5319,0.4465,0.4743,-129.49,40.45,-70.79,-105.11,25.28,-20.62,26.66,0.009,94.24,28.24,SERVOING_READY
80.12,0.4191,0.3010,0.5534,0.5411,0.5319,0.4465,0.4743,-129.49,40.45,-70.79,-105.11,25.28,-20.62,26.66,0.009,94.24,28.24,SERVOING_READY
80.25,0.4191,0.3010,0.5534,0.5411,0.5319,0.4465,0.4743,-129.49,40.45,-70.79,-105.11,25.28,-20.62,26.66,0.009,94.24,28.24,SERVOING_READY
80.37,0.4191,0.3010,0.5534,0.5411,0.5319,0.4465,0.4743,-129.49,40.45,-70.79,-105.11,25.28,-20.62,26.66,0.009,94.24,28.24,SERVOING_READY
80.50,0.4191,0.3010,0.5534,0.5411,0.5319,0.4465,0.4743,-129.49,40.45,-70.79,-105.11,25.28,-20.62,26.66,0.009,94.24,28.24,SERVOING_READY
80.60,0.4191,0.3010,0.5534,0.5411,0.5319,0.4465,0.4743,-129.49,40.45,-70.79,-105.11,25.28,-20.62,26.66,0.009,94.24,28.24,SERVOING_READY
80.72,0.4191,0.3010,0.5534,0.5411,0.5319,0.4465,0.4743,-129.49,40.45,-70.79,-105.11,25.28,-20.62,26.66,0.009,94.24,28.24,SERVOING_READY
80.85,0.4191,0.3010,0.5534,0.5411,0.5319,0.4465,0.4743,-129.49,40.45,-70.79,-105.11,25.28,-20.62,26.66,0.009,94.24,28.24,SERVOING_READY
80.97,0.4191,0.3010,0.5534,0.5411,0.5319,0.4465,0.4743,-129.49,40.45,-70.79,-105.11,25.28,-20.62,26.66,0.009,94.24,28.24,SERVOING_READY
81.10,0.4191,0.3010,0.5534,0.5411,0.5319,0.4465,0.4743,-129.49,40.45,-70.79,-105.11,25.28,-20.62,26.66,0.009,94.24,28.24,SERVOING_READY
81.22,0.4191,0.3010,0.5534,0.5411,0.5319,0.4465,0.4743,-129.49,40.45,-70.79,-105.11,25.28,-20.62,26.66,0.009,94.24,28.24,SERVOING_READY
81.33,0.4191,0.3010,0.5534,0.5411,0.5319,0.4465,0.4743,-129.49,40.45,-70.79,-105.11,25.28,-20.62,26.66,0.009,94.24,28.24,SERVOING_READY
81.45,0.4191,0.3010,0.5534,0.5411,0.5319,0.4465,0.4743,-129.49,40.45,-70.79,-105.11,25.28,-20.62,26.66,0.009,94.24,28.24,SERVOING_READY
81.57,0.4191,0.3010,0.5534,0.5411,0.5319,0.4465,0.4743,-129.49,40.45,-70.79,-105.11,25.28,-20.62,26.66,0.009,94.24,28.24,SERVOING_READY
81.70,0.4191,0.3010,0.5534,0.5411,0.5319,0.4465,0.4743,-129.49,40.45,-70.79,-105.11,25.28,-20.62,26.66,0.009,94.24,28.24,SERVOING_READY
81.82,0.4191,0.3010,0.5534,0.5411,0.5319,0.4465,0.4743,-129.49,40.45,-70.79,-105.11,25.28,-20.62,26.66,0.009,94.24,28.24,SERVOING_READY
81.95,0.4191,0.3010,0.5534,0.5411,0.5319,0.4465,0.4743,-129.49,40.45,-70.79,-105.11,25.28,-20.62,26.66,0.009,94.24,28.24,SERVOING_READY
82.05,0.4191,0.3010,0.5534,0.5411,0.5319,0.4465,0.4743,-129.49,40.45,-70.79,-105.11,25.28,-20.62,26.66,0.009,94.24,28.24,SERVOING_READY
82.17,0.4191,0.3010,0.5534,0.5411,0.5319,0.4465,0.4743,-129.49,40.45,-70.79,-105.11,25.28,-20.62,26.66,0.009,94.24,28.24,SERVOING_READY
82.30,0.4191,0.3010,0.5534,0.5411,0.5319,0.4465,0.4743,-129.49,40.45,-70.79,-105.11,25.28,-20.62,26.66,0.009,94.24,28.24,SERVOING_READY
82.42,0.4191,0.3010,0.5534,0.5411,0.5319,0.4465,0.4743,-129.49,40.45,-70.79,-105.11,25.28,-20.62,26.66,0.009,94.24,28.24,SERVOING_READY
82.55,0.4191,0.3010,0.5534,0.5411,0.5319,0.4465,0.4743,-129.49,40.45,-70.79,-105.11,25.28,-20.62,26.66,0.009,94.24,28.24,SERVOING_READY
82.67,0.4191,0.3010,0.5534,0.5411,0.5319,0.4465,0.4743,-129.49,40.45,-70.79,-105.11,25.28,-20.62,26.66,0.009,94.24,28.24,SERVOING_READY
82.78,0.4191,0.3010,0.5534,0.5411,0.5319,0.4465,0.4743,-129.49,40.45,-70.79,-105.11,25.28,-20.62,26.66,0.009,94.24,28.24,SERVOING_READY
82.90,0.4191,0.3010,0.5534,0.5411,0.5319,0.4465,0.4743,-129.49,40.45,-70.79,-105.11,25.28,-20.62,26.66,0.009,94.24,28.24,SERVOING_READY
83.02,0.4191,0.3010,0.5534,0.5411,0.5319,0.4465,0.4743,-129.49,40.45,-70.79,-105.11,25.28,-20.62,26.66,0.009,94.24,28.24,SERVOING_READY
83.15,0.4191,0.3010,0.5534,0.5411,0.5319,0.4465,0.4743,-129.49,40.45,-70.79,-105.11,25.28,-20.62,26.66,0.009,94.24,28.24,SERVOING_READY
83.27,0.4191,0.3010,0.5534,0.5411,0.5319,0.4465,0.4743,-129.49,40.45,-70.79,-105.11,25.28,-20.62,26.66,0.009,94.24,28.24,SERVOING_READY
83.38,0.4191,0.3010,0.5534,0.5411,0.5319,0.4465,0.4743,-129.49,40.45,-70.79,-105.11,25.28,-20.62,26.66,0.009,94.24,28.24,SERVOING_READY
83.50,0.4191,0.3010,0.5534,0.5411,0.5319,0.4465,0.4743,-129.49,40.45,-70.79,-105.11,25.28,-20.62,26.66,0.009,94.24,28.24,SERVOING_READY
83.62,0.4191,0.3010,0.5534,0.5411,0.5319,0.4465,0.4743,-129.49,40.45,-70.79,-105.11,25.28,-20.62,26.66,0.009,94.24,28.24,SERVOING_READY
83.75,0.4191,0.3010,0.5534,0.5411,0.5319,0.4465,0.4743,-129.49,40.45,-70.79,-105.11,25.28,-20.62,26.66,0.009,94.24,28.24,SERVOING_READY
83.87,0.4191,0.3010,0.5534,0.5411,0.5319,0.4465,0.4743,-129.49,40.45,-70.79,-105.11,25.28,-20.62,26.66,0.009,94.24,28.24,SERVOING_READY
84.00,0.4191,0.3010,0.5534,0.5411,0.5319,0.4465,0.4743,-129.49,40.45,-70.79,-105.11,25.28,-20.62,26.66,0.009,94.24,28.24,SERVOING_READY
84.10,0.4191,0.3010,0.5534,0.5411,0.5319,0.4465,0.4743,-129.49,40.45,-70.79,-105.11,25.28,-20.62,26.66,0.009,94.24,28.24,SERVOING_READY
84.22,0.4191,0.3010,0.5534,0.5411,0.5319,0.4465,0.4743,-129.49,40.45,-70.79,-105.11,25.28,-20.62,26.66,0.009,94.24,28.24,SERVOING_READY
84.35,0.4191,0.3010,0.5534,0.5411,0.5319,0.4465,0.4743,-129.49,40.45,-70.79,-105.11,25.28,-20.62,26.66,0.009,94.24,28.24,SERVOING_READY
84.47,0.4191,0.3010,0.5534,0.5411,0.5319,0.4465,0.4743,-129.49,40.45,-70.79,-105.11,25.28,-20.62,26.66,0.009,94.24,28.24,SERVOING_READY
84.60,0.4191,0.3010,0.5534,0.5411,0.5319,0.4465,0.4743,-129.49,40.45,-70.79,-105.11,25.28,-20.62,26.66,0.009,94.24,28.24,SERVOING_READY
84.72,0.4191,0.3010,0.5534,0.5411,0.5319,0.4465,0.4743,-129.49,40.45,-70.79,-105.11,25.28,-20.62,26.66,0.009,94.24,28.24,SERVOING_READY
84.83,0.4191,0.3010,0.5534,0.5411,0.5319,0.4465,0.4743,-129.49,40.45,-70.79,-105.11,25.28,-20.62,26.66,0.009,94.24,28.24,SERVOING_READY
84.95,0.4191,0.3010,0.5534,0.5411,0.5319,0.4465,0.4743,-129.49,40.45,-70.79,-105.11,25.28,-20.62,26.66,0.009,94.24,28.24,SERVOING_READY
85.07,0.4191,0.3010,0.5534,0.5411,0.5319,0.4465,0.4743,-129.49,40.45,-70.79,-105.11,25.28,-20.62,26.66,0.009,94.24,28.24,SERVOING_READY
85.20,0.4191,0.3010,0.5534,0.5411,0.5319,0.4465,0.4743,-129.49,40.45,-70.79,-105.11,25.28,-20.62,26.66,0.009,94.24,28.24,SERVOING_READY
85.32,0.4191,0.3010,0.5534,0.5411,0.5319,0.4465,0.4743,-129.49,40.45,-70.79,-105.11,25.28,-20.62,26.66,0.009,94.24,28.24,SERVOING_READY
85.45,0.4191,0.3010,0.5534,0.5411,0.5319,0.4465,0.4743,-129.49,40.45,-70.79,-105.11,25.28,-20.62,26.66,0.009,94.24,28.24,SERVOING_READY
85.55,0.4191,0.3010,0.5534,0.5411,0.5319,0.4465,0.4743,-129.49,40.45,-70.79,-105.11,25.28,-20.62,26.66,0.009,94.24,28.24,SERVOING_READY
85.67,0.4191,0.3010,0.5534,0.5411,0.5319,0.4465,0.4743,-129.49,40.45,-70.79,-105.11,25.28,-20.62,26.66,0.009,94.24,28.24,SERVOING_READY
85.80,0.4191,0.3010,0.5534,0.5411,0.5319,0.4465,0.4743,-129.49,40.45,-70.79,-105.11,25.28,-20.62,26.66,0.009,94.24,28.24,SERVOING_READY
85.92,0.4191,0.3010,0.5534,0.5411,0.5319,0.4465,0.4743,-129.49,40.45,-70.79,-105.11,25.28,-20.62,26.66,0.009,94.24,28.24,SERVOING_READY
86.05,0.4191,0.3010,0.5534,0.5411,0.5319,0.4465,0.4743,-129.49,40.45,-70.79,-105.11,25.28,-20.62,26.66,0.009,94.24,28.24,SERVOING_READY
86.17,0.4191,0.3010,0.5534,0.5411,0.5319,0.4465,0.4743,-129.49,40.45,-70.79,-105.11,25.28,-20.62,26.66,0.009,94.24,28.24,SERVOING_READY
86.30,0.4191,0.3010,0.5534,0.5411,0.5319,0.4465,0.4743,-129.49,40.45,-70.79,-105.11,25.28,-20.62,26.66,0.009,94.24,28.24,SERVOING_READY
86.43,0.4191,0.3010,0.5534,0.5411,0.5319,0.4465,0.4743,-129.49,40.45,-70.79,-105.11,25.28,-20.62,26.66,0.009,94.24,28.24,SERVOING_READY
86.55,0.4191,0.3010,0.5534,0.5411,0.5319,0.4465,0.4743,-129.49,40.45,-70.79,-105.11,25.28,-20.62,26.66,0.009,94.24,28.24,SERVOING_READY
86.67,0.4191,0.3010,0.5534,0.5411,0.5319,0.4465,0.4743,-129.49,40.45,-70.79,-105.11,25.28,-20.62,26.66,0.009,94.24,28.24,SERVOING_READY
86.80,0.4191,0.3010,0.5534,0.5411,0.5319,0.4465,0.4743,-129.49,40.45,-70.79,-105.11,25.28,-20.62,26.66,0.009,94.24,28.24,SERVOING_READY
86.92,0.4191,0.3009,0.5534,0.5411,0.5319,0.4465,0.4743,-129.49,40.45,-70.79,-105.11,25.28,-20.62,26.66,0.009,94.24,28.24,SERVOING_READY
87.05,0.4191,0.3010,0.5534,0.5411,0.5319,0.4465,0.4743,-129.49,40.45,-70.79,-105.11,25.28,-20.62,26.66,0.009,94.24,28.24,SERVOING_READY
87.15,0.4191,0.3010,0.5534,0.5411,0.5319,0.4465,0.4743,-129.49,40.45,-70.79,-105.11,25.28,-20.62,26.66,0.009,94.24,28.24,SERVOING_READY
87.27,0.4191,0.3010,0.5534,0.5411,0.5319,0.4465,0.4743,-129.49,40.45,-70.79,-105.11,25.28,-20.62,26.66,0.009,94.24,28.24,SERVOING_READY
87.40,0.4191,0.3010,0.5534,0.5411,0.5319,0.4465,0.4743,-129.49,40.45,-70.79,-105.11,25.28,-20.62,26.66,0.009,94.24,28.24,SERVOING_READY
87.52,0.4191,0.3010,0.5534,0.5411,0.5319,0.4465,0.4743,-129.49,40.45,-70.79,-105.11,25.28,-20.62,26.66,0.009,94.24,28.24,SERVOING_READY
87.65,0.4191,0.3010,0.5534,0.5411,0.5319,0.4465,0.4743,-129.49,40.45,-70.79,-105.11,25.28,-20.62,26.66,0.009,94.24,28.24,SERVOING_READY
87.75,0.4191,0.3010,0.5534,0.5411,0.5319,0.4465,0.4743,-129.49,40.45,-70.79,-105.11,25.28,-20.62,26.66,0.009,94.24,28.24,SERVOING_READY
87.87,0.4191,0.3010,0.5534,0.5411,0.5319,0.4465,0.4743,-129.49,40.45,-70.79,-105.11,25.28,-20.62,26.66,0.009,94.24,28.24,SERVOING_READY
88.00,0.4191,0.3010,0.5534,0.5411,0.5319,0.4465,0.4743,-129.49,40.45,-70.79,-105.11,25.28,-20.62,26.66,0.009,94.24,28.24,SERVOING_READY
88.12,0.4191,0.3010,0.5534,0.5411,0.5319,0.4465,0.4743,-129.49,40.45,-70.79,-105.11,25.28,-20.62,26.66,0.009,94.24,28.24,SERVOING_READY
88.25,0.4191,0.3010,0.5534,0.5411,0.5319,0.4465,0.4743,-129.49,40.45,-70.79,-105.11,25.28,-20.62,26.66,0.009,94.24,28.24,SERVOING_READY
88.37,0.4191,0.3010,0.5534,0.5411,0.5319,0.4465,0.4743,-129.49,40.45,-70.79,-105.11,25.28,-20.62,26.66,0.009,94.24,28.24,SERVOING_READY
88.48,0.4191,0.3010,0.5534,0.5411,0.5319,0.4465,0.4743,-129.49,40.45,-70.79,-105.11,25.28,-20.62,26.66,0.009,94.24,28.24,SERVOING_READY
88.60,0.4191,0.3010,0.5534,0.5411,0.5319,0.4465,0.4743,-129.49,40.45,-70.79,-105.11,25.28,-20.62,26.66,0.009,94.24,28.24,SERVOING_READY
88.72,0.4191,0.3010,0.5534,0.5411,0.5319,0.4465,0.4743,-129.49,40.45,-70.79,-105.11,25.28,-20.62,26.66,0.009,94.24,28.24,SERVOING_READY
88.85,0.4191,0.3010,0.5534,0.5411,0.5319,0.4465,0.4743,-129.49,40.45,-70.79,-105.11,25.28,-20.62,26.66,0.009,94.24,28.24,SERVOING_READY
88.97,0.4191,0.3010,0.5534,0.5411,0.5319,0.4465,0.4743,-129.49,40.45,-70.79,-105.11,25.28,-20.62,26.66,0.009,94.24,28.24,SERVOING_READY
89.10,0.4191,0.3010,0.5534,0.5411,0.5319,0.4465,0.4743,-129.49,40.45,-70.79,-105.11,25.28,-20.62,26.66,0.009,94.24,28.24,SERVOING_READY
89.20,0.4191,0.3010,0.5534,0.5411,0.5319,0.4465,0.4743,-129.49,40.45,-70.79,-105.11,25.28,-20.62,26.66,0.009,94.24,28.24,SERVOING_READY
89.32,0.4191,0.3010,0.5534,0.5411,0.5319,0.4465,0.4743,-129.49,40.45,-70.79,-105.11,25.28,-20.62,26.66,0.009,94.24,28.24,SERVOING_READY
89.45,0.4191,0.3010,0.5534,0.5411,0.5319,0.4465,0.4743,-129.49,40.45,-70.79,-105.11,25.28,-20.62,26.66,0.009,94.24,28.24,SERVOING_READY
89.57,0.4191,0.3010,0.5534,0.5411,0.5319,0.4465,0.4743,-129.49,40.45,-70.79,-105.11,25.28,-20.62,26.66,0.009,94.24,28.24,SERVOING_READY
89.70,0.4191,0.3010,0.5534,0.5411,0.5319,0.4465,0.4743,-129.49,40.45,-70.79,-105.11,25.28,-20.62,26.66,0.009,94.24,28.24,SERVOING_READY
89.82,0.4191,0.3010,0.5534,0.5411,0.5319,0.4465,0.4743,-129.49,40.45,-70.79,-105.11,25.28,-20.62,26.66,0.009,94.24,28.24,SERVOING_READY
89.93,0.4191,0.3010,0.5534,0.5411,0.5319,0.4465,0.4743,-129.49,40.45,-70.79,-105.11,25.28,-20.62,26.66,0.009,94.24,28.24,SERVOING_READY
90.05,0.4191,0.3010,0.5534,0.5411,0.5319,0.4465,0.4743,-129.49,40.45,-70.79,-105.11,25.28,-20.62,26.66,0.009,94.24,28.24,SERVOING_READY
90.17,0.4191,0.3010,0.5534,0.5411,0.5319,0.4465,0.4743,-129.49,40.45,-70.79,-105.11,25.28,-20.62,26.66,0.009,94.24,28.24,SERVOING_READY
90.30,0.4191,0.3010,0.5534,0.5411,0.5319,0.4465,0.4743,-129.49,40.45,-70.79,-105.11,25.28,-20.62,26.66,0.009,94.24,28.24,SERVOING_READY
90.42,0.4191,0.3010,0.5534,0.5411,0.5319,0.4465,0.4743,-129.49,40.45,-70.79,-105.11,25.28,-20.62,26.66,0.009,94.24,28.24,SERVOING_READY
90.55,0.4191,0.3010,0.5534,0.5411,0.5319,0.4465,0.4743,-129.49,40.45,-70.79,-105.11,25.28,-20.62,26.66,0.009,94.24,28.24,SERVOING_READY
90.65,0.4191,0.3010,0.5534,0.5411,0.5319,0.4465,0.4743,-129.49,40.45,-70.79,-105.11,25.28,-20.62,26.66,0.009,94.24,28.24,SERVOING_READY
90.77,0.4191,0.3010,0.5534,0.5411,0.5319,0.4465,0.4743,-129.49,40.45,-70.79,-105.11,25.28,-20.62,26.66,0.009,94.24,28.24,SERVOING_READY
90.90,0.4191,0.3010,0.5534,0.5411,0.5319,0.4465,0.4743,-129.49,40.45,-70.79,-105.11,25.28,-20.62,26.66,0.009,94.24,28.24,SERVOING_READY
91.02,0.4191,0.3010,0.5534,0.5411,0.5319,0.4465,0.4743,-129.49,40.45,-70.79,-105.11,25.28,-20.62,26.66,0.009,94.24,28.24,SERVOING_READY
91.15,0.4191,0.3010,0.5534,0.5411,0.5319,0.4465,0.4743,-129.49,40.45,-70.79,-105.11,25.28,-20.62,26.66,0.009,94.24,28.24,SERVOING_READY
91.25,0.4191,0.3010,0.5534,0.5411,0.5319,0.4465,0.4743,-129.49,40.45,-70.79,-105.11,25.28,-20.62,26.66,0.009,94.24,28.24,SERVOING_READY
91.37,0.4191,0.3010,0.5534,0.5411,0.5319,0.4465,0.4743,-129.49,40.45,-70.79,-105.11,25.28,-20.62,26.66,0.009,94.24,28.24,SERVOING_READY
91.50,0.4191,0.3010,0.5534,0.5411,0.5319,0.4465,0.4743,-129.49,40.45,-70.79,-105.11,25.28,-20.62,26.66,0.009,94.24,28.24,SERVOING_READY
91.62,0.4191,0.3010,0.5534,0.5411,0.5319,0.4465,0.4743,-129.49,40.45,-70.79,-105.11,25.28,-20.62,26.66,0.009,94.24,28.24,SERVOING_READY
91.75,0.4191,0.3010,0.5534,0.5411,0.5319,0.4465,0.4743,-129.49,40.45,-70.79,-105.11,25.28,-20.62,26.66,0.009,94.24,28.24,SERVOING_READY
91.87,0.4191,0.3010,0.5534,0.5411,0.5319,0.4465,0.4743,-129.49,40.45,-70.79,-105.11,25.28,-20.62,26.66,0.009,94.24,28.24,SERVOING_READY
91.98,0.4191,0.3010,0.5534,0.5411,0.5319,0.4465,0.4743,-129.49,40.45,-70.79,-105.11,25.28,-20.62,26.66,0.009,94.24,28.24,SERVOING_READY
92.10,0.4191,0.3010,0.5534,0.5411,0.5319,0.4465,0.4743,-129.49,40.45,-70.79,-105.11,25.28,-20.62,26.66,0.009,94.24,28.24,SERVOING_READY
92.22,0.4191,0.3010,0.5534,0.5411,0.5319,0.4465,0.4743,-129.49,40.45,-70.79,-105.11,25.28,-20.62,26.66,0.009,94.24,28.24,SERVOING_READY
92.35,0.4191,0.3010,0.5534,0.5411,0.5319,0.4465,0.4743,-129.49,40.45,-70.79,-105.11,25.28,-20.62,26.66,0.009,94.24,28.24,SERVOING_READY
92.47,0.4191,0.3010,0.5534,0.5411,0.5319,0.4465,0.4743,-129.49,40.45,-70.79,-105.11,25.28,-20.62,26.66,0.009,94.24,28.24,SERVOING_READY
92.60,0.4191,0.3010,0.5534,0.5411,0.5319,0.4465,0.4743,-129.49,40.45,-70.79,-105.11,25.28,-20.62,26.66,0.009,94.24,28.24,SERVOING_READY
92.70,0.4191,0.3010,0.5534,0.5411,0.5319,0.4465,0.4743,-129.49,40.45,-70.79,-105.11,25.28,-20.62,26.66,0.009,94.24,28.24,SERVOING_READY
92.82,0.4191,0.3010,0.5534,0.5411,0.5319,0.4465,0.4743,-129.49,40.45,-70.79,-105.11,25.28,-20.62,26.66,0.009,94.24,28.24,SERVOING_READY
92.95,0.4191,0.3010,0.5534,0.5411,0.5319,0.4465,0.4743,-129.49,40.45,-70.79,-105.11,25.28,-20.62,26.66,0.009,94.24,28.24,SERVOING_READY
93.07,0.4191,0.3010,0.5534,0.5411,0.5319,0.4465,0.4743,-129.49,40.45,-70.79,-105.11,25.28,-20.62,26.66,0.009,94.24,28.24,SERVOING_READY
93.20,0.4191,0.3010,0.5534,0.5411,0.5319,0.4465,0.4743,-129.49,40.45,-70.79,-105.11,25.28,-20.62,26.66,0.009,94.24,28.24,SERVOING_READY
93.32,0.4191,0.3010,0.5534,0.5411,0.5319,0.4465,0.4743,-129.49,40.45,-70.79,-105.11,25.28,-20.62,26.66,0.009,94.24,28.24,SERVOING_READY
93.43,0.4191,0.3010,0.5534,0.5411,0.5319,0.4465,0.4743,-129.49,40.45,-70.79,-105.11,25.28,-20.62,26.66,0.009,94.24,28.24,SERVOING_READY
93.55,0.4191,0.3010,0.5534,0.5411,0.5319,0.4465,0.4743,-129.49,40.45,-70.79,-105.11,25.28,-20.62,26.66,0.009,94.24,28.24,SERVOING_READY
93.67,0.4191,0.3010,0.5534,0.5411,0.5319,0.4465,0.4743,-129.49,40.45,-70.79,-105.11,25.28,-20.62,26.66,0.009,94.24,28.24,SERVOING_READY
93.80,0.4191,0.3010,0.5534,0.5411,0.5319,0.4465,0.4743,-129.49,40.45,-70.79,-105.11,25.28,-20.62,26.66,0.009,94.24,28.24,SERVOING_READY
93.92,0.4191,0.3010,0.5534,0.5411,0.5319,0.4465,0.4743,-129.49,40.45,-70.79,-105.11,25.28,-20.62,26.66,0.009,94.24,28.24,SERVOING_READY
94.05,0.4191,0.3010,0.5534,0.5411,0.5319,0.4465,0.4743,-129.49,40.45,-70.79,-105.11,25.28,-20.62,26.66,0.009,94.24,28.24,SERVOING_READY
94.15,0.4191,0.3010,0.5534,0.5411,0.5319,0.4465,0.4743,-129.49,40.45,-70.79,-105.11,25.28,-20.62,26.66,0.009,94.24,28.24,SERVOING_READY
94.27,0.4191,0.3010,0.5534,0.5411,0.5319,0.4465,0.4743,-129.49,40.45,-70.79,-105.11,25.28,-20.62,26.66,0.009,94.24,28.24,SERVOING_READY
94.40,0.4191,0.3010,0.5534,0.5411,0.5319,0.4465,0.4743,-129.49,40.45,-70.79,-105.11,25.28,-20.62,26.66,0.009,94.24,28.24,SERVOING_READY
94.52,0.4191,0.3010,0.5534,0.5411,0.5319,0.4465,0.4743,-129.49,40.45,-70.79,-105.11,25.28,-20.62,26.66,0.009,94.24,28.24,SERVOING_READY
94.65,0.4191,0.3010,0.5534,0.5411,0.5319,0.4465,0.4743,-129.49,40.45,-70.79,-105.11,25.28,-20.62,26.66,0.009,94.24,28.24,SERVOING_READY
94.75,0.4191,0.3010,0.5534,0.5411,0.5319,0.4465,0.4743,-129.49,40.45,-70.79,-105.11,25.28,-20.62,26.66,0.009,94.24,28.24,SERVOING_READY
94.87,0.4191,0.3010,0.5534,0.5411,0.5319,0.4465,0.4743,-129.49,40.45,-70.79,-105.11,25.28,-20.62,26.66,0.009,94.24,28.24,SERVOING_READY
95.00,0.4191,0.3010,0.5534,0.5411,0.5319,0.4465,0.4743,-129.49,40.45,-70.79,-105.11,25.28,-20.62,26.66,0.009,94.24,28.24,SERVOING_READY
95.12,0.4191,0.3010,0.5534,0.5411,0.5319,0.4465,0.4743,-129.49,40.45,-70.79,-105.11,25.28,-20.62,26.66,0.009,94.24,28.24,SERVOING_READY
95.25,0.4191,0.3010,0.5534,0.5411,0.5319,0.4465,0.4743,-129.49,40.45,-70.79,-105.11,25.28,-20.62,26.66,0.009,94.24,28.24,SERVOING_READY
95.37,0.4191,0.3010,0.5534,0.5411,0.5319,0.4465,0.4743,-129.49,40.45,-70.79,-105.11,25.28,-20.62,26.66,0.009,94.24,28.24,SERVOING_READY
95.48,0.4191,0.3010,0.5534,0.5411,0.5319,0.4465,0.4743,-129.49,40.45,-70.79,-105.11,25.28,-20.62,26.66,0.009,94.24,28.24,SERVOING_READY
95.60,0.4191,0.3010,0.5534,0.5411,0.5319,0.4465,0.4743,-129.49,40.45,-70.79,-105.11,25.28,-20.62,26.66,0.009,94.24,28.24,SERVOING_READY
95.72,0.4191,0.3010,0.5534,0.5411,0.5319,0.4465,0.4743,-129.49,40.45,-70.79,-105.11,25.28,-20.62,26.66,0.009,94.24,28.24,SERVOING_READY
95.85,0.4191,0.3010,0.5534,0.5411,0.5319,0.4465,0.4743,-129.49,40.45,-70.79,-105.11,25.28,-20.62,26.66,0.009,94.24,28.24,SERVOING_READY
95.97,0.4191,0.3010,0.5534,0.5411,0.5319,0.4465,0.4743,-129.49,40.45,-70.79,-105.11,25.28,-20.62,26.66,0.009,94.24,28.24,SERVOING_READY
96.10,0.4191,0.3010,0.5534,0.5411,0.5319,0.4465,0.4743,-129.49,40.45,-70.79,-105.11,25.28,-20.62,26.66,0.009,94.24,28.24,SERVOING_READY
96.20,0.4191,0.3010,0.5534,0.5411,0.5319,0.4465,0.4743,-129.49,40.45,-70.79,-105.11,25.28,-20.62,26.66,0.009,94.24,28.24,SERVOING_READY
96.32,0.4191,0.3010,0.5534,0.5411,0.5319,0.4465,0.4743,-129.49,40.45,-70.79,-105.11,25.28,-20.62,26.66,0.009,94.24,28.24,SERVOING_READY
96.45,0.4191,0.3010,0.5534,0.5411,0.5319,0.4465,0.4743,-129.49,40.45,-70.79,-105.11,25.28,-20.62,26.66,0.009,94.24,28.24,SERVOING_READY
96.57,0.4191,0.3010,0.5534,0.5411,0.5319,0.4465,0.4743,-129.49,40.45,-70.79,-105.11,25.28,-20.62,26.66,0.009,94.24,28.24,SERVOING_READY
96.70,0.4191,0.3010,0.5534,0.5411,0.5319,0.4465,0.4743,-129.49,40.45,-70.79,-105.11,25.28,-20.62,26.66,0.009,94.24,28.24,SERVOING_READY
96.82,0.4191,0.3010,0.5534,0.5411,0.5319,0.4465,0.4743,-129.49,40.45,-70.79,-105.11,25.28,-20.62,26.66,0.009,94.24,28.24,SERVOING_READY
96.93,0.4191,0.3010,0.5534,0.5411,0.5319,0.4465,0.4743,-129.49,40.45,-70.79,-105.11,25.28,-20.62,26.66,0.009,94.24,28.24,SERVOING_READY
97.05,0.4191,0.3010,0.5534,0.5411,0.5319,0.4465,0.4743,-129.49,40.45,-70.79,-105.11,25.28,-20.62,26.66,0.009,94.24,28.24,SERVOING_READY
97.17,0.4191,0.3010,0.5534,0.5411,0.5319,0.4465,0.4743,-129.49,40.45,-70.79,-105.11,25.28,-20.62,26.66,0.009,94.24,28.24,SERVOING_READY
97.30,0.4191,0.3010,0.5534,0.5411,0.5319,0.4465,0.4743,-129.49,40.45,-70.79,-105.11,25.28,-20.62,26.66,0.009,94.24,28.24,SERVOING_READY
97.42,0.4191,0.3010,0.5534,0.5411,0.5319,0.4465,0.4743,-129.49,40.45,-70.79,-105.11,25.28,-20.62,26.66,0.009,94.24,28.24,SERVOING_READY
97.55,0.4191,0.3010,0.5534,0.5411,0.5319,0.4465,0.4743,-129.49,40.45,-70.79,-105.11,25.28,-20.62,26.66,0.009,94.24,28.24,SERVOING_READY
97.65,0.4191,0.3010,0.5534,0.5411,0.5319,0.4465,0.4743,-129.49,40.45,-70.79,-105.11,25.28,-20.62,26.66,0.009,94.24,28.24,SERVOING_READY
97.77,0.4191,0.3010,0.5534,0.5411,0.5319,0.4465,0.4743,-129.49,40.45,-70.79,-105.11,25.28,-20.62,26.66,0.009,94.24,28.24,SERVOING_READY
97.90,0.4191,0.3010,0.5534,0.5411,0.5319,0.4465,0.4743,-129.49,40.45,-70.79,-105.11,25.28,-20.62,26.66,0.009,94.24,28.24,SERVOING_READY
98.02,0.4191,0.3010,0.5534,0.5411,0.5319,0.4465,0.4743,-129.49,40.45,-70.79,-105.11,25.28,-20.62,26.66,0.009,94.24,28.24,SERVOING_READY
98.15,0.4191,0.3010,0.5534,0.5411,0.5319,0.4465,0.4743,-129.49,40.45,-70.79,-105.11,25.28,-20.62,26.66,0.009,94.24,28.24,SERVOING_READY
98.25,0.4191,0.3010,0.5534,0.5411,0.5319,0.4465,0.4743,-129.49,40.45,-70.79,-105.11,25.28,-20.62,26.66,0.009,94.24,28.24,SERVOING_READY
98.37,0.4191,0.3010,0.5534,0.5411,0.5319,0.4465,0.4743,-129.49,40.45,-70.79,-105.11,25.28,-20.62,26.66,0.009,94.24,28.24,SERVOING_READY
98.50,0.4191,0.3010,0.5534,0.5411,0.5319,0.4465,0.4743,-129.49,40.45,-70.79,-105.11,25.28,-20.62,26.66,0.009,94.24,28.24,SERVOING_READY
98.62,0.4191,0.3010,0.5534,0.5411,0.5319,0.4465,0.4743,-129.49,40.45,-70.79,-105.11,25.28,-20.62,26.66,0.009,94.24,28.24,SERVOING_READY
98.75,0.4191,0.3010,0.5534,0.5411,0.5319,0.4465,0.4743,-129.49,40.45,-70.79,-105.11,25.28,-20.62,26.66,0.009,94.24,28.24,SERVOING_READY
98.87,0.4191,0.3010,0.5534,0.5411,0.5319,0.4465,0.4743,-129.49,40.45,-70.79,-105.11,25.28,-20.62,26.66,0.009,94.24,28.24,SERVOING_READY
98.98,0.4191,0.3010,0.5534,0.5411,0.5319,0.4465,0.4743,-129.49,40.45,-70.79,-105.11,25.28,-20.62,26.66,0.009,94.24,28.24,SERVOING_READY
99.10,0.4191,0.3010,0.5534,0.5411,0.5319,0.4465,0.4743,-129.49,40.45,-70.79,-105.11,25.28,-20.62,26.66,0.009,94.24,28.24,SERVOING_READY
99.22,0.4191,0.3010,0.5534,0.5411,0.5319,0.4465,0.4743,-129.49,40.45,-70.79,-105.11,25.28,-20.62,26.66,0.009,94.24,28.24,SERVOING_READY
99.35,0.4191,0.3010,0.5534,0.5411,0.5319,0.4465,0.4743,-129.49,40.45,-70.79,-105.11,25.28,-20.62,26.66,0.009,94.24,28.24,SERVOING_READY
99.47,0.4191,0.3010,0.5534,0.5411,0.5319,0.4465,0.4743,-129.49,40.45,-70.79,-105.11,25.28,-20.62,26.66,0.009,94.24,28.24,SERVOING_READY
99.60,0.4191,0.3010,0.5534,0.5411,0.5319,0.4465,0.4743,-129.49,40.45,-70.79,-105.11,25.28,-20.62,26.66,0.009,94.24,28.24,SERVOING_READY
99.72,0.4191,0.3010,0.5534,0.5411,0.5319,0.4465,0.4743,-129.49,40.45,-70.79,-105.11,25.28,-20.62,26.66,0.009,94.24,28.24,SERVOING_READY
99.85,0.4191,0.3010,0.5534,0.5411,0.5319,0.4465,0.4743,-129.49,40.45,-70.79,-105.11,25.28,-20.62,26.66,0.009,94.24,28.24,SERVOING_READY
99.97,0.4191,0.3010,0.5534,0.5411,0.5319,0.4465,0.4743,-129.49,40.45,-70.79,-105.11,25.28,-20.62,26.66,0.009,94.24,28.24,SERVOING_READY
100.10,0.4191,0.3010,0.5534,0.5411,0.5319,0.4465,0.4743,-129.49,40.45,-70.79,-105.11,25.28,-20.62,26.66,0.009,94.24,28.24,SERVOING_READY
100.22,0.4191,0.3010,0.5534,0.5411,0.5319,0.4465,0.4743,-129.49,40.45,-70.79,-105.11,25.28,-20.62,26.66,0.009,94.24,28.24,SERVOING_READY
100.35,0.4191,0.3010,0.5534,0.5411,0.5319,0.4465,0.4743,-129.49,40.45,-70.79,-105.11,25.28,-20.62,26.66,0.009,94.24,28.24,SERVOING_READY
100.47,0.4191,0.3010,0.5534,0.5411,0.5319,0.4465,0.4743,-129.49,40.45,-70.79,-105.11,25.28,-20.62,26.66,0.009,94.24,28.24,SERVOING_READY
100.58,0.4191,0.3010,0.5534,0.5411,0.5319,0.4465,0.4743,-129.49,40.45,-70.79,-105.11,25.28,-20.62,26.66,0.009,94.24,28.24,SERVOING_MANUALLY_CONTROLLED
100.70,0.4191,0.2998,0.5534,0.5412,0.5318,0.4464,0.4743,-129.57,40.40,-70.64,-105.27,25.34,-20.50,26.69,0.009,94.02,28.21,SERVOING_MANUALLY_CONTROLLED
100.82,0.4196,0.2914,0.5533,0.5417,0.5316,0.4462,0.4742,-130.18,40.00,-69.51,-106.35,25.74,-19.55,26.95,0.009,92.35,28.02,SERVOING_MANUALLY_CONTROLLED
100.95,0.4208,0.2793,0.5533,0.5419,0.5314,0.4463,0.4741,-131.00,39.39,-67.85,-107.87,26.34,-18.11,27.39,0.009,89.91,27.75,SERVOING_MANUALLY_CONTROLLED
101.07,0.4221,0.2666,0.5532,0.5421,0.5313,0.4462,0.4740,-131.80,38.74,-66.10,-109.39,26.98,-16.60,27.88,0.009,87.30,27.51,SERVOING_MANUALLY_CONTROLLED
101.20,0.4232,0.2576,0.5534,0.5418,0.5314,0.4464,0.4741,-132.35,38.26,-64.83,-110.42,27.47,-15.47,28.28,0.009,85.43,27.36,SERVOING_MANUALLY_CONTROLLED
101.30,0.4234,0.2559,0.5534,0.5416,0.5316,0.4465,0.4741,-132.46,38.16,-64.58,-110.62,27.57,-15.23,28.37,0.009,85.08,27.34,SERVOING_MANUALLY_CONTROLLED
101.42,0.4235,0.2558,0.5535,0.5415,0.5316,0.4465,0.4742,-132.47,38.16,-64.56,-110.63,27.58,-15.21,28.38,0.009,85.06,27.33,SERVOING_MANUALLY_CONTROLLED
101.55,0.4235,0.2544,0.5534,0.5417,0.5315,0.4465,0.4741,-132.57,38.09,-64.36,-110.79,27.64,-15.07,28.43,0.009,84.77,27.32,SERVOING_MANUALLY_CONTROLLED
101.67,0.4243,0.2456,0.5534,0.5420,0.5313,0.4464,0.4740,-133.14,37.62,-63.08,-111.76,28.08,-14.08,28.82,0.009,82.93,27.24,SERVOING_MANUALLY_CONTROLLED
101.80,0.4260,0.2335,0.5533,0.5423,0.5311,0.4463,0.4740,-133.81,36.93,-61.34,-113.02,28.72,-12.64,29.39,0.009,80.36,27.12,SERVOING_MANUALLY_CONTROLLED
101.92,0.4284,0.2210,0.5533,0.5424,0.5311,0.4463,0.4739,-134.36,36.15,-59.60,-114.23,29.40,-11.08,30.03,0.009,77.67,26.98,SERVOING_MANUALLY_CONTROLLED
102.03,0.4317,0.2084,0.5533,0.5426,0.5309,0.4463,0.4739,-134.69,35.29,-57.95,-115.30,30.09,-9.48,30.69,0.009,74.92,26.82,SERVOING_MANUALLY_CONTROLLED
102.15,0.4348,0.1981,0.5533,0.5426,0.5309,0.4463,0.4739,-134.88,34.53,-56.62,-116.10,30.68,-8.13,31.25,0.009,72.65,26.69,SERVOING_MANUALLY_CONTROLLED
102.27,0.4389,0.1865,0.5533,0.5427,0.5309,0.4463,0.4738,-134.94,33.58,-55.21,-116.91,31.36,-6.56,31.92,0.009,70.01,26.54,SERVOING_MANUALLY_CONTROLLED
102.40,0.4447,0.1752,0.5533,0.5428,0.5308,0.4463,0.4738,-134.52,32.53,-54.16,-117.48,32.03,-4.93,32.55,0.009,67.31,26.27,SERVOING_MANUALLY_CONTROLLED
102.52,0.4518,0.1648,0.5533,0.5428,0.5307,0.4463,0.4738,-133.67,31.41,-53.53,-117.80,32.66,-3.31,33.14,0.009,64.67,25.91,SERVOING_MANUALLY_CONTROLLED
102.63,0.4603,0.1552,0.5533,0.5428,0.5307,0.4462,0.4739,-132.30,30.23,-53.43,-117.88,33.22,-1.72,33.66,0.009,62.01,25.45,SERVOING_MANUALLY_CONTROLLED
102.75,0.4682,0.1481,0.5532,0.5429,0.5308,0.4461,0.4739,-130.78,29.23,-53.77,-117.75,33.62,-0.44,34.05,0.009,59.81,25.00,SERVOING_MANUALLY_CONTROLLED
102.87,0.4777,0.1405,0.5533,0.5428,0.5308,0.4461,0.4739,-128.79,28.10,-54.47,-117.47,34.01,0.95,34.48,0.009,57.29,24.46,SERVOING_MANUALLY_CONTROLLED
103.00,0.4869,0.1322,0.5532,0.5428,0.5308,0.4462,0.4738,-126.84,26.90,-55.13,-117.19,34.43,2.32,34.97,0.009,54.53,24.03,SERVOING_MANUALLY_CONTROLLED
103.12,0.4943,0.1226,0.5532,0.5428,0.5308,0.4462,0.4737,-125.47,25.69,-55.24,-117.11,34.94,3.64,35.55,0.009,51.66,23.89,SERVOING_MANUALLY_CONTROLLED
103.25,0.5005,0.1121,0.5532,0.5429,0.5307,0.4462,0.4738,-124.43,24.46,-55.01,-117.11,35.52,4.89,36.19,0.009,48.74,23.95,SERVOING_MANUALLY_CONTROLLED
103.35,0.5065,0.1015,0.5532,0.5430,0.5307,0.4463,0.4737,-123.45,23.19,-54.78,-117.07,36.11,6.11,36.85,0.009,45.86,24.10,SERVOING_MANUALLY_CONTROLLED
103.47,0.5112,0.0923,0.5532,0.5430,0.5306,0.4463,0.4737,-122.71,22.09,-54.50,-117.03,36.64,7.07,37.42,0.009,43.47,24.31,SERVOING_MANUALLY_CONTROLLED
103.60,0.5162,0.0816,0.5532,0.5431,0.5306,0.4463,0.4737,-122.01,20.81,-54.07,-116.98,37.27,8.13,38.08,0.009,40.82,24.65,SERVOING_MANUALLY_CONTROLLED
103.72,0.5215,0.0704,0.5532,0.5432,0.5305,0.4463,0.4736,-121.24,19.42,-53.70,-116.84,37.94,9.17,38.78,0.009,38.11,25.05,SERVOING_MANUALLY_CONTROLLED
103.85,0.5273,0.0593,0.5532,0.5432,0.5305,0.4463,0.4736,-120.25,17.98,-53.60,-116.58,38.56,10.14,39.52,0.009,35.43,25.47,SERVOING_MANUALLY_CONTROLLED
103.98,0.5333,0.0480,0.5532,0.5433,0.5304,0.4463,0.4737,-119.11,16.50,-53.69,-116.22,39.13,11.03,40.31,0.009,32.80,25.94,SERVOING_MANUALLY_CONTROLLED
104.08,0.5393,0.0371,0.5532,0.5432,0.5304,0.4463,0.4736,-117.90,14.98,-53.95,-115.78,39.64,11.82,41.15,0.009,30.28,26.44,SERVOING_MANUALLY_CONTROLLED
104.20,0.5446,0.0281,0.5531,0.5433,0.5304,0.4463,0.4736,-116.65,13.67,-54.50,-115.32,39.95,12.39,41.95,0.009,28.22,26.86,SERVOING_MANUALLY_CONTROLLED
104.33,0.5523,0.0185,0.5531,0.5432,0.5305,0.4463,0.4736,-114.26,12.08,-56.31,-114.54,39.79,12.86,43.29,0.009,25.74,27.24,SERVOING_MANUALLY_CONTROLLED
104.45,0.5611,0.0091,0.5531,0.5432,0.5305,0.4464,0.4736,-110.96,10.36,-59.25,-113.58,39.08,13.13,45.19,0.009,23.17,27.60,SERVOING_MANUALLY_CONTROLLED
104.58,0.5699,-0.0001,0.5531,0.5432,0.5305,0.4464,0.4735,-106.89,8.54,-63.22,-112.54,37.86,13.19,47.65,0.009,20.66,28.00,SERVOING_MANUALLY_CONTROLLED
104.70,0.5772,-0.0082,0.5535,0.5430,0.5306,0.4465,0.4735,-102.98,6.87,-67.24,-111.57,36.53,13.00,50.22,0.009,18.63,28.40,SERVOING_MANUALLY_CONTROLLED
104.80,0.5813,-0.0131,0.5547,0.5429,0.5308,0.4465,0.4734,-100.86,5.74,-69.57,-110.85,35.86,12.62,51.75,0.009,17.46,28.68,SERVOING_MANUALLY_CONTROLLED
104.93,0.5839,-0.0162,0.5565,0.5429,0.5310,0.4465,0.4732,-99.88,4.95,-70.78,-110.21,35.67,12.11,52.56,0.009,16.74,28.86,SERVOING_MANUALLY_CONTROLLED
105.05,0.5865,-0.0181,0.5590,0.5429,0.5314,0.4465,0.4729,-99.25,4.25,-71.77,-109.48,35.57,11.41,53.19,0.009,16.13,28.94,SERVOING_MANUALLY_CONTROLLED
105.18,0.5886,-0.0193,0.5617,0.5429,0.5317,0.4464,0.4725,-98.86,3.64,-72.54,-108.76,35.54,10.66,53.65,0.009,15.64,28.97,SERVOING_MANUALLY_CONTROLLED
105.30,0.5905,-0.0202,0.5642,0.5429,0.5321,0.4464,0.4721,-98.64,3.11,-73.13,-108.08,35.55,9.95,54.01,0.009,15.24,28.98,SERVOING_MANUALLY_CONTROLLED
105.42,0.5922,-0.0210,0.5668,0.5429,0.5324,0.4465,0.4718,-98.52,2.61,-73.60,-107.45,35.61,9.28,54.31,0.009,14.87,28.99,SERVOING_MANUALLY_CONTROLLED
105.53,0.5937,-0.0221,0.5691,0.5429,0.5326,0.4465,0.4714,-98.46,2.10,-73.97,-106.86,35.71,8.66,54.59,0.009,14.50,29.04,SERVOING_MANUALLY_CONTROLLED
105.65,0.5950,-0.0233,0.5710,0.5429,0.5328,0.4465,0.4711,-98.43,1.66,-74.22,-106.40,35.82,8.17,54.82,0.009,14.19,29.12,SERVOING_MANUALLY_CONTROLLED
105.77,0.5963,-0.0248,0.5730,0.5430,0.5330,0.4465,0.4709,-98.44,1.17,-74.45,-105.88,35.96,7.65,55.08,0.009,13.84,29.21,SERVOING_MANUALLY_CONTROLLED
105.91,0.5976,-0.0259,0.5750,0.5429,0.5333,0.4466,0.4705,-98.51,0.70,-74.66,-105.37,36.10,7.11,55.31,0.009,13.54,29.27,SERVOING_MANUALLY_CONTROLLED
106.03,0.5988,-0.0270,0.5771,0.5428,0.5336,0.4467,0.4703,-98.61,0.24,-74.83,-104.84,36.23,6.56,55.55,0.009,13.24,29.33,SERVOING_MANUALLY_CONTROLLED
106.13,0.5999,-0.0284,0.5789,0.5428,0.5338,0.4468,0.4699,-98.72,-0.22,-74.95,-104.39,36.38,6.11,55.77,0.009,12.94,29.42,SERVOING_MANUALLY_CONTROLLED
106.25,0.6010,-0.0304,0.5803,0.5428,0.5339,0.4469,0.4697,-98.82,-0.71,-75.00,-104.00,36.56,5.74,56.00,0.009,12.62,29.58,SERVOING_MANUALLY_CONTROLLED
106.38,0.6023,-0.0330,0.5819,0.5427,0.5341,0.4470,0.4694,-98.98,-1.34,-75.02,-103.54,36.81,5.32,56.31,0.009,12.22,29.79,SERVOING_MANUALLY_CONTROLLED
106.50,0.6037,-0.0357,0.5836,0.5426,0.5344,0.4471,0.4691,-99.20,-1.99,-75.02,-103.03,37.06,4.85,56.63,0.009,11.81,29.99,SERVOING_MANUALLY_CONTROLLED
106.63,0.6052,-0.0380,0.5854,0.5425,0.5346,0.4473,0.4688,-99.52,-2.62,-74.94,-102.48,37.28,4.34,56.95,0.009,11.40,30.17,SERVOING_MANUALLY_CONTROLLED
106.75,0.6067,-0.0399,0.5874,0.5425,0.5349,0.4474,0.4684,-99.98,-3.21,-74.78,-101.90,37.47,3.78,57.26,0.009,11.02,30.31,SERVOING_MANUALLY_CONTROLLED
106.86,0.6084,-0.0414,0.5896,0.5424,0.5352,0.4474,0.4681,-100.59,-3.78,-74.50,-101.27,37.61,3.16,57.58,0.009,10.64,30.40,SERVOING_MANUALLY_CONTROLLED
106.98,0.6099,-0.0424,0.5914,0.5424,0.5355,0.4475,0.4677,-101.26,-4.25,-74.13,-100.73,37.72,2.64,57.85,0.009,10.31,30.46,SERVOING_MANUALLY_CONTROLLED
107.10,0.6113,-0.0439,0.5921,0.5424,0.5360,0.4474,0.4672,-102.23,-4.71,-73.35,-100.33,37.77,2.30,58.19,0.009,9.96,30.55,SERVOING_MANUALLY_CONTROLLED
107.23,0.6121,-0.0453,0.5903,0.5424,0.5365,0.4473,0.4667,-103.49,-4.95,-71.98,-100.42,37.66,2.53,58.55,0.009,9.75,30.66,SERVOING_MANUALLY_CONTROLLED
107.35,0.6120,-0.0459,0.5870,0.5425,0.5370,0.4474,0.4660,-104.43,-4.97,-70.77,-100.87,37.42,3.10,58.83,0.009,9.74,30.73,SERVOING_MANUALLY_CONTROLLED
107.48,0.6118,-0.0463,0.5853,0.5423,0.5373,0.4474,0.4659,-104.87,-4.96,-70.18,-101.11,37.28,3.42,59.00,0.009,9.75,30.77,SERVOING_MANUALLY_CONTROLLED
107.58,0.6132,-0.0470,0.5858,0.5423,0.5375,0.4477,0.4655,-105.71,-5.30,-69.48,-100.80,37.23,3.22,59.30,0.009,9.47,30.81,SERVOING_MANUALLY_CONTROLLED
107.70,0.6154,-0.0480,0.5871,0.5422,0.5378,0.4478,0.4651,-107.01,-5.78,-68.46,-100.20,37.16,2.78,59.72,0.009,9.03,30.84,SERVOING_MANUALLY_CONTROLLED
107.83,0.6189,-0.0489,0.5889,0.5421,0.5381,0.4479,0.4647,-109.34,-6.36,-66.47,-99.35,36.96,2.23,60.32,0.009,8.36,30.84,SERVOING_MANUALLY_CONTROLLED
107.95,0.6230,-0.0483,0.5904,0.5421,0.5385,0.4479,0.4643,-112.85,-6.81,-63.32,-98.44,36.51,1.73,60.97,0.009,7.64,30.68,SERVOING_MANUALLY_CONTROLLED
108.08,0.6266,-0.0452,0.5918,0.5418,0.5389,0.4480,0.4640,-116.73,-6.93,-59.79,-97.68,35.87,1.33,61.48,0.009,7.12,30.29,SERVOING_MANUALLY_CONTROLLED
108.20,0.6288,-0.0411,0.5932,0.5419,0.5392,0.4480,0.4636,-120.11,-6.80,-56.74,-97.14,35.24,0.96,61.77,0.009,6.90,29.84,SERVOING_MANUALLY_CONTROLLED
108.30,0.6299,-0.0361,0.5949,0.5417,0.5396,0.4482,0.4632,-122.81,-6.56,-54.41,-96.71,34.71,0.55,61.89,0.009,6.90,29.33,SERVOING_MANUALLY_CONTROLLED
108.43,0.6304,-0.0320,0.5964,0.5416,0.5400,0.4483,0.4627,-124.64,-6.35,-52.90,-96.39,34.38,0.17,61.90,0.009,7.00,28.92,SERVOING_MANUALLY_CONTROLLED
108.55,0.6307,-0.0274,0.5983,0.5414,0.5405,0.4485,0.4621,-126.44,-6.13,-51.49,-96.02,34.10,-0.31,61.85,0.009,7.14,28.47,SERVOING_MANUALLY_CONTROLLED
108.68,0.6308,-0.0229,0.6003,0.5413,0.5411,0.4487,0.4615,-128.01,-5.90,-50.32,-95.66,33.91,-0.82,61.73,0.009,7.34,28.02,SERVOING_MANUALLY_CONTROLLED
108.80,0.6307,-0.0183,0.6024,0.5411,0.5417,0.4489,0.4608,-129.36,-5.67,-49.38,-95.32,33.78,-1.35,61.55,0.009,7.59,27.58,SERVOING_MANUALLY_CONTROLLED
108.93,0.6305,-0.0138,0.6045,0.5409,0.5423,0.4491,0.4600,-130.59,-5.46,-48.59,-94.97,33.72,-1.90,61.33,0.009,7.86,27.15,SERVOING_MANUALLY_CONTROLLED
109.03,0.6303,-0.0096,0.6067,0.5408,0.5428,0.4493,0.4593,-131.72,-5.29,-47.89,-94.60,33.72,-2.47,61.08,0.009,8.12,26.75,SERVOING_MANUALLY_CONTROLLED
109.15,0.6304,-0.0062,0.6086,0.5407,0.5434,0.4496,0.4586,-132.67,-5.21,-47.33,-94.22,33.80,-2.97,60.85,0.009,8.27,26.42,SERVOING_MANUALLY_CONTROLLED
109.28,0.6319,-0.0036,0.6109,0.5404,0.5440,0.4498,0.4579,-133.83,-5.39,-46.62,-93.56,34.05,-3.58,60.62,0.009,8.10,26.12,SERVOING_MANUALLY_CONTROLLED
109.40,0.6358,-0.0031,0.6127,0.5403,0.5445,0.4501,0.4571,-135.26,-6.01,-45.61,-92.59,34.58,-4.19,60.40,0.009,7.30,25.99,SERVOING_MANUALLY_CONTROLLED
109.53,0.6415,-0.0042,0.6140,0.5404,0.5448,0.4501,0.4567,-137.35,-6.90,-43.87,-91.42,35.43,-4.70,59.98,0.009,6.02,25.96,SERVOING_MANUALLY_CONTROLLED
109.63,0.6487,-0.0044,0.6144,0.5403,0.5451,0.4501,0.4564,-140.65,-7.90,-40.91,-90.14,36.73,-5.08,59.06,0.009,4.45,25.84,SERVOING_MANUALLY_CONTROLLED
109.75,0.6535,-0.0047,0.6146,0.5403,0.5453,0.4501,0.4563,-142.32,-8.56,-39.46,-89.31,37.47,-5.34,58.57,0.009,3.38,25.79,SERVOING_MANUALLY_CONTROLLED
109.88,0.6546,-0.0049,0.6147,0.5404,0.5453,0.4500,0.4563,-142.67,-8.70,-39.14,-89.12,37.64,-5.40,58.46,0.009,3.14,25.79,SERVOING_MANUALLY_CONTROLLED
110.00,0.6547,-0.0048,0.6147,0.5403,0.5453,0.4500,0.4562,-142.71,-8.72,-39.12,-89.11,37.65,-5.40,58.45,0.009,3.13,25.78,SERVOING_MANUALLY_CONTROLLED
110.13,0.6547,-0.0050,0.6147,0.5404,0.5452,0.4500,0.4563,-142.69,-8.72,-39.13,-89.11,37.65,-5.40,58.45,0.009,3.12,25.80,SERVOING_MANUALLY_CONTROLLED
110.25,0.6558,-0.0049,0.6148,0.5403,0.5453,0.4501,0.4563,-143.18,-8.88,-38.69,-88.89,37.83,-5.45,58.32,0.009,2.86,25.77,SERVOING_MANUALLY_CONTROLLED
110.35,0.6647,-0.0049,0.6147,0.5404,0.5452,0.4503,0.4561,-146.39,-10.09,-35.83,-87.36,39.08,-5.80,57.36,0.009,0.90,25.64,SERVOING_MANUALLY_CONTROLLED
110.48,0.6747,-0.0049,0.6146,0.5405,0.5452,0.4503,0.4560,-149.17,-11.45,-33.46,-85.64,40.24,-6.24,56.58,0.009,1.32,25.54,SERVOING_MANUALLY_CONTROLLED
110.60,0.6868,-0.0050,0.6143,0.5406,0.5452,0.4502,0.4559,-151.74,-13.12,-31.43,-83.52,41.33,-6.84,55.94,0.009,4.04,25.47,SERVOING_MANUALLY_CONTROLLED
110.73,0.6945,-0.0052,0.6142,0.5408,0.5452,0.4500,0.4559,-152.99,-14.18,-30.55,-82.16,41.91,-7.27,55.70,0.009,5.77,25.47,SERVOING_MANUALLY_CONTROLLED
110.85,0.6958,-0.0052,0.6143,0.5407,0.5452,0.4500,0.4559,-153.16,-14.36,-30.44,-81.92,42.00,-7.35,55.68,0.009,6.06,25.47,SERVOING_MANUALLY_CONTROLLED
110.98,0.6959,-0.0052,0.6143,0.5407,0.5452,0.4500,0.4559,-153.16,-14.37,-30.44,-81.91,42.00,-7.36,55.68,0.009,6.07,25.47,SERVOING_MANUALLY_CONTROLLED
111.08,0.6959,-0.0053,0.6143,0.5408,0.5452,0.4500,0.4560,-153.16,-14.36,-30.45,-81.91,42.00,-7.36,55.68,0.009,6.07,25.48,SERVOING_MANUALLY_CONTROLLED
111.20,0.6958,-0.0053,0.6143,0.5408,0.5451,0.4500,0.4560,-153.14,-14.36,-30.46,-81.91,42.00,-7.36,55.68,0.009,6.06,25.48,SERVOING_MANUALLY_CONTROLLED
111.33,0.6957,-0.0047,0.6144,0.5407,0.5452,0.4499,0.4560,-153.41,-14.31,-30.20,-81.93,42.07,-7.36,55.54,0.009,6.03,25.42,SERVOING_MANUALLY_CONTROLLED
111.45,0.6936,0.0027,0.6145,0.5404,0.5454,0.4498,0.4562,-156.34,-13.73,-27.35,-82.24,42.85,-7.31,53.90,0.009,5.53,24.68,SERVOING_MANUALLY_CONTROLLED
111.58,0.6878,0.0135,0.6147,0.5403,0.5454,0.4500,0.4562,-160.54,-12.61,-23.24,-83.11,44.15,-7.18,51.25,0.009,4.10,23.61,SERVOING_MANUALLY_CONTROLLED
111.70,0.6778,0.0214,0.6147,0.5404,0.5453,0.4501,0.4561,-163.52,-11.04,-20.14,-84.72,45.18,-6.88,49.03,0.009,1.51,22.89,SERVOING_MANUALLY_CONTROLLED
111.81,0.6657,0.0258,0.6149,0.5404,0.5452,0.4502,0.4561,-164.93,-9.29,-18.52,-86.64,45.70,-6.50,47.66,0.009,1.64,22.58,SERVOING_MANUALLY_CONTROLLED
111.93,0.6557,0.0279,0.6153,0.5404,0.5453,0.4502,0.4560,-164.89,-7.88,-18.42,-88.17,45.55,-6.28,47.36,0.009,4.23,22.53,SERVOING_MANUALLY_CONTROLLED
112.05,0.6440,0.0293,0.6155,0.5405,0.5452,0.4500,0.4561,-164.61,-6.25,-18.45,-89.97,45.23,-5.98,47.19,0.009,7.19,22.64,SERVOING_MANUALLY_CONTROLLED
112.18,0.6330,0.0308,0.6153,0.5406,0.5451,0.4500,0.4563,-164.36,-4.68,-18.46,-91.70,44.91,-5.66,47.03,0.009,9.99,22.78,SERVOING_MANUALLY_CONTROLLED
112.30,0.6246,0.0320,0.6150,0.5405,0.5450,0.4501,0.4563,-164.19,-3.50,-18.46,-93.01,44.66,-5.39,46.92,0.009,12.09,22.91,SERVOING_MANUALLY_CONTROLLED
112.43,0.6173,0.0329,0.6145,0.5407,0.5448,0.4500,0.4565,-164.07,-2.47,-18.42,-94.15,44.45,-5.17,46.82,0.009,13.86,23.07,SERVOING_MANUALLY_CONTROLLED
112.53,0.6099,0.0341,0.6142,0.5406,0.5447,0.4500,0.4567,-164.00,-1.43,-18.37,-95.26,44.24,-4.99,46.71,0.009,15.69,23.23,SERVOING_MANUALLY_CONTROLLED
112.65,0.6038,0.0350,0.6139,0.5407,0.5445,0.4500,0.4569,-163.96,-0.58,-18.32,-96.15,44.07,-4.86,46.62,0.009,17.15,23.37,SERVOING_MANUALLY_CONTROLLED
112.78,0.5969,0.0362,0.6134,0.5408,0.5443,0.4498,0.4570,-163.94,0.39,-18.27,-97.16,43.88,-4.74,46.51,0.009,18.81,23.54,SERVOING_MANUALLY_CONTROLLED
112.90,0.5897,0.0377,0.6131,0.5408,0.5442,0.4497,0.4573,-163.96,1.41,-18.22,-98.18,43.69,-4.67,46.39,0.009,20.54,23.73,SERVOING_MANUALLY_CONTROLLED
113.03,0.5823,0.0397,0.6132,0.5408,0.5440,0.4499,0.4575,-164.04,2.45,-18.19,-99.13,43.50,-4.69,46.25,0.009,22.35,23.89,SERVOING_MANUALLY_CONTROLLED
113.13,0.5736,0.0428,0.6132,0.5409,0.5440,0.4497,0.4575,-164.19,3.68,-18.23,-100.18,43.28,-4.89,46.06,0.009,24.51,24.06,SERVOING_MANUALLY_CONTROLLED
113.25,0.5655,0.0458,0.6135,0.5408,0.5440,0.4497,0.4576,-164.36,4.80,-18.30,-101.10,43.08,-5.12,45.89,0.009,26.53,24.23,SERVOING_MANUALLY_CONTROLLED
113.38,0.5560,0.0493,0.6136,0.5409,0.5439,0.4496,0.4576,-164.57,6.13,-18.36,-102.16,42.83,-5.41,45.68,0.009,28.83,24.47,SERVOING_MANUALLY_CONTROLLED
113.50,0.5528,0.0504,0.6136,0.5411,0.5438,0.4496,0.4576,-164.65,6.57,-18.39,-102.50,42.74,-5.54,45.60,0.009,29.61,24.56,SERVOING_MANUALLY_CONTROLLED
113.63,0.5525,0.0506,0.6136,0.5411,0.5438,0.4496,0.4576,-164.66,6.60,-18.40,-102.53,42.73,-5.55,45.60,0.009,29.68,24.56,SERVOING_MANUALLY_CONTROLLED
113.75,0.5525,0.0506,0.6136,0.5411,0.5438,0.4496,0.4576,-164.66,6.60,-18.40,-102.52,42.73,-5.56,45.60,0.009,29.68,24.56,SERVOING_MANUALLY_CONTROLLED
113.86,0.5525,0.0506,0.6136,0.5411,0.5438,0.4496,0.4576,-164.66,6.60,-18.40,-102.52,42.73,-5.56,45.60,0.009,29.67,24.56,SERVOING_MANUALLY_CONTROLLED
113.98,0.5526,0.0506,0.6136,0.5411,0.5438,0.4496,0.4576,-164.66,6.60,-18.40,-102.52,42.73,-5.56,45.60,0.009,29.67,24.56,SERVOING_MANUALLY_CONTROLLED
114.10,0.5526,0.0506,0.6136,0.5411,0.5438,0.4496,0.4575,-164.66,6.59,-18.40,-102.52,42.73,-5.56,45.60,0.009,29.67,24.56,SERVOING_MANUALLY_CONTROLLED
114.23,0.5526,0.0506,0.6136,0.5411,0.5438,0.4496,0.4576,-164.66,6.59,-18.40,-102.52,42.73,-5.56,45.60,0.009,29.67,24.56,SERVOING_MANUALLY_CONTROLLED
114.35,0.5526,0.0506,0.6136,0.5411,0.5438,0.4496,0.4576,-164.66,6.59,-18.40,-102.52,42.73,-5.56,45.60,0.009,29.66,24.56,SERVOING_MANUALLY_CONTROLLED
114.48,0.5526,0.0506,0.6136,0.5411,0.5438,0.4496,0.4576,-164.66,6.59,-18.40,-102.52,42.73,-5.56,45.60,0.009,29.66,24.56,SERVOING_MANUALLY_CONTROLLED
114.58,0.5526,0.0506,0.6136,0.5411,0.5438,0.4496,0.4575,-164.66,6.59,-18.40,-102.52,42.73,-5.56,45.60,0.009,29.66,24.56,SERVOING_MANUALLY_CONTROLLED
114.70,0.5526,0.0506,0.6136,0.5411,0.5438,0.4496,0.4576,-164.66,6.59,-18.40,-102.52,42.73,-5.56,45.60,0.009,29.66,24.56,SERVOING_MANUALLY_CONTROLLED
114.83,0.5526,0.0506,0.6136,0.5411,0.5438,0.4496,0.4576,-164.66,6.59,-18.40,-102.52,42.73,-5.56,45.60,0.009,29.66,24.56,SERVOING_MANUALLY_CONTROLLED
114.95,0.5526,0.0506,0.6136,0.5411,0.5438,0.4496,0.4576,-164.66,6.59,-18.40,-102.52,42.73,-5.56,45.60,0.009,29.66,24.56,SERVOING_MANUALLY_CONTROLLED
115.08,0.5526,0.0506,0.6136,0.5411,0.5438,0.4496,0.4576,-164.66,6.59,-18.40,-102.52,42.73,-5.56,45.60,0.009,29.66,24.56,SERVOING_MANUALLY_CONTROLLED
115.20,0.5526,0.0506,0.6136,0.5411,0.5438,0.4496,0.4576,-164.66,6.59,-18.40,-102.52,42.73,-5.56,45.60,0.009,29.66,24.56,SERVOING_MANUALLY_CONTROLLED
115.31,0.5526,0.0506,0.6136,0.5411,0.5438,0.4496,0.4576,-164.66,6.59,-18.40,-102.52,42.73,-5.56,45.60,0.009,29.66,24.56,SERVOING_MANUALLY_CONTROLLED
115.43,0.5526,0.0506,0.6136,0.5411,0.5438,0.4496,0.4576,-164.66,6.59,-18.40,-102.52,42.73,-5.56,45.60,0.009,29.66,24.56,SERVOING_MANUALLY_CONTROLLED
115.55,0.5526,0.0506,0.6136,0.5411,0.5438,0.4496,0.4576,-164.66,6.59,-18.40,-102.52,42.73,-5.56,45.60,0.009,29.66,24.56,SERVOING_MANUALLY_CONTROLLED
115.68,0.5526,0.0506,0.6136,0.5411,0.5438,0.4496,0.4576,-164.66,6.59,-18.40,-102.52,42.73,-5.56,45.60,0.009,29.66,24.56,SERVOING_MANUALLY_CONTROLLED
115.80,0.5526,0.0506,0.6136,0.5411,0.5438,0.4496,0.4576,-164.66,6.59,-18.40,-102.52,42.73,-5.56,45.60,0.009,29.66,24.56,SERVOING_MANUALLY_CONTROLLED
115.93,0.5526,0.0506,0.6136,0.5411,0.5438,0.4496,0.4576,-164.66,6.59,-18.40,-102.52,42.73,-5.56,45.60,0.009,29.66,24.56,SERVOING_MANUALLY_CONTROLLED
116.03,0.5526,0.0506,0.6136,0.5411,0.5438,0.4496,0.4576,-164.66,6.59,-18.40,-102.52,42.73,-5.56,45.60,0.009,29.66,24.56,SERVOING_MANUALLY_CONTROLLED
116.15,0.5526,0.0506,0.6136,0.5411,0.5438,0.4496,0.4576,-164.66,6.59,-18.40,-102.52,42.73,-5.56,45.60,0.009,29.66,24.56,SERVOING_MANUALLY_CONTROLLED
116.28,0.5526,0.0506,0.6136,0.5411,0.5438,0.4496,0.4576,-164.66,6.59,-18.40,-102.52,42.73,-5.56,45.60,0.009,29.66,24.56,SERVOING_MANUALLY_CONTROLLED
116.40,0.5526,0.0506,0.6136,0.5411,0.5438,0.4496,0.4576,-164.66,6.59,-18.40,-102.52,42.73,-5.56,45.60,0.009,29.66,24.56,SERVOING_MANUALLY_CONTROLLED
116.53,0.5526,0.0506,0.6136,0.5411,0.5438,0.4496,0.4576,-164.66,6.59,-18.40,-102.52,42.73,-5.56,45.60,0.009,29.66,24.56,SERVOING_MANUALLY_CONTROLLED
116.63,0.5526,0.0506,0.6136,0.5411,0.5438,0.4496,0.4576,-164.66,6.59,-18.40,-102.52,42.73,-5.56,45.60,0.009,29.66,24.56,SERVOING_MANUALLY_CONTROLLED
116.75,0.5526,0.0506,0.6136,0.5411,0.5438,0.4496,0.4576,-164.66,6.59,-18.40,-102.52,42.73,-5.56,45.60,0.009,29.66,24.56,SERVOING_MANUALLY_CONTROLLED
116.88,0.5526,0.0506,0.6136,0.5411,0.5438,0.4496,0.4576,-164.66,6.59,-18.40,-102.52,42.73,-5.56,45.60,0.009,29.66,24.56,SERVOING_MANUALLY_CONTROLLED
117.00,0.5526,0.0506,0.6136,0.5411,0.5438,0.4496,0.4576,-164.66,6.59,-18.40,-102.52,42.73,-5.56,45.60,0.009,29.66,24.56,SERVOING_MANUALLY_CONTROLLED
117.13,0.5526,0.0506,0.6136,0.5411,0.5438,0.4496,0.4576,-164.66,6.59,-18.40,-102.52,42.73,-5.56,45.60,0.009,29.66,24.56,SERVOING_MANUALLY_CONTROLLED
117.25,0.5526,0.0506,0.6136,0.5411,0.5438,0.4496,0.4576,-164.66,6.59,-18.40,-102.52,42.73,-5.56,45.60,0.009,29.66,24.56,SERVOING_MANUALLY_CONTROLLED
117.35,0.5526,0.0506,0.6136,0.5411,0.5438,0.4496,0.4576,-164.66,6.59,-18.40,-102.52,42.73,-5.56,45.60,0.009,29.66,24.56,SERVOING_MANUALLY_CONTROLLED
117.48,0.5526,0.0506,0.6136,0.5411,0.5438,0.4496,0.4576,-164.66,6.59,-18.40,-102.52,42.73,-5.56,45.60,0.009,29.66,24.56,SERVOING_MANUALLY_CONTROLLED
117.60,0.5526,0.0506,0.6136,0.5411,0.5438,0.4496,0.4576,-164.66,6.59,-18.40,-102.52,42.73,-5.56,45.60,0.009,29.66,24.56,SERVOING_MANUALLY_CONTROLLED
117.73,0.5526,0.0506,0.6136,0.5411,0.5438,0.4496,0.4576,-164.66,6.59,-18.40,-102.52,42.73,-5.56,45.60,0.009,29.66,24.56,SERVOING_MANUALLY_CONTROLLED
117.85,0.5526,0.0506,0.6136,0.5411,0.5438,0.4496,0.4576,-164.66,6.59,-18.40,-102.52,42.73,-5.56,45.60,0.009,29.66,24.56,SERVOING_MANUALLY_CONTROLLED
117.98,0.5526,0.0506,0.6136,0.5411,0.5438,0.4496,0.4576,-164.66,6.59,-18.40,-102.52,42.73,-5.56,45.60,0.009,29.66,24.56,SERVOING_MANUALLY_CONTROLLED
118.08,0.5526,0.0506,0.6136,0.5411,0.5438,0.4496,0.4576,-164.66,6.59,-18.40,-102.52,42.73,-5.56,45.60,0.009,29.66,24.56,SERVOING_MANUALLY_CONTROLLED
118.20,0.5526,0.0506,0.6136,0.5411,0.5438,0.4496,0.4576,-164.66,6.59,-18.40,-102.52,42.73,-5.56,45.60,0.009,29.66,24.56,SERVOING_MANUALLY_CONTROLLED
118.33,0.5526,0.0506,0.6136,0.5411,0.5438,0.4496,0.4576,-164.66,6.59,-18.40,-102.52,42.73,-5.56,45.60,0.009,29.66,24.56,SERVOING_MANUALLY_CONTROLLED
118.45,0.5526,0.0506,0.6136,0.5411,0.5438,0.4496,0.4576,-164.66,6.59,-18.40,-102.52,42.73,-5.56,45.60,0.009,29.66,24.56,SERVOING_MANUALLY_CONTROLLED
118.58,0.5526,0.0506,0.6136,0.5411,0.5438,0.4496,0.4576,-164.66,6.59,-18.40,-102.52,42.73,-5.56,45.60,0.009,29.66,24.56,SERVOING_MANUALLY_CONTROLLED
118.70,0.5526,0.0506,0.6136,0.5411,0.5438,0.4496,0.4576,-164.66,6.59,-18.40,-102.52,42.73,-5.56,45.60,0.009,29.66,24.56,SERVOING_MANUALLY_CONTROLLED
118.81,0.5526,0.0506,0.6136,0.5411,0.5438,0.4496,0.4576,-164.66,6.59,-18.40,-102.52,42.73,-5.56,45.60,0.009,29.66,24.56,SERVOING_MANUALLY_CONTROLLED
118.93,0.5526,0.0506,0.6136,0.5411,0.5438,0.4496,0.4576,-164.66,6.59,-18.40,-102.52,42.73,-5.56,45.60,0.009,29.66,24.56,SERVOING_MANUALLY_CONTROLLED
119.05,0.5526,0.0506,0.6136,0.5411,0.5438,0.4496,0.4576,-164.66,6.59,-18.40,-102.52,42.73,-5.56,45.60,0.009,29.66,24.56,SERVOING_MANUALLY_CONTROLLED
119.18,0.5526,0.0506,0.6136,0.5411,0.5438,0.4496,0.4576,-164.66,6.59,-18.40,-102.52,42.73,-5.56,45.60,0.009,29.66,24.56,SERVOING_MANUALLY_CONTROLLED
119.30,0.5526,0.0506,0.6136,0.5411,0.5438,0.4496,0.4576,-164.66,6.59,-18.40,-102.52,42.73,-5.56,45.60,0.009,29.66,24.56,SERVOING_MANUALLY_CONTROLLED
119.43,0.5526,0.0506,0.6136,0.5411,0.5438,0.4496,0.4576,-164.66,6.59,-18.40,-102.52,42.73,-5.56,45.60,0.009,29.66,24.56,SERVOING_MANUALLY_CONTROLLED
119.53,0.5526,0.0506,0.6136,0.5411,0.5438,0.4496,0.4576,-164.66,6.59,-18.40,-102.52,42.73,-5.56,45.60,0.009,29.66,24.56,SERVOING_MANUALLY_CONTROLLED
119.65,0.5526,0.0506,0.6136,0.5411,0.5438,0.4496,0.4576,-164.66,6.59,-18.40,-102.52,42.73,-5.56,45.60,0.009,29.66,24.56,SERVOING_MANUALLY_CONTROLLED
119.78,0.5526,0.0506,0.6136,0.5411,0.5438,0.4496,0.4576,-164.66,6.59,-18.40,-102.52,42.73,-5.56,45.60,0.009,29.66,24.56,SERVOING_MANUALLY_CONTROLLED
119.90,0.5526,0.0506,0.6136,0.5411,0.5438,0.4496,0.4576,-164.66,6.59,-18.40,-102.52,42.73,-5.56,45.60,0.009,29.66,24.56,SERVOING_MANUALLY_CONTROLLED
120.03,0.5526,0.0506,0.6136,0.5411,0.5438,0.4496,0.4576,-164.66,6.59,-18.40,-102.52,42.73,-5.56,45.60,0.009,29.66,24.56,SERVOING_MANUALLY_CONTROLLED
120.13,0.5526,0.0506,0.6136,0.5411,0.5438,0.4496,0.4576,-164.66,6.59,-18.40,-102.52,42.73,-5.56,45.60,0.009,29.66,24.56,SERVOING_MANUALLY_CONTROLLED
120.25,0.5526,0.0506,0.6136,0.5411,0.5438,0.4496,0.4576,-164.66,6.59,-18.40,-102.52,42.73,-5.56,45.60,0.009,29.66,24.56,SERVOING_MANUALLY_CONTROLLED
120.38,0.5526,0.0506,0.6136,0.5411,0.5438,0.4496,0.4576,-164.66,6.59,-18.40,-102.52,42.73,-5.56,45.60,0.009,29.66,24.56,SERVOING_MANUALLY_CONTROLLED
120.50,0.5526,0.0506,0.6136,0.5411,0.5438,0.4496,0.4576,-164.66,6.59,-18.40,-102.52,42.73,-5.56,45.60,0.009,29.66,24.56,SERVOING_MANUALLY_CONTROLLED
120.63,0.5526,0.0506,0.6136,0.5411,0.5438,0.4496,0.4576,-164.66,6.59,-18.40,-102.52,42.73,-5.56,45.60,0.009,29.66,24.56,SERVOING_MANUALLY_CONTROLLED
120.75,0.5526,0.0506,0.6136,0.5411,0.5438,0.4496,0.4576,-164.66,6.59,-18.40,-102.52,42.73,-5.56,45.60,0.009,29.66,24.56,SERVOING_MANUALLY_CONTROLLED
120.86,0.5526,0.0506,0.6136,0.5411,0.5438,0.4496,0.4576,-164.66,6.59,-18.40,-102.52,42.73,-5.56,45.60,0.009,29.66,24.56,SERVOING_READY
120.98,0.5526,0.0506,0.6136,0.5411,0.5438,0.4496,0.4576,-164.66,6.59,-18.40,-102.52,42.73,-5.56,45.60,0.009,29.66,24.56,SERVOING_READY
121.10,0.5526,0.0506,0.6136,0.5411,0.5438,0.4496,0.4576,-164.66,6.59,-18.40,-102.52,42.73,-5.56,45.60,0.009,29.66,24.56,SERVOING_READY
121.23,0.5526,0.0506,0.6136,0.5411,0.5438,0.4496,0.4576,-164.66,6.59,-18.40,-102.52,42.73,-5.56,45.60,0.009,29.66,24.56,SERVOING_READY
121.35,0.5526,0.0506,0.6136,0.5411,0.5438,0.4496,0.4576,-164.66,6.59,-18.40,-102.52,42.73,-5.56,45.60,0.009,29.66,24.56,SERVOING_READY
121.48,0.5526,0.0506,0.6136,0.5411,0.5438,0.4496,0.4576,-164.66,6.59,-18.40,-102.52,42.73,-5.56,45.60,0.009,29.66,24.56,SERVOING_READY
121.58,0.5526,0.0506,0.6136,0.5411,0.5438,0.4496,0.4576,-164.66,6.59,-18.40,-102.52,42.73,-5.56,45.60,0.009,29.66,24.56,SERVOING_READY
121.70,0.5526,0.0506,0.6136,0.5411,0.5438,0.4496,0.4576,-164.66,6.59,-18.40,-102.52,42.73,-5.56,45.60,0.009,29.66,24.56,SERVOING_READY
121.83,0.5526,0.0506,0.6136,0.5411,0.5438,0.4496,0.4576,-164.66,6.59,-18.40,-102.52,42.73,-5.56,45.60,0.009,29.66,24.56,SERVOING_READY
121.95,0.5526,0.0506,0.6136,0.5411,0.5438,0.4496,0.4576,-164.66,6.59,-18.40,-102.52,42.73,-5.56,45.60,0.009,29.66,24.56,SERVOING_READY
122.08,0.5526,0.0506,0.6136,0.5411,0.5438,0.4496,0.4576,-164.66,6.59,-18.40,-102.52,42.73,-5.56,45.60,0.009,29.66,24.56,SERVOING_READY
122.20,0.5526,0.0506,0.6136,0.5411,0.5438,0.4496,0.4576,-164.66,6.59,-18.40,-102.52,42.73,-5.56,45.60,0.009,29.66,24.56,SERVOING_READY
122.31,0.5526,0.0506,0.6136,0.5411,0.5438,0.4496,0.4576,-164.66,6.59,-18.40,-102.52,42.73,-5.56,45.60,0.009,29.66,24.56,SERVOING_READY
122.43,0.5526,0.0506,0.6136,0.5411,0.5438,0.4496,0.4576,-164.66,6.59,-18.40,-102.52,42.73,-5.56,45.60,0.009,29.66,24.56,SERVOING_READY
122.55,0.5526,0.0506,0.6136,0.5411,0.5438,0.4496,0.4576,-164.66,6.59,-18.40,-102.52,42.73,-5.56,45.60,0.009,29.66,24.56,SERVOING_READY
122.68,0.5526,0.0506,0.6136,0.5411,0.5438,0.4496,0.4576,-164.66,6.59,-18.40,-102.52,42.73,-5.56,45.60,0.009,29.66,24.56,SERVOING_READY
122.80,0.5526,0.0506,0.6136,0.5411,0.5438,0.4496,0.4576,-164.66,6.59,-18.40,-102.52,42.73,-5.56,45.60,0.009,29.66,24.56,SERVOING_READY
122.93,0.5526,0.0506,0.6136,0.5411,0.5438,0.4496,0.4576,-164.66,6.59,-18.40,-102.52,42.73,-5.56,45.60,0.009,29.66,24.56,SERVOING_READY
123.03,0.5526,0.0506,0.6136,0.5411,0.5438,0.4496,0.4576,-164.66,6.59,-18.40,-102.52,42.73,-5.56,45.60,0.009,29.66,24.56,SERVOING_READY
123.15,0.5526,0.0506,0.6136,0.5411,0.5438,0.4496,0.4576,-164.66,6.59,-18.40,-102.52,42.73,-5.56,45.60,0.009,29.66,24.56,SERVOING_READY
123.28,0.5526,0.0506,0.6136,0.5411,0.5438,0.4496,0.4576,-164.66,6.59,-18.40,-102.52,42.73,-5.56,45.60,0.009,29.66,24.56,SERVOING_READY
123.40,0.5526,0.0506,0.6136,0.5411,0.5438,0.4496,0.4576,-164.66,6.59,-18.40,-102.52,42.73,-5.56,45.60,0.009,29.66,24.56,SERVOING_READY
123.53,0.5526,0.0506,0.6136,0.5411,0.5438,0.4496,0.4576,-164.66,6.59,-18.40,-102.52,42.73,-5.56,45.60,0.009,29.66,24.56,SERVOING_READY
123.63,0.5526,0.0506,0.6136,0.5411,0.5438,0.4496,0.4576,-164.66,6.59,-18.40,-102.52,42.73,-5.56,45.60,0.009,29.66,24.56,SERVOING_READY
123.75,0.5526,0.0506,0.6136,0.5411,0.5438,0.4496,0.4576,-164.66,6.59,-18.40,-102.52,42.73,-5.56,45.60,0.009,29.66,24.56,SERVOING_READY
123.88,0.5526,0.0506,0.6136,0.5411,0.5438,0.4496,0.4576,-164.66,6.59,-18.40,-102.52,42.73,-5.56,45.60,0.009,29.66,24.56,SERVOING_READY
124.00,0.5526,0.0506,0.6136,0.5411,0.5438,0.4496,0.4576,-164.66,6.59,-18.40,-102.52,42.73,-5.56,45.60,0.009,29.66,24.56,SERVOING_READY
124.13,0.5526,0.0506,0.6136,0.5411,0.5438,0.4496,0.4576,-164.66,6.59,-18.40,-102.52,42.73,-5.56,45.60,0.009,29.66,24.56,SERVOING_READY
124.25,0.5526,0.0506,0.6136,0.5411,0.5438,0.4496,0.4576,-164.66,6.59,-18.40,-102.52,42.73,-5.56,45.60,0.009,29.66,24.56,SERVOING_READY
124.36,0.5526,0.0506,0.6136,0.5411,0.5438,0.4496,0.4576,-164.66,6.59,-18.40,-102.52,42.73,-5.56,45.60,0.009,29.66,24.56,SERVOING_READY
124.48,0.5526,0.0506,0.6136,0.5411,0.5438,0.4496,0.4576,-164.66,6.59,-18.40,-102.52,42.73,-5.56,45.60,0.009,29.66,24.56,SERVOING_READY
124.60,0.5526,0.0506,0.6136,0.5411,0.5438,0.4496,0.4576,-164.66,6.59,-18.40,-102.52,42.73,-5.56,45.60,0.009,29.66,24.56,SERVOING_READY
124.73,0.5526,0.0506,0.6136,0.5411,0.5438,0.4496,0.4576,-164.66,6.59,-18.40,-102.52,42.73,-5.56,45.60,0.009,29.66,24.56,SERVOING_READY
124.85,0.5526,0.0506,0.6136,0.5411,0.5438,0.4496,0.4576,-164.66,6.59,-18.40,-102.52,42.73,-5.56,45.60,0.009,29.66,24.56,SERVOING_READY
124.98,0.5526,0.0506,0.6136,0.5411,0.5438,0.4496,0.4576,-164.66,6.59,-18.40,-102.52,42.73,-5.56,45.60,0.009,29.66,24.56,SERVOING_READY
125.08,0.5526,0.0506,0.6136,0.5411,0.5438,0.4496,0.4576,-164.66,6.59,-18.40,-102.52,42.73,-5.56,45.60,0.009,29.66,24.56,SERVOING_READY
125.20,0.5526,0.0506,0.6136,0.5411,0.5438,0.4496,0.4576,-164.66,6.59,-18.40,-102.52,42.73,-5.56,45.60,0.009,29.66,24.56,SERVOING_READY
125.33,0.5526,0.0506,0.6136,0.5411,0.5438,0.4496,0.4576,-164.66,6.59,-18.40,-102.52,42.73,-5.56,45.60,0.009,29.66,24.56,SERVOING_READY
125.45,0.5526,0.0506,0.6136,0.5411,0.5438,0.4496,0.4576,-164.66,6.59,-18.40,-102.52,42.73,-5.56,45.60,0.009,29.66,24.56,SERVOING_READY
125.58,0.5526,0.0506,0.6136,0.5411,0.5438,0.4496,0.4576,-164.66,6.59,-18.40,-102.52,42.73,-5.56,45.60,0.009,29.66,24.56,SERVOING_READY
125.70,0.5526,0.0506,0.6136,0.5411,0.5438,0.4496,0.4576,-164.66,6.59,-18.40,-102.52,42.73,-5.56,45.60,0.009,29.66,24.56,SERVOING_READY
125.81,0.5526,0.0506,0.6136,0.5411,0.5438,0.4496,0.4576,-164.66,6.59,-18.40,-102.52,42.73,-5.56,45.60,0.009,29.66,24.56,SERVOING_READY
125.93,0.5526,0.0506,0.6136,0.5411,0.5438,0.4496,0.4576,-164.66,6.59,-18.40,-102.52,42.73,-5.56,45.60,0.009,29.66,24.56,SERVOING_READY
126.05,0.5526,0.0506,0.6136,0.5411,0.5438,0.4496,0.4576,-164.66,6.59,-18.40,-102.52,42.73,-5.56,45.60,0.009,29.66,24.56,SERVOING_READY
126.18,0.5526,0.0506,0.6136,0.5411,0.5438,0.4496,0.4576,-164.66,6.59,-18.40,-102.52,42.73,-5.56,45.60,0.009,29.66,24.56,SERVOING_READY
126.30,0.5526,0.0506,0.6136,0.5411,0.5438,0.4496,0.4576,-164.66,6.59,-18.40,-102.52,42.73,-5.56,45.60,0.009,29.66,24.56,SERVOING_READY
126.43,0.5526,0.0506,0.6136,0.5411,0.5438,0.4496,0.4576,-164.66,6.59,-18.40,-102.52,42.73,-5.56,45.60,0.009,29.66,24.56,SERVOING_READY
126.53,0.5526,0.0506,0.6136,0.5411,0.5438,0.4496,0.4576,-164.66,6.59,-18.40,-102.52,42.73,-5.56,45.60,0.009,29.66,24.56,SERVOING_READY
126.65,0.5526,0.0506,0.6136,0.5411,0.5438,0.4496,0.4576,-164.66,6.59,-18.40,-102.52,42.73,-5.56,45.60,0.009,29.66,24.56,SERVOING_READY
126.78,0.5526,0.0506,0.6136,0.5411,0.5438,0.4496,0.4576,-164.66,6.59,-18.40,-102.52,42.73,-5.56,45.60,0.009,29.66,24.56,SERVOING_READY
126.90,0.5526,0.0506,0.6136,0.5411,0.5438,0.4496,0.4576,-164.66,6.59,-18.40,-102.52,42.73,-5.56,45.60,0.009,29.66,24.56,SERVOING_READY
127.03,0.5526,0.0506,0.6136,0.5411,0.5438,0.4496,0.4576,-164.66,6.59,-18.40,-102.52,42.73,-5.56,45.60,0.009,29.66,24.56,SERVOING_READY
127.13,0.5526,0.0506,0.6136,0.5411,0.5438,0.4496,0.4576,-164.66,6.59,-18.40,-102.52,42.73,-5.56,45.60,0.009,29.66,24.56,SERVOING_READY
127.25,0.5526,0.0506,0.6136,0.5411,0.5438,0.4496,0.4576,-164.66,6.59,-18.40,-102.52,42.73,-5.56,45.60,0.009,29.66,24.56,SERVOING_READY
127.38,0.5526,0.0506,0.6136,0.5411,0.5438,0.4496,0.4576,-164.66,6.59,-18.40,-102.52,42.73,-5.56,45.60,0.009,29.66,24.56,SERVOING_READY
127.50,0.5526,0.0506,0.6136,0.5411,0.5438,0.4496,0.4576,-164.66,6.59,-18.40,-102.52,42.73,-5.56,45.60,0.009,29.66,24.56,SERVOING_READY
127.63,0.5526,0.0506,0.6136,0.5411,0.5438,0.4496,0.4576,-164.66,6.59,-18.40,-102.52,42.73,-5.56,45.60,0.009,29.66,24.56,SERVOING_READY
127.75,0.5526,0.0506,0.6136,0.5411,0.5438,0.4496,0.4576,-164.66,6.59,-18.40,-102.52,42.73,-5.56,45.60,0.009,29.66,24.56,SERVOING_READY
127.86,0.5526,0.0506,0.6136,0.5411,0.5438,0.4496,0.4576,-164.66,6.59,-18.40,-102.52,42.73,-5.56,45.60,0.009,29.66,24.56,SERVOING_READY
127.98,0.5526,0.0506,0.6136,0.5411,0.5438,0.4496,0.4576,-164.66,6.59,-18.40,-102.52,42.73,-5.56,45.60,0.009,29.66,24.56,SERVOING_READY
128.10,0.5526,0.0506,0.6136,0.5411,0.5438,0.4496,0.4576,-164.66,6.59,-18.40,-102.52,42.73,-5.56,45.60,0.009,29.66,24.56,SERVOING_READY
128.23,0.5526,0.0506,0.6136,0.5411,0.5438,0.4496,0.4576,-164.66,6.59,-18.40,-102.52,42.73,-5.56,45.60,0.009,29.66,24.56,SERVOING_READY
128.35,0.5526,0.0506,0.6136,0.5411,0.5438,0.4496,0.4576,-164.66,6.59,-18.40,-102.52,42.73,-5.56,45.60,0.009,29.66,24.56,SERVOING_READY
128.48,0.5526,0.0506,0.6136,0.5411,0.5438,0.4496,0.4576,-164.66,6.59,-18.40,-102.52,42.73,-5.56,45.60,0.009,29.66,24.56,SERVOING_READY
128.58,0.5526,0.0506,0.6136,0.5411,0.5438,0.4496,0.4576,-164.66,6.59,-18.40,-102.52,42.73,-5.56,45.60,0.009,29.66,24.56,SERVOING_READY
128.70,0.5526,0.0506,0.6136,0.5411,0.5438,0.4496,0.4576,-164.66,6.59,-18.40,-102.52,42.73,-5.56,45.60,0.009,29.66,24.56,SERVOING_READY
128.83,0.5526,0.0506,0.6136,0.5411,0.5438,0.4496,0.4576,-164.66,6.59,-18.40,-102.52,42.73,-5.56,45.60,0.009,29.66,24.56,SERVOING_READY
128.95,0.5526,0.0506,0.6136,0.5411,0.5438,0.4496,0.4576,-164.66,6.59,-18.40,-102.52,42.73,-5.56,45.60,0.009,29.66,24.56,SERVOING_READY
129.08,0.5526,0.0506,0.6136,0.5411,0.5438,0.4496,0.4576,-164.66,6.59,-18.40,-102.52,42.73,-5.56,45.60,0.009,29.66,24.56,SERVOING_READY
129.20,0.5526,0.0506,0.6136,0.5411,0.5438,0.4496,0.4576,-164.66,6.59,-18.40,-102.52,42.73,-5.56,45.60,0.009,29.66,24.56,SERVOING_READY
129.31,0.5526,0.0506,0.6136,0.5411,0.5438,0.4496,0.4576,-164.66,6.59,-18.40,-102.52,42.73,-5.56,45.60,0.009,29.66,24.56,SERVOING_READY
129.43,0.5526,0.0506,0.6136,0.5411,0.5438,0.4496,0.4576,-164.66,6.59,-18.40,-102.52,42.73,-5.56,45.60,0.009,29.66,24.56,SERVOING_READY
129.55,0.5526,0.0506,0.6136,0.5411,0.5438,0.4496,0.4576,-164.66,6.59,-18.40,-102.52,42.73,-5.56,45.60,0.009,29.66,24.56,SERVOING_READY
129.68,0.5526,0.0506,0.6136,0.5411,0.5438,0.4496,0.4576,-164.66,6.59,-18.40,-102.52,42.73,-5.56,45.60,0.009,29.66,24.56,SERVOING_READY
129.80,0.5526,0.0506,0.6136,0.5411,0.5438,0.4496,0.4576,-164.66,6.59,-18.40,-102.52,42.73,-5.56,45.60,0.009,29.66,24.56,SERVOING_READY
129.93,0.5526,0.0506,0.6136,0.5411,0.5438,0.4496,0.4576,-164.66,6.59,-18.40,-102.52,42.73,-5.56,45.60,0.009,29.66,24.56,SERVOING_READY
130.03,0.5526,0.0506,0.6136,0.5411,0.5438,0.4496,0.4576,-164.66,6.59,-18.40,-102.52,42.73,-5.56,45.60,0.009,29.66,24.56,SERVOING_READY
130.15,0.5526,0.0506,0.6136,0.5411,0.5438,0.4496,0.4576,-164.66,6.59,-18.40,-102.52,42.73,-5.56,45.60,0.009,29.66,24.56,SERVOING_READY
130.28,0.5526,0.0506,0.6136,0.5411,0.5438,0.4496,0.4576,-164.66,6.59,-18.40,-102.52,42.73,-5.56,45.60,0.009,29.66,24.56,SERVOING_READY
130.40,0.5526,0.0506,0.6136,0.5411,0.5438,0.4496,0.4576,-164.66,6.59,-18.40,-102.52,42.73,-5.56,45.60,0.009,29.66,24.56,SERVOING_READY
130.53,0.5526,0.0506,0.6136,0.5411,0.5438,0.4496,0.4576,-164.66,6.59,-18.40,-102.52,42.73,-5.56,45.60,0.009,29.66,24.56,SERVOING_READY
130.63,0.5526,0.0506,0.6136,0.5411,0.5438,0.4496,0.4576,-164.66,6.59,-18.40,-102.52,42.73,-5.56,45.60,0.009,29.66,24.56,SERVOING_READY
130.75,0.5526,0.0506,0.6136,0.5411,0.5438,0.4496,0.4576,-164.66,6.59,-18.40,-102.52,42.73,-5.56,45.60,0.009,29.66,24.56,SERVOING_READY
130.88,0.5526,0.0506,0.6136,0.5411,0.5438,0.4496,0.4576,-164.66,6.59,-18.40,-102.52,42.73,-5.56,45.60,0.009,29.66,24.56,SERVOING_READY
